site_id,country,site_name,nlp_preparedness_score,n_sentences,n_prohibitions,n_requirements,n_discretionary,legal_strength,specificity_score,technology_score,reporting_score,text_quality
AIAUS1,Australia,Australia National Waters,8.7,4,0,0,1,2.2,1.5,0,0,5
AIAUS100,Australia,Barwon Bluff Marine Sanctuary,44.7,9,3,0,0,13.2,8.5,0,0,8
AIAUS1000,Australia,Kimberley Australian Marine Park - National Park Zone - North-west,57.5,12,7,0,2,22.0,7.5,0,0,10
AIAUS1000_P,Australia,Kimberley Australian Marine Park,6.2,2,0,0,0,1.8,1.5,0,0,3
AIAUS1001,Australia,Kimberley Australian Marine Park - Multiple Use Zone - North-west,42.2,13,2,0,6,8.8,11.5,0,0,10
AIAUS1002,Australia,Kimberley Australian Marine Park - Habitat Protection Zone - North-west,51.5,14,4,0,4,13.0,11.5,0,0,10
AIAUS1003,Australia,King George Island Conservation Covenant,8.7,4,0,0,1,2.2,1.5,0,0,5
AIAUS1004,Australia,King Island Conservation Park,40.6,12,3,0,0,10.1,3.5,0,0,10
AIAUS1006,Australia,Kinkuna Fish Habitat Area (A),36.3,11,3,0,0,10.8,2.5,0,0,8
AIAUS1007,Australia,Kippa-Ring Fish Habitat Area (A),36.3,11,3,0,0,10.8,2.5,0,0,8
AIAUS1008,Australia,Koks Island Nature Reserve,61.7,24,20,0,1,28.7,7.0,0,0,8
AIAUS1009,Australia,Kolan River Fish Habitat Area (B),36.3,11,3,0,0,10.8,2.5,0,0,8
AIAUS101,Australia,Bass Pyramid Nature Reserve,60.4,11,8,1,0,27.4,5.0,0,0,8
AIAUS1010,Australia,Mouth of Kolan River Conservation Park,54.3,26,14,1,1,19.8,4.5,0,0,10
AIAUS1011,Australia,Kooljerrenup Nature Reserve,61.7,24,20,0,1,28.7,7.0,0,0,8
AIAUS1012,Australia,Ku-ring-gai Chase National Park,63.1,33,24,1,2,25.6,9.5,0,0,8
AIAUS1013,Australia,Kurrimine Beach National Park,8.2,5,0,0,0,1.8,1.5,0,0,5
AIAUS1014,Australia,Kutini-Payamu (Iron Range) (Cape York Peninsula Aboriginal Land) National Park Aboriginal,8.5,6,0,0,1,2.0,1.5,0,0,5
AIAUS1016,Australia,Lacepede Islands Nature Reserve,61.7,24,20,0,1,28.7,7.0,0,0,8
AIAUS1017,Australia,Lachlan Island Nature Reserve,60.4,11,8,1,0,27.4,5.0,0,0,8
AIAUS1018,Australia,Lackrana Conservation Area,60.4,11,8,1,0,27.4,5.0,0,0,8
AIAUS1019,Australia,Lady Julia Percy Island Wildlife Reserve,65.4,30,27,0,2,29.9,7.5,0,0,8
AIAUS102,Australia,Bassett Basin Fish Habitat Area (B),36.3,11,3,0,0,10.8,2.5,0,0,8
AIAUS1020,Australia,Lagoons Beach Conservation Area,60.4,11,8,1,0,27.4,5.0,0,0,8
AIAUS1021,Australia,Lake Connewarre Wildlife Reserve,65.4,30,27,0,2,29.9,7.5,0,0,8
AIAUS1023,Australia,Lake Corringle Wildlife Reserve,65.4,30,27,0,2,29.9,7.5,0,0,8
AIAUS1024,Australia,Unnamed WA26885 Nature Reserve,61.7,24,20,0,1,28.7,7.0,0,0,8
AIAUS1026,Australia,Lake Innes Nature Reserve,64.1,25,22,0,1,29.1,7.0,0,0,8
AIAUS1027,Australia,Lake Macquarie State Conservation Area,64.4,21,18,0,2,29.4,7.0,0,0,8
AIAUS1028,Australia,Lake Newland Conservation Park,54.5,11,8,0,1,25.5,3.0,0,0,8
AIAUS1029,Australia,Lake Shaster Nature Reserve,61.7,24,20,0,1,28.7,7.0,0,0,8
AIAUS1030,Australia,Lake Tyers State Park,65.8,32,29,0,1,30.3,7.5,0,0,8
AIAUS1032,Australia,Lalang-garram / Camden Sound Marine Park - Western Shoals General Use Zone,40.6,24,3,0,0,6.1,11.5,0,0,8
AIAUS1032_P,Australia,Lalang-garram / Camden Sound Marine Park,6.2,2,0,0,0,1.8,1.5,0,0,3
AIAUS1033,Australia,Lalang-garram / Camden Sound Marine Park - Camden Sound Special Purpose Zone (whale conservation),32.9,22,1,0,0,3.4,11.5,0,0,8
AIAUS1034,Australia,Lalang-garram / Camden Sound Marine Park - Champagny Sanctuary Zone,33.2,19,1,0,0,3.7,11.5,0,0,8
AIAUS1035,Australia,Lalang-garram / Camden Sound Marine Park - Hall Point General Use Zone,40.6,24,3,0,0,6.1,11.5,0,0,8
AIAUS1036,Australia,Lalang-garram / Camden Sound Marine Park - Jungulu Special Purpose Zone (Wilderness Conservation),33.0,21,1,0,0,3.5,11.5,0,0,8
AIAUS1037,Australia,Lalang-garram / Camden Sound Marine Park - Kuri Bay Special Purpose Zone (Pearling),40.6,24,3,0,0,6.1,11.5,0,0,8
AIAUS1038,Australia,Lalang-garram / Camden Sound Marine Park - Montgomery Reef General Use Zone,40.6,24,3,0,0,6.1,11.5,0,0,8
AIAUS1039,Australia,Lalang-garram / Camden Sound Marine Park - Montgomery Reef Sanctuary Zone,33.2,19,1,0,0,3.7,11.5,0,0,8
AIAUS104,Australia,Batemans Marine Park - Bogola Sanctuary Zone,15.5,5,0,0,1,3.5,7.0,0,0,5
AIAUS1040,Australia,Lalang-garram / Camden Sound Marine Park - St George Basin General Use Zone,40.6,24,3,0,0,6.1,11.5,0,0,8
AIAUS1042,Australia,Lalang-garram / Horizontal Falls Marine Park - Traverse Island Special Purpose Zone (Recreation and Conservation),33.4,17,1,0,0,3.9,11.5,0,0,8
AIAUS1043,Australia,Lalang-garram / Horizontal Falls Marine Park - Deewai Sanctuary Zone,31.5,16,1,0,0,4.0,9.5,0,0,8
AIAUS1044,Australia,Lalang-garram / Horizontal Falls Marine Park - Dirindja Sanctuary Zone,31.5,16,1,0,0,4.0,9.5,0,0,8
AIAUS1045,Australia,Lalang-garram / Horizontal Falls Marine Park - Ganbadba Sanctuary Zone,31.5,16,1,0,0,4.0,9.5,0,0,8
AIAUS1046,Australia,Lalang-garram / Horizontal Falls Marine Park - Ganjaal Sanctuary Zone,31.5,16,1,0,0,4.0,9.5,0,0,8
AIAUS1047,Australia,Lalang-garram / Horizontal Falls Marine Park - Garaanngaddim Sanctuary Zone,31.5,16,1,0,0,4.0,9.5,0,0,8
AIAUS1048,Australia,Lalang-garram / Horizontal Falls Marine Park - Iledda Sanctuary Zone,31.5,16,1,0,0,4.0,9.5,0,0,8
AIAUS1049,Australia,Lalang-garram / Horizontal Falls Marine Park - Jaanya Special Purpose Zone (Recreation and Conservation),33.4,17,1,0,0,3.9,11.5,0,0,8
AIAUS105,Australia,Batemans Marine Park - Brou Sanctuary Zone,21.5,5,0,1,1,9.5,4.0,0,0,8
AIAUS1050,Australia,Lalang-garram / Horizontal Falls Marine Park - Mooloogoob Sanctuary Zone,31.5,16,1,0,0,4.0,9.5,0,0,8
AIAUS1051,Australia,Lalang-garram / Horizontal Falls Marine Park - Mooloogoob Special Purpose Zone (Recreation and Conservation),33.4,17,1,0,0,3.9,11.5,0,0,8
AIAUS1052,Australia,Lalang-garram / Horizontal Falls Marine Park - Ngumbree Sanctuary Zone,31.5,16,1,0,0,4.0,9.5,0,0,8
AIAUS1053,Australia,Lama Lama (Cape York Peninsula Aboriginal Land) National Park Aboriginal,28.2,7,1,0,1,6.7,1.5,0,0,10
AIAUS1054,Australia,Lancelin And Edwards Islands Nature Reserve,61.7,24,20,0,1,28.7,7.0,0,0,8
AIAUS1055,Australia,Lancelin Island Lagoon Fish Habitat Protection Area,55.4,8,5,0,0,23.4,6.0,0,0,8
AIAUS1056,Australia,Lane Cove National Park,60.8,27,20,0,3,24.8,8.0,0,0,8
AIAUS1057,Australia,Lashmar Conservation Park,54.5,11,8,0,1,25.5,3.0,0,0,8
AIAUS1058,Australia,Laura Bay Conservation Park,54.5,11,8,0,1,25.5,3.0,0,0,8
AIAUS106,Australia,Batemans Marine Park - Bullengella Lake Sanctuary Zone,15.5,5,0,0,1,3.5,7.0,0,0,5
AIAUS1063,Australia,Lawley River National Park,61.7,23,19,0,1,28.7,7.0,0,0,8
AIAUS1064,Australia,Lawrence Rocks Wildlife Reserve,65.4,30,27,0,2,29.9,7.5,0,0,8
AIAUS1066,Australia,Lees Point Conservation Area,60.4,11,8,1,0,27.4,5.0,0,0,8
AIAUS1067,Australia,Leeuwin-Naturaliste National Park,61.7,23,19,0,1,28.7,7.0,0,0,8
AIAUS1068,Australia,Len Howard Conservation Park,61.8,23,19,0,2,28.8,7.0,0,0,8
AIAUS1069,Australia,Leschenault Peninsula Conservation Park,61.8,23,19,0,2,28.8,7.0,0,0,8
AIAUS107,Australia,Batemans Marine Park - Lake Tarourga Sanctuary Zone,15.5,5,0,0,1,3.5,7.0,0,0,5
AIAUS1070,Australia,Lesueur Conservation Park,54.5,11,8,0,1,25.5,3.0,0,0,8
AIAUS1071,Australia,Lesueur Island Nature Reserve,61.7,24,20,0,1,28.7,7.0,0,0,8
AIAUS1072,Australia,Leven Beach Conservation Park,54.5,11,8,0,1,25.5,3.0,0,0,8
AIAUS1075,Australia,Lillico Beach Conservation Area,60.4,11,8,1,0,27.4,5.0,0,0,8
AIAUS1077,Australia,Limeburners Creek National Park,61.3,24,19,0,4,26.3,7.0,0,0,8
AIAUS108,Australia,Batemans Marine Park - Mullimburra Sanctuary Zone,15.5,5,0,0,1,3.5,7.0,0,0,5
AIAUS1082,Australia,Limmen Australian Marine Park - Habitat Protection Zone - North,48.7,12,3,0,5,11.7,10.0,0,0,10
AIAUS1083,Australia,Limmen Bight Marine Park,8.9,5,0,0,0,2.4,1.5,0,0,5
AIAUS1084,Australia,Lincoln National Park,55.0,13,9,0,2,24.5,4.5,0,0,8
AIAUS1085,Australia,Lindeman Islands National Park,8.5,6,0,0,1,2.0,1.5,0,0,5
AIAUS1086,Australia,Lion Island Nature Reserve,64.1,25,22,0,1,29.1,7.0,0,0,8
AIAUS1087,Australia,"Lipfert, Milligan, Etc Islands Nature Reserve ",61.7,24,20,0,1,28.7,7.0,0,0,8
AIAUS1088,Australia,Lipson Island Conservation Park,54.5,11,8,0,1,25.5,3.0,0,0,8
AIAUS1089,Australia,Little Beach Conservation Area,60.4,11,8,1,0,27.4,5.0,0,0,8
AIAUS109,Australia,Batemans Marine Park - Nangudga Lake Sanctuary Zone,33.1,4,1,0,0,10.1,5.0,0,0,8
AIAUS1090,Australia,Little Broughton Island Nature Reserve,63.1,26,22,0,1,28.1,7.0,0,0,8
AIAUS1092,Australia,Little Christmas Island Nature Reserve,60.4,11,8,1,0,27.4,5.0,0,0,8
AIAUS1093,Australia,Little Dip Conservation Park,54.5,11,8,0,1,25.5,3.0,0,0,8
AIAUS1094,Australia,Little Dog Island Game Reserve,60.4,11,8,1,0,27.4,5.0,0,0,8
AIAUS1095,Australia,Little Green Island Conservation Area,60.4,11,8,1,0,27.4,5.0,0,0,8
AIAUS1097,Australia,Little Peggs Beach State Reserve,60.4,11,8,1,0,27.4,5.0,0,0,8
AIAUS1099,Australia,Little Rocky Island Nature Reserve,61.7,24,20,0,1,28.7,7.0,0,0,8
AIAUS11,Australia,Macquarie Island National Waters,8.7,4,0,0,1,2.2,1.5,0,0,5
AIAUS110,Australia,Batemans Marine Park - North Head Sanctuary Zone,15.5,5,0,0,1,3.5,7.0,0,0,5
AIAUS1100,Australia,Little Swan Island Nature Reserve,60.4,11,8,1,0,27.4,5.0,0,0,8
AIAUS1104,Australia,Lizard Island National Park,8.2,9,0,0,0,1.8,1.5,0,0,5
AIAUS1105,Australia,Llewellyn Bay Dugong Protection Area (B),43.0,10,1,4,1,16.4,8.5,0,0,8
AIAUS1106,Australia,Locker Island Nature Reserve,61.7,24,20,0,1,28.7,7.0,0,0,8
AIAUS1107,Australia,Logan Lagoon Conservation Area,58.2,12,8,1,0,25.2,5.0,0,0,8
AIAUS1109,Australia,Long Bay Conservation Area,60.4,11,8,1,0,27.4,5.0,0,0,8
AIAUS1110,Australia,Long Island Nature Reserve,64.1,25,22,0,1,29.1,7.0,0,0,8
AIAUS1111,Australia,Long Island Conservation Area,60.4,11,8,1,0,27.4,5.0,0,0,8
AIAUS1112,Australia,Long Island Bend Conservation Park,54.3,26,14,1,1,19.8,4.5,0,0,10
AIAUS1113,Australia,Long Point Reserve Conservation Covenant,8.7,4,0,0,1,2.2,1.5,0,0,5
AIAUS1115,Australia,Long Reach Private Sanctuary,58.2,12,8,1,0,25.2,5.0,0,0,8
AIAUS1116,Australia,Long Reef Aquatic Reserve   - Long Reef Aquatic Reserve,26.5,6,1,0,1,7.0,1.5,0,0,8
AIAUS1118,Australia,Lord Howe Australian Marine Park - National Park Zone - Temperate East,54.8,12,6,0,2,19.2,7.5,0,0,10
AIAUS112,Australia,Batemans Marine Park - Bingie Habitat Protection Zone,37.0,5,2,0,0,15.0,4.0,0,0,8
AIAUS1120,Australia,Lord Howe Australian Marine Park - Habitat Protection Zone - Temperate East,51.4,14,4,0,3,12.9,11.5,0,0,10
AIAUS1121,Australia,Lord Howe Australian Marine Park - Recreational Use Zone - Temperate East,45.5,11,4,0,3,15.0,7.5,0,0,8
AIAUS1122,Australia,Lord Howe Habitat Protection Zone (Lord Howe) - Habitat Protection Zone (Lord Howe)   -  ,58.0,15,6,0,2,16.4,11.5,0,0,10
AIAUS1123,Australia,Lord Howe Australian Marine Park - Multiple Use Zone - Temperate East,41.8,14,2,0,6,8.2,11.5,0,0,10
AIAUS1124,Australia,Lord Howe Island Permanent Park Preserve,25.6,12,1,0,1,4.1,3.5,0,0,8
AIAUS1126,Australia,Lord Howe Island Marine Park - Erscotts Hole Special Purpose Zone,57.2,13,5,2,2,19.7,9.5,0,0,8
AIAUS1126_P,Australia,Lord Howe Island Marine Park,6.8,3,0,0,0,1.8,0.0,0,0,5
AIAUS1127,Australia,Lord Howe Island Marine Park - Neds Beach Special Purpose Zone,57.2,13,5,2,2,19.7,9.5,0,0,8
AIAUS1128,Australia,Lord Howe Island Marine Park - North Bay Wreck Special Purpose Zone,57.2,13,5,2,2,19.7,9.5,0,0,8
AIAUS113,Australia,Batemans Marine Park - Brou Beach Habitat Protection Zone,37.0,5,2,0,0,15.0,4.0,0,0,8
AIAUS1130,Australia,Lord Howe Island Marine Park - Observatory Rock Sanctuary Zone,47.9,9,4,1,1,20.4,4.5,0,0,8
AIAUS1131,Australia,Lord Howe Island Marine Park - Admiralty Islands and Neds Beach Sanctuary Zone,46.2,10,4,1,2,18.7,4.5,0,0,8
AIAUS1132,Australia,Lord Howe Island Marine Park - Balls Pyramid Sanctuary Zone,47.9,9,4,1,1,20.4,4.5,0,0,8
AIAUS1133,Australia,Lord Howe Island Marine Park - East Coast and Shelf Sanctuary Zone,46.2,10,4,1,2,18.7,4.5,0,0,8
AIAUS1134,Australia,Lord Howe Island Marine Park - Lord Howe Island Lagoon Sanctuary Zone,47.9,9,4,1,1,20.4,4.5,0,0,8
AIAUS1135,Australia,Lord Howe Island Marine Park - North Bay Sanctuary Zone,46.2,10,4,1,2,18.7,4.5,0,0,8
AIAUS1136,Australia,Lord Howe Island Marine Park - Sylphs Hole Sanctuary Zone,47.9,9,4,1,1,20.4,4.5,0,0,8
AIAUS1137,Australia,Lord Howe Island Marine Park - Habitat Protection Zone,55.2,16,5,2,2,16.7,10.5,0,0,8
AIAUS1139,Australia,Low Head Historic Site,58.2,12,8,1,0,25.2,5.0,0,0,8
AIAUS114,Australia,Batemans Marine Park - Bullengella Beach-Loader Beach Habitat Protection Zone,37.0,5,2,0,0,15.0,4.0,0,0,8
AIAUS1140,Australia,Low Head Conservation Area,60.4,11,8,1,0,27.4,5.0,0,0,8
AIAUS1143,Australia,Low Rocks Nature Reserve,61.7,24,20,0,1,28.7,7.0,0,0,8
AIAUS1144,Australia,Lowendal Islands Nature Reserve,61.7,24,20,0,1,28.7,7.0,0,0,8
AIAUS1146,Australia,Lower South East Marine Park - Habitat Protection Zone 1,34.1,20,1,0,0,3.6,10.5,0,0,10
AIAUS1146_P,Australia,Lower South East Marine Park,6.2,2,0,0,0,1.8,1.5,0,0,3
AIAUS1147,Australia,Lower South East Marine Park - Habitat Protection Zone 2,34.1,20,1,0,0,3.6,10.5,0,0,10
AIAUS1148,Australia,Lower South East Marine Park - Habitat Protection Zone 3,34.1,20,1,0,0,3.6,10.5,0,0,10
AIAUS115,Australia,Batemans Marine Park - Congo South Beach Habitat Protection Zone,37.0,5,2,0,0,15.0,4.0,0,0,8
AIAUS1150,Australia,Lower South East Marine Park - Sanctuary Zone 1,51.9,11,4,0,0,15.4,9.5,0,0,10
AIAUS1151,Australia,Lower South East Marine Park - Sanctuary Zone 2,51.9,11,4,0,0,15.4,9.5,0,0,10
AIAUS1153,Australia,Lower South East Marine Park - General Managed Use Zone 1,34.1,20,1,0,0,3.6,10.5,0,0,10
AIAUS1154,Australia,Lower South East Marine Park - General Managed Use Zone 2,34.1,20,1,0,0,3.6,10.5,0,0,10
AIAUS1156,Australia,Troubridge Hill Aquatic Reserve ,12.5,5,0,0,1,3.5,4.0,0,0,5
AIAUS1157,Australia,Lower Yorke Peninsula Marine Park - Sanctuary Zone 1,51.9,11,4,0,0,15.4,9.5,0,0,10
AIAUS1157_P,Australia,Lower Yorke Peninsula Marine Park,6.2,2,0,0,0,1.8,1.5,0,0,3
AIAUS1158,Australia,Lower Yorke Peninsula Marine Park - Sanctuary Zone 2,51.9,11,4,0,0,15.4,9.5,0,0,10
AIAUS1159,Australia,Lower Yorke Peninsula Marine Park - Habitat Protection Zone 1,34.1,20,1,0,0,3.6,10.5,0,0,10
AIAUS116,Australia,Batemans Marine Park - Meringo-Mullimburra Point Habitat Protection Zone,44.1,17,3,0,2,9.1,10.0,0,0,8
AIAUS1160,Australia,Lower Yorke Peninsula Marine Park - General Managed Use Zone 1,18.5,17,0,0,0,2.0,9.5,0,0,7
AIAUS1161,Australia,Lowlands Richmond Conservation Covenant,8.7,4,0,0,1,2.2,1.5,0,0,5
AIAUS1162,Australia,Lucinda to Allingham-Halifax Bay Dugong Protection Area (B),43.0,10,1,4,1,16.4,8.5,0,0,8
AIAUS1165,Australia,Ma'alpiku Island (Cape York Peninsula Aboriginal Land) National Park Aboriginal,8.5,8,0,0,1,2.0,1.5,0,0,5
AIAUS1166,Australia,Macalister Range National Park,8.2,5,0,0,0,1.8,1.5,0,0,5
AIAUS1167,Australia,Macquarie Harbour Historic Site,58.2,12,8,1,0,25.2,5.0,0,0,8
AIAUS117,Australia,Batemans Marine Park - North Head Habitat Protection Zone,37.0,5,2,0,0,15.0,4.0,0,0,8
AIAUS1170,Australia,Macquarie Island Nature Reserve ,43.0,8,3,0,0,15.5,4.5,0,0,8
AIAUS1171,Australia,Macquarie Island Australian Marine Park - Habitat Protection Zone - South-east,44.6,10,3,0,1,12.6,9.0,0,0,8
AIAUS1171_P,Australia,Macquarie Island Australian Marine Park,6.2,2,0,0,0,1.8,1.5,0,0,3
AIAUS1172,Australia,Macquarie Island Australian Marine Park - Sanctuary Zone - South-east,54.9,8,5,0,0,23.4,5.5,0,0,8
AIAUS1173,Australia,Magnetic Island National Park,8.2,8,0,0,0,1.8,1.5,0,0,5
AIAUS1174,Australia,Main Beach Conservation Park,54.3,26,14,1,1,19.8,4.5,0,0,10
AIAUS1175,Australia,Malabar Headland National Park,60.9,28,20,0,3,23.9,7.0,0,0,10
AIAUS1178,Australia,Trinity Inlet Fish Habitat Area (A),36.3,11,3,0,0,10.8,2.5,0,0,8
AIAUS1180,Australia,Marchwiel Cockle Bay Conservation Covenant,8.7,4,0,0,1,2.2,1.5,0,0,5
AIAUS1181,Australia,Marengo Reefs Marine Sanctuary,45.2,8,3,0,0,14.7,7.5,0,0,8
AIAUS1184,Australia,Margaret Brock Reef Rock Lobster Sanctuary,32.9,3,1,0,1,13.4,1.5,0,0,8
AIAUS1186,Australia,Maria Island National Park - Sanctuary Zone,33.4,4,1,0,0,10.9,4.5,0,0,8
AIAUS1187,Australia,Maria Island National Park - Fishing Zone,9.1,4,0,0,0,2.6,1.5,0,0,5
AIAUS1188,Australia,Marion Beach Conservation Area,60.4,11,8,1,0,27.4,5.0,0,0,8
AIAUS1189,Australia,Marks Point Conservation Area,60.4,11,8,1,0,27.4,5.0,0,0,8
AIAUS119,Australia,Batemans Marine Park - General Use Zone,33.6,6,1,0,0,9.6,6.0,0,0,8
AIAUS1191,Australia,Marmion Marine Park - Boyinaboat Sanctuary Zone,43.4,3,2,0,0,23.9,1.5,0,0,8
AIAUS1191_P,Australia,Marmion Marine Park,6.2,2,0,0,0,1.8,1.5,0,0,3
AIAUS1192,Australia,Marmion Marine Park - Little Island Sanctuary Zone,33.5,3,1,0,0,14.0,1.5,0,0,8
AIAUS1193,Australia,Marmion Marine Park - The Lumps Sanctuary Zone,33.5,3,1,0,0,14.0,1.5,0,0,8
AIAUS1194,Australia,Marmion Marine Park - General Use,38.5,5,2,0,0,15.0,3.5,0,0,10
AIAUS1195,Australia,Marmion Marine Park - Waterman Recreation Zone,30.6,4,1,0,0,10.1,2.5,0,0,8
AIAUS1197,Australia,Maroochy Fish Habitat Area (B),36.3,11,3,0,0,10.8,2.5,0,0,8
AIAUS1198,Australia,Maroochy Fish Habitat Area (A),36.3,11,3,0,0,10.8,2.5,0,0,8
AIAUS1199,Australia,Maroochy Wetlands Conservation Park,54.3,26,14,1,1,19.8,4.5,0,0,10
AIAUS12,Australia,Macquarie Island Territorial Sea,8.7,4,0,0,1,2.2,1.5,0,0,5
AIAUS120,Australia,Batemans Marine Park - Batemans Bay Special Purpose Zone,29.0,15,1,0,0,4.0,7.0,0,0,8
AIAUS1200,Australia,Marpa (Cape York Peninsula Aboriginal Land) National Park Aboriginal,28.1,10,2,0,1,8.6,1.5,0,0,8
AIAUS1201,Australia,Marramarra National Park,63.4,22,19,0,2,28.4,7.0,0,0,8
AIAUS1203,Australia,Marriott Reef Conservation Area,60.4,11,8,1,0,27.4,5.0,0,0,8
AIAUS1207,Australia,Matilda Bay Reserve ,61.8,23,19,0,2,28.8,7.0,0,0,8
AIAUS1208,Australia,Mayfield Bay Conservation Area,60.4,11,8,1,0,27.4,5.0,0,0,8
AIAUS1209,Australia,McDonalds Point Conservation Area,60.4,11,8,1,0,27.4,5.0,0,0,8
AIAUS121,Australia,Batemans Marine Park - Forsters Bay Special Purpose Zone,29.0,15,1,0,0,4.0,7.0,0,0,8
AIAUS1210,Australia,Lake McLarty Nature Reserve,61.7,24,20,0,1,28.7,7.0,0,0,8
AIAUS1211,Australia,Mealup Point Nature Reserve,61.7,24,20,0,1,28.7,7.0,0,0,8
AIAUS1212,Australia,Medowie Nature Reserve,64.1,25,22,0,1,29.1,7.0,0,0,8
AIAUS1215,Australia,Memory Cove Wilderness Protection Area,49.7,17,11,0,2,22.2,1.5,0,0,8
AIAUS1216,Australia,Mermaid Reef Australian Marine Park - National Park Zone - North-west,57.5,12,7,0,2,22.0,7.5,0,0,10
AIAUS1217,Australia,Meroo National Park,61.3,25,20,0,3,26.3,7.0,0,0,8
AIAUS1218,Australia,Merri Marine Sanctuary,45.2,8,3,0,0,14.7,7.5,0,0,8
AIAUS122,Australia,Batemans Marine Park - Mill Bay Boat Ramp Special Purpose Zone,28.8,16,1,0,0,3.8,7.0,0,0,8
AIAUS1220,Australia,Meunga Creek Fish Habitat Area (A),36.3,11,3,0,0,10.8,2.5,0,0,8
AIAUS1221,Australia,Miaboolya Beach Fish Habitat Protection Area,49.1,14,5,0,2,13.6,6.5,0,0,9
AIAUS1222,Australia,Michaelmas and Upolu Cays National Park,8.7,13,0,0,1,2.2,1.5,0,0,5
AIAUS1223,Australia,Michaelmas Island Nature Reserve,61.7,24,20,0,1,28.7,7.0,0,0,8
AIAUS1224,Australia,Middle Arm Conservation Area,60.4,11,8,1,0,27.4,5.0,0,0,8
AIAUS1226,Australia,Midge Fish Habitat Area (B),36.3,11,3,0,0,10.8,2.5,0,0,8
AIAUS1227,Australia,Mile Island Conservation Area,60.4,11,8,1,0,27.4,5.0,0,0,8
AIAUS1228,Australia,Millingtons Beach Conservation Area,60.4,11,8,1,0,27.4,5.0,0,0,8
AIAUS1229,Australia,Mills Island Nature Reserve,64.1,25,22,0,1,29.1,7.0,0,0,8
AIAUS123,Australia,Batemans Marine Park - Murramarang Coast Special Purpose Zone,13.1,3,0,0,0,4.1,4.0,0,0,5
AIAUS1230,Australia,Milyu Nature Reserve,61.7,24,20,0,1,28.7,7.0,0,0,8
AIAUS1231,Australia,Mimosa Rocks National Park,62.3,23,19,0,3,27.3,7.0,0,0,8
AIAUS1232,Australia,Minimbah Nature Reserve,64.1,25,22,0,1,29.1,7.0,0,0,8
AIAUS1233,Australia,Mistaken Island Nature Reserve,61.7,24,20,0,1,28.7,7.0,0,0,8
AIAUS1234,Australia,Mitchell River National Park,61.7,23,19,0,1,28.7,7.0,0,0,8
AIAUS1235,Australia,Mitirinchi Island (Cape York Peninsula Aboriginal Land) National Park Aboriginal,8.2,4,0,0,0,1.8,1.5,0,0,5
AIAUS1236,Australia,Moana Sands Conservation Park,54.5,11,8,0,1,25.5,3.0,0,0,8
AIAUS1237,Australia,Molle Islands National Park,8.5,6,0,0,1,2.0,1.5,0,0,5
AIAUS1238,Australia,Monk Bay Marine Conservation Area,60.4,11,8,1,0,27.4,5.0,0,0,8
AIAUS1239,Australia,Monkey Mia Reserve 5(1)(h) Reserve,61.8,23,19,0,2,28.8,7.0,0,0,8
AIAUS124,Australia,Batemans Marine Park - Narooma Wharf Special Purpose Zone,28.8,16,1,0,0,3.8,7.0,0,0,8
AIAUS1240,Australia,Montagu Beach Conservation Area,60.4,11,8,1,0,27.4,5.0,0,0,8
AIAUS1241,Australia,Montagu Island Conservation Area,60.4,11,8,1,0,27.4,5.0,0,0,8
AIAUS1242,Australia,Montague Island Nature Reserve,65.3,24,22,0,1,30.3,7.0,0,0,8
AIAUS1243,Australia,Montebello Australian Marine Park - Multiple Use Zone - North-west,42.2,13,2,0,6,8.8,11.5,0,0,10
AIAUS1245,Australia,Montebello Islands Conservation Park,61.8,23,19,0,2,28.8,7.0,0,0,8
AIAUS1247,Australia,Montebello Islands Marine Park - Claret Bay Special Purpose Zone (Pearling),32.0,6,1,0,0,9.0,5.0,0,0,8
AIAUS1247_P,Australia,Montebello Islands Marine Park,6.2,2,0,0,0,1.8,1.5,0,0,3
AIAUS1248,Australia,Montebello Islands Marine Park - Site A Special Purpose Zone (Pearling),32.0,6,1,0,0,9.0,5.0,0,0,8
AIAUS1249,Australia,Montebello Islands Marine Park - Site B Special Purpose Zone (Pearling),32.0,6,1,0,0,9.0,5.0,0,0,8
AIAUS125,Australia,Batemans Marine Park - Snake Island Special Purpose Zone,16.1,3,0,0,0,4.1,7.0,0,0,5
AIAUS1250,Australia,Montebello Islands Marine Park - Site C Special Purpose Zone (Pearling),32.0,6,1,0,0,9.0,5.0,0,0,8
AIAUS1251,Australia,Montebello Islands Marine Park - Site D Special Purpose Zone (Pearling),32.0,6,1,0,0,9.0,5.0,0,0,8
AIAUS1252,Australia,Montebello Islands Marine Park - Site G Special Purpose Zone (Pearling),32.0,6,1,0,0,9.0,5.0,0,0,8
AIAUS1253,Australia,Montebello Islands Marine Park - Site H Special Purpose Zone (Pearling),32.0,6,1,0,0,9.0,5.0,0,0,8
AIAUS1254,Australia,Montebello Islands Marine Park - Site I Special Purpose Zone (Pearling),32.0,6,1,0,0,9.0,5.0,0,0,8
AIAUS1255,Australia,Montebello Islands Marine Park - Site J Special Purpose Zone (Pearling),32.0,6,1,0,0,9.0,5.0,0,0,8
AIAUS1256,Australia,Montebello Islands Marine Park - Site O Special Purpose Zone (Pearling),32.0,6,1,0,0,9.0,5.0,0,0,8
AIAUS1257,Australia,Montebello Islands Marine Park - Site P Special Purpose Zone (Pearling),32.0,6,1,0,0,9.0,5.0,0,0,8
AIAUS1259,Australia,Montebello Islands Marine Park - Montebellos General Use Zone,13.5,6,0,0,0,3.5,5.0,0,0,5
AIAUS1260,Australia,Montebello Islands Marine Park - Montebellos General Use Zone,13.5,6,0,0,0,3.5,5.0,0,0,5
AIAUS1261,Australia,Montebello Islands Marine Park - Southern Montebellos Recreation Zone,33.5,5,1,0,0,10.5,5.0,0,0,8
AIAUS1262,Australia,Montebello Islands Marine Park - Stephenson Channel Recreation Zone,33.5,5,1,0,0,10.5,5.0,0,0,8
AIAUS1264,Australia,Montebello Islands Marine Park - Northern Montebellos Sanctuary Zone,11.5,4,0,0,0,3.5,3.0,0,0,5
AIAUS1265,Australia,Montebello Islands Marine Park - Southern Montebellos Sanctuary Zone,11.5,4,0,0,0,3.5,3.0,0,0,5
AIAUS1266,Australia,Montebello Islands Marine Park - Willy Nilly Lagoon Sanctuary Zone,11.5,4,0,0,0,3.5,3.0,0,0,5
AIAUS1267,Australia,Montebello Islands Marine Park - Northern Montebellos Special Purpose Zone (Benthic Protection),31.2,3,1,0,0,11.7,1.5,0,0,8
AIAUS1268,Australia,Moon Island Nature Reserve,64.1,25,22,0,1,29.1,7.0,0,0,8
AIAUS1269,Australia,Moonee Beach Nature Reserve,64.1,25,22,0,1,29.1,7.0,0,0,8
AIAUS127,Australia,Batemans Marine Park - Batemans Bay Habitat Protection Zone,35.6,15,1,0,2,5.6,10.0,0,0,8
AIAUS1270,Australia,Moresby Range National Park,8.5,6,0,0,1,2.0,1.5,0,0,5
AIAUS1271,Australia,Moreton Banks Fish Habitat Area (A),36.3,11,3,0,0,10.8,2.5,0,0,8
AIAUS1274,Australia,Moreton Island National Park,8.5,6,0,0,1,2.0,1.5,0,0,5
AIAUS1276,Australia,Moreton Bay Marine Park - Marine National Park,55.3,15,6,3,2,19.8,5.5,0,0,10
AIAUS1276_P,Australia,Moreton Bay Marine Park,8.2,5,0,0,0,1.8,1.5,0,0,5
AIAUS1277,Australia,Moreton Bay Marine Park - Conservation Park,52.6,34,10,3,5,13.1,9.5,0,0,10
AIAUS1278,Australia,Moreton Bay Marine Park - Habitat Protection,52.1,33,9,3,4,12.6,9.5,0,0,10
AIAUS1279,Australia,Moreton Bay Marine Park - General Use,53.6,33,9,3,4,12.6,11.0,0,0,10
AIAUS128,Australia,Batemans Marine Park - Clarks Bay Habitat Protection Zone,37.4,16,2,0,2,7.4,10.0,0,0,8
AIAUS1284,Australia,Moriarty Rocks Nature Reserve,60.4,11,8,1,0,27.4,5.0,0,0,8
AIAUS1285,Australia,Morning Inlet-Bynoe River Fish Habitat Area (A),36.3,11,3,0,0,10.8,2.5,0,0,8
AIAUS1286,Australia,Mornington Peninsula National Park,64.2,34,29,0,1,28.7,7.5,0,0,8
AIAUS1289,Australia,Mount Dutton Bay Conservation Park,54.5,11,8,0,1,25.5,3.0,0,0,8
AIAUS129,Australia,Batemans Marine Park - Couria Bay Habitat Protection Zone,35.6,15,1,0,2,5.6,10.0,0,0,8
AIAUS1290,Australia,Mount Heemskirk Regional Reserve,60.4,11,8,1,0,27.4,5.0,0,0,8
AIAUS1291,Australia,Mount Manypeaks Nature Reserve,61.7,24,20,0,1,28.7,7.0,0,0,8
AIAUS1294,Australia,Mouth of Baffle Creek 2 Conservation Park,54.3,26,14,1,1,19.8,4.5,0,0,10
AIAUS1296,Australia,Mud Island Conservation Park,54.3,26,14,1,1,19.8,4.5,0,0,10
AIAUS1297,Australia,Mud Islands Game Reserve,52.8,12,8,0,1,23.8,3.0,0,0,8
AIAUS1298,Australia,Muiron Islands Nature Reserve,61.7,24,20,0,1,28.7,7.0,0,0,8
AIAUS1299,Australia,Muiron Islands Marine Management Area,38.2,5,2,0,0,15.8,4.5,0,0,8
AIAUS13,Australia,Norfolk National Waters,8.7,4,0,0,1,2.2,1.5,0,0,5
AIAUS130,Australia,Batemans Marine Park - Durras Beach Creek Habitat Protection Zone,35.6,15,1,0,2,5.6,10.0,0,0,8
AIAUS1302,Australia,Muiron Islands Marine Management Area - North Muiron Conservation Area,10.9,3,0,0,0,2.9,3.0,0,0,5
AIAUS1303,Australia,Muiron Islands Marine Management Area - South Muiron Conservation Area,10.9,3,0,0,0,2.9,3.0,0,0,5
AIAUS1304,Australia,Mullet Lake Nature Reserve,61.7,24,20,0,1,28.7,7.0,0,0,8
AIAUS1305,Australia,Munmorah State Conservation Area,64.4,21,18,0,2,29.4,7.0,0,0,8
AIAUS1306,Australia,Munro Island Nature Reserve,64.1,25,22,0,1,29.1,7.0,0,0,8
AIAUS1307,Australia,Munyaroo Conservation Park,54.5,11,8,0,1,25.5,3.0,0,0,8
AIAUS1308,Australia,Muogamarra Nature Reserve,63.1,26,22,0,1,28.1,7.0,0,0,8
AIAUS1309,Australia,Murat Australian Marine Park - National Park Zone - South-west,56.2,11,6,0,3,20.7,7.5,0,0,10
AIAUS131,Australia,Batemans Marine Park - Durras Lake Habitat Protection Zone,35.6,15,1,0,2,5.6,10.0,0,0,8
AIAUS1310,Australia,Murkay Islets Conservation Area,60.4,11,8,1,0,27.4,5.0,0,0,8
AIAUS1311,Australia,Murphys Flat Conservation Area,60.4,11,8,1,0,27.4,5.0,0,0,8
AIAUS1312,Australia,Murramarang National Park,62.3,23,19,0,3,27.3,7.0,0,0,8
AIAUS1313,Australia,Murray Australian Marine Park - Marine National Park Zone - South-east,49.3,8,4,0,0,18.8,5.5,0,0,10
AIAUS1314,Australia,Murray Australian Marine Park,6.2,1,0,0,0,1.8,1.5,0,0,3
AIAUS1315,Australia,Murray Australian Marine Park - Multiple Use Zone - South-east,39.1,9,2,0,1,10.1,9.0,0,0,8
AIAUS1316,Australia,Murray Australian Marine Park - Special Purpose Zone - South-east,35.8,7,2,0,0,12.2,5.5,0,0,8
AIAUS1317,Australia,Murray River Fish Habitat Area (A),36.3,11,3,0,0,10.8,2.5,0,0,8
AIAUS1319,Australia,Mushroom Reef Marine Sanctuary,37.2,7,2,0,0,11.8,7.5,0,0,8
AIAUS132,Australia,Batemans Marine Park - Freshwater Bay Habitat Protection Zone,37.4,16,2,0,2,7.4,10.0,0,0,8
AIAUS1320,Australia,Musselroe Bay Conservation Area,60.4,11,8,1,0,27.4,5.0,0,0,8
AIAUS1321,Australia,Muttonbird Island Nature Reserve,64.1,25,22,0,1,29.1,7.0,0,0,8
AIAUS1322,Australia,Myall Lakes National Park,63.4,22,19,0,2,28.4,7.0,0,0,8
AIAUS1324,Australia,Myora-Amity Banks Fish Habitat Area (A),36.3,11,3,0,0,10.8,2.5,0,0,8
AIAUS1326,Australia,Nadgee Nature Reserve,64.1,25,22,0,1,29.1,7.0,0,0,8
AIAUS1327,Australia,Nambung National Park,61.7,23,19,0,1,28.7,7.0,0,0,8
AIAUS133,Australia,Batemans Marine Park - Jemisons Beach Creek Habitat Protection Zone,35.6,15,1,0,2,5.6,10.0,0,0,8
AIAUS1330,Australia,Naree Budjong Djara National Park Aboriginal,26.2,7,1,0,1,6.7,1.5,0,0,8
AIAUS1332,Australia,Narrabeen Aquatic Reserve,26.5,6,1,0,1,7.0,1.5,0,0,8
AIAUS1333,Australia,Narrawallee Creek Nature Reserve,64.1,25,22,0,1,29.1,7.0,0,0,8
AIAUS1334,Australia,Nassau River Fish Habitat Area (A),36.3,11,3,0,0,10.8,2.5,0,0,8
AIAUS1335,Australia,Native Point Nature Reserve,60.4,11,8,1,0,27.4,5.0,0,0,8
AIAUS1337,Australia,Nelson Australian Marine Park - Special Purpose Zone - South-east,35.8,7,2,0,0,12.2,5.5,0,0,8
AIAUS1338,Australia,Nepean Bay Conservation Park,54.5,11,8,0,1,25.5,3.0,0,0,8
AIAUS1339,Australia,Neptune Islands Conservation Park,54.5,11,8,0,1,25.5,3.0,0,0,8
AIAUS134,Australia,Batemans Marine Park - Kioloa Creek Habitat Protection Zone,35.6,15,1,0,2,5.6,10.0,0,0,8
AIAUS1340,Australia,Neptune Islands Group Marine Park - Restricted Access Zone (Existing) ,55.0,6,3,0,0,19.5,8.5,0,0,10
AIAUS1340_P,Australia,Neptune Islands Group Marine Park,6.2,1,0,0,0,1.8,1.5,0,0,3
AIAUS1341,Australia,Neptune Islands Group Marine Park - Restricted Access Zone (Existing),55.0,6,3,0,0,19.5,8.5,0,0,10
AIAUS1342,Australia,Neptune Islands Group Marine Park - Habitat Protection Zone 2,34.1,20,1,0,0,3.6,10.5,0,0,10
AIAUS1343,Australia,Neptune Islands Group Marine Park - Sanctuary Zone 1,51.9,11,4,0,0,15.4,9.5,0,0,10
AIAUS1345,Australia,Neptune Islands Group Marine Park - Habitat Protection Zone 1,34.1,20,1,0,0,3.6,10.5,0,0,10
AIAUS1346,Australia,New Year Island Game Reserve,63.6,9,8,1,0,33.1,3.5,0,0,7
AIAUS1347,Australia,Newington Nature Reserve,57.0,37,24,0,1,22.0,7.0,0,0,8
AIAUS1348,Australia,Newland Head Conservation Park,54.5,11,8,0,1,25.5,3.0,0,0,8
AIAUS1349,Australia,Repulse Fish Habitat Area (A),36.3,11,3,0,0,10.8,2.5,0,0,8
AIAUS135,Australia,Batemans Marine Park - Lake Brunderee Habitat Protection Zone,35.6,15,1,0,2,5.6,10.0,0,0,8
AIAUS1350,Australia,Repulse Islands National Park,8.5,6,0,0,1,2.0,1.5,0,0,5
AIAUS1351,Australia,Newry Islands National Park,8.5,6,0,0,1,2.0,1.5,0,0,5
AIAUS1352,Australia,Ngalba Bulal National Park,8.5,8,0,0,1,2.0,1.5,0,0,5
AIAUS1356,Australia,Ngari Capes Marine Park - Cape Freycinet Sanctuary Zone,32.7,15,1,0,0,4.2,10.5,0,0,8
AIAUS1356_P,Australia,Ngari Capes Marine Park,6.2,1,0,0,0,1.8,1.5,0,0,3
AIAUS1357,Australia,Ngari Capes Marine Park - Cape Leeuwin Sanctuary Zone,32.7,15,1,0,0,4.2,10.5,0,0,8
AIAUS1358,Australia,Ngari Capes Marine Park - Cape Naturaliste Sanctuary Zone,32.7,15,1,0,0,4.2,10.5,0,0,8
AIAUS1359,Australia,Ngari Capes Marine Park - Central Geographe Bay Sanctuary Zone,32.7,15,1,0,0,4.2,10.5,0,0,8
AIAUS136,Australia,Batemans Marine Park - Lake Dalmeny (Mummaga Lake) Habitat Protection Zone,35.6,15,1,0,2,5.6,10.0,0,0,8
AIAUS1360,Australia,Ngari Capes Marine Park - Cosy Corner Sanctuary Zone,32.7,15,1,0,0,4.2,10.5,0,0,8
AIAUS1361,Australia,Ngari Capes Marine Park - Eagle Bay Sanctuary Zone,32.7,15,1,0,0,4.2,10.5,0,0,8
AIAUS1362,Australia,Ngari Capes Marine Park - East Flinders Bay Sanctuary Zone,32.7,15,1,0,0,4.2,10.5,0,0,8
AIAUS1363,Australia,Ngari Capes Marine Park - East Geographe Bay Sanctuary Zone,32.7,15,1,0,0,4.2,10.5,0,0,8
AIAUS1364,Australia,Ngari Capes Marine Park - Flinders Island Sanctuary Zone,32.7,15,1,0,0,4.2,10.5,0,0,8
AIAUS1365,Australia,Flinders Bay Nature Reserve,61.7,24,20,0,1,28.7,7.0,0,0,8
AIAUS1366,Australia,Ngari Capes Marine Park - Hamelin Island Sanctuary Zone,32.7,15,1,0,0,4.2,10.5,0,0,8
AIAUS1367,Australia,Ngari Capes Marine Park - Injidup Sanctuary Zone,32.7,15,1,0,0,4.2,10.5,0,0,8
AIAUS1368,Australia,Ngari Capes Marine Park - General Use Zone,29.7,16,1,0,1,3.7,8.0,0,0,8
AIAUS1369,Australia,Ngari Capes Marine Park - Recreation Zone    - Cowaramup Bay Recreation Zone,30.9,19,1,0,2,3.9,9.0,0,0,8
AIAUS137,Australia,Batemans Marine Park - Little Lake (North) Habitat Protection Zone,35.6,15,1,0,2,5.6,10.0,0,0,8
AIAUS1370,Australia,Ngari Capes Marine Park - Recreation Zone    - Hamelin Bay Recreation Zone,30.9,19,1,0,2,3.9,9.0,0,0,8
AIAUS1371,Australia,Ngari Capes Marine Park - Busselton Jetty Sanctuary Zone,32.7,15,1,0,0,4.2,10.5,0,0,8
AIAUS1372,Australia,Ngari Capes Marine Park - Kilcarnup Sanctuary Zone,32.7,15,1,0,0,4.2,10.5,0,0,8
AIAUS1373,Australia,Ngari Capes Marine Park - Wyadup Sanctuary Zone,32.7,15,1,0,0,4.2,10.5,0,0,8
AIAUS1374,Australia,Ngari Capes Marine Park - Yallingup Sanctuary Zone,32.7,15,1,0,0,4.2,10.5,0,0,8
AIAUS1375,Australia,Ngari Capes Marine Park - Cosy Corner Special Purpose Zone (Shore-based Activities),32.2,15,1,0,0,4.2,10.0,0,0,8
AIAUS1376,Australia,Ngari Capes Marine Park - Eagle Bay Special Purpose Zone (Shore-based Activities),32.2,15,1,0,0,4.2,10.0,0,0,8
AIAUS1377,Australia,Ngari Capes Marine Park - Gallows/Guillotine Special Purpose Zone (Surfing),33.3,19,1,0,1,3.8,11.5,0,0,8
AIAUS1378,Australia,Ngari Capes Marine Park - Goannas Special Purpose Zone (Surfing),33.3,19,1,0,1,3.8,11.5,0,0,8
AIAUS1379,Australia,Ngari Capes Marine Park - Lefthanders Special Purpose Zone (Surfing),33.3,19,1,0,1,3.8,11.5,0,0,8
AIAUS138,Australia,Batemans Marine Park - Little Lake (South) Habitat Protection Zone,35.6,15,1,0,2,5.6,10.0,0,0,8
AIAUS1380,Australia,Ngari Capes Marine Park - Margaret River Special Purpose Zone (Surfing),33.3,19,1,0,1,3.8,11.5,0,0,8
AIAUS1381,Australia,Ngari Capes Marine Park - Moses Beach Special Purpose Zone (Surfing),33.3,19,1,0,1,3.8,11.5,0,0,8
AIAUS1382,Australia,Ngari Capes Marine Park - Moses Rock Special Purpose Zone (Surfing),33.3,19,1,0,1,3.8,11.5,0,0,8
AIAUS1383,Australia,Ngari Capes Marine Park - Redgate Special Purpose Zone (Surfing),33.3,19,1,0,1,3.8,11.5,0,0,8
AIAUS1384,Australia,Ngari Capes Marine Park - Three Bears Special Purpose Zone (Surfing),33.3,19,1,0,1,3.8,11.5,0,0,8
AIAUS1385,Australia,Ngari Capes Marine Park - Windmills Special Purpose Zone (Surfing),33.3,19,1,0,1,3.8,11.5,0,0,8
AIAUS1386,Australia,Ngari Capes Marine Park - Yallingup Special Purpose Zone (Surfing),33.3,19,1,0,1,3.8,11.5,0,0,8
AIAUS1387,Australia,Hamelin Island Nature Reserve,61.7,24,20,0,1,28.7,7.0,0,0,8
AIAUS1388,Australia,Seal Island Nature Reserve,61.7,24,20,0,1,28.7,7.0,0,0,8
AIAUS1389,Australia,St Alouarn Island Nature Reserve,61.7,24,20,0,1,28.7,7.0,0,0,8
AIAUS139,Australia,Batemans Marine Park - Meads Bay Habitat Protection Zone,35.6,15,1,0,2,5.6,10.0,0,0,8
AIAUS1390,Australia,Sugar Loaf Rock Nature Reserve,61.7,24,20,0,1,28.7,7.0,0,0,8
AIAUS1391,Australia,Ngulun (Starcke River) Fish Habitat Area (A); Ngulun (Starcke River),36.3,11,3,0,0,10.8,2.5,0,0,8
AIAUS1392,Australia,Starcke River (Ngulun) Fish Habitat Area (B); Ngulun (Starcke River),36.3,11,3,0,0,10.8,2.5,0,0,8
AIAUS1393,Australia,Nicholson Floodplain Gippsland Lakes Reserve,65.4,30,27,0,2,29.9,7.5,0,0,8
AIAUS1395,Australia,Nicolas Baudin Island Conservation Park,56.8,12,9,0,1,26.2,4.5,0,0,8
AIAUS1397,Australia,Niiwalarra Islands National Park,61.7,23,19,0,1,28.7,7.0,0,0,8
AIAUS1399,Australia,Nilgen Nature Reserve,61.7,24,20,0,1,28.7,7.0,0,0,8
AIAUS14,Australia,Norfolk Territorial Sea,8.7,4,0,0,1,2.2,1.5,0,0,5
AIAUS140,Australia,Batemans Marine Park - Montague Island Habitat Protection Zone,35.6,15,1,0,2,5.6,10.0,0,0,8
AIAUS1400,Australia,Ninepin Point Marine Nature Reserve,10.6,4,0,0,0,2.6,3.0,0,0,5
AIAUS1403,Australia,Ninety Mile Beach Marine National Park,53.2,10,5,0,0,18.7,8.5,0,0,8
AIAUS1404,Australia,Unnamed WA37500 5(1)(g) Reserve,61.8,23,19,0,2,28.8,7.0,0,0,8
AIAUS1406,Australia,Ningaloo Australian Marine Park - Recreational Use Zone - North-west,55.7,9,5,0,1,21.2,8.5,0,0,8
AIAUS1406_P,Australia,Ningaloo Australian Marine Park,6.2,1,0,0,0,1.8,1.5,0,0,3
AIAUS1407,Australia,Ningaloo Australian Marine Park - National Park Zone - North-west,57.5,12,7,0,2,22.0,7.5,0,0,10
AIAUS1409,Australia,Ningaloo Marine Park - Mandu Special Purpose Zone (Benthic Protection),11.5,4,0,0,0,3.5,3.0,0,0,5
AIAUS1409_P,Australia,Ningaloo Marine Park,1.8,1,0,0,0,1.8,0.0,0,0,0
AIAUS141,Australia,Batemans Marine Park - Tomaga River Habitat Protection Zone,35.6,15,1,0,2,5.6,10.0,0,0,8
AIAUS1412,Australia,Ningaloo Marine Park - Bundegi Sanctuary Zone,10.9,3,0,0,0,2.9,3.0,0,0,5
AIAUS1413,Australia,Ningaloo Marine Park - Murat Sanctuary Zone,10.9,3,0,0,0,2.9,3.0,0,0,5
AIAUS1414,Australia,Ningaloo Marine Park - Lighthouse Bay Sanctuary Zone,10.9,3,0,0,0,2.9,3.0,0,0,5
AIAUS1415,Australia,Ningaloo Marine Park - Jurabi Sanctuary Zone,10.9,3,0,0,0,2.9,3.0,0,0,5
AIAUS1416,Australia,Ningaloo Marine Park - Tantabiddi Sanctuary Zone,10.9,3,0,0,0,2.9,3.0,0,0,5
AIAUS1417,Australia,Ningaloo Marine Park - Mangrove Sanctuary Zone,10.9,3,0,0,0,2.9,3.0,0,0,5
AIAUS1418,Australia,Ningaloo Marine Park - Lakeside Sanctuary Zone,10.9,3,0,0,0,2.9,3.0,0,0,5
AIAUS1419,Australia,Ningaloo Marine Park - Mandu Sanctuary Zone,10.9,3,0,0,0,2.9,3.0,0,0,5
AIAUS142,Australia,Batemans Marine Park - Toragy Point-Congo Habitat Protection Zone,35.6,15,1,0,2,5.6,10.0,0,0,8
AIAUS1420,Australia,Ningaloo Marine Park - Osprey Sanctuary Zone,10.9,3,0,0,0,2.9,3.0,0,0,5
AIAUS1421,Australia,Ningaloo Marine Park - Winderabandi Sanctuary Zone,10.9,3,0,0,0,2.9,3.0,0,0,5
AIAUS1422,Australia,Ningaloo Marine Park - Cloates Sanctuary Zone,10.9,3,0,0,0,2.9,3.0,0,0,5
AIAUS1423,Australia,Ningaloo Marine Park - Bateman Sanctuary Zone,10.9,3,0,0,0,2.9,3.0,0,0,5
AIAUS1424,Australia,Ningaloo Marine Park - Maud Sanctuary Zone,10.9,3,0,0,0,2.9,3.0,0,0,5
AIAUS1425,Australia,Ningaloo Marine Park - Pelican Sanctuary Zone,10.9,3,0,0,0,2.9,3.0,0,0,5
AIAUS1426,Australia,Ningaloo Marine Park - Cape Farquhar Sanctuary Zone,10.9,3,0,0,0,2.9,3.0,0,0,5
AIAUS1427,Australia,Ningaloo Marine Park - Gnaraloo Bay Sanctuary Zone,10.9,3,0,0,0,2.9,3.0,0,0,5
AIAUS1428,Australia,Ningaloo Marine Park - Turtles Sanctuary Zone,10.9,3,0,0,0,2.9,3.0,0,0,5
AIAUS1429,Australia,Ningaloo Marine Park - 3 Mile Sanctuary Zone,10.9,3,0,0,0,2.9,3.0,0,0,5
AIAUS143,Australia,Batemans Marine Park - Tuross Lake & River Habitat Protection Zone,35.6,15,1,0,2,5.6,10.0,0,0,8
AIAUS1433,Australia,Ningaloo Marine Park - Cloates Special Purpose Zone (Shore Based Activities),14.5,4,0,0,0,3.5,6.0,0,0,5
AIAUS1434,Australia,Ningaloo Marine Park - General Use   - General Use,33.8,4,1,0,0,11.8,4.0,0,0,8
AIAUS1435,Australia,Ningaloo Marine Park - Jurabi Special Purpose Zone (Shore Based Activities),14.5,4,0,0,0,3.5,6.0,0,0,5
AIAUS1436,Australia,Ningaloo Marine Park - Lighthouse Bay Special Purpose Zone (Shore Based Activities),14.5,4,0,0,0,3.5,6.0,0,0,5
AIAUS1437,Australia,Ningaloo Marine Park - Maud Special Purpose Zone (Shore Based Activities),14.5,4,0,0,0,3.5,6.0,0,0,5
AIAUS1438,Australia,Ningaloo Marine Park - Murat (north) Special Purpose Zone (Shore Based Activities),14.5,4,0,0,0,3.5,6.0,0,0,5
AIAUS1439,Australia,Ningaloo Marine Park - Murat (south) Special Purpose Zone (Shore Based Activities),14.5,4,0,0,0,3.5,6.0,0,0,5
AIAUS144,Australia,Batemans Marine Park - Tuross-Coila Habitat Protection Zone,35.6,15,1,0,2,5.6,10.0,0,0,8
AIAUS1440,Australia,Ningaloo Marine Park - Osprey (north) Special Purpose Zone (Shore Based Activities),14.5,4,0,0,0,3.5,6.0,0,0,5
AIAUS1441,Australia,Ningaloo Marine Park - Osprey (south) Special Purpose Zone (Shore Based Activities),14.5,4,0,0,0,3.5,6.0,0,0,5
AIAUS1442,Australia,Ningaloo Marine Park - Pelican (north) Special Purpose Zone (Shore Based Activities),14.5,4,0,0,0,3.5,6.0,0,0,5
AIAUS1443,Australia,Ningaloo Marine Park - Pelican (south) Special Purpose Zone (Shore Based Activities),14.5,4,0,0,0,3.5,6.0,0,0,5
AIAUS1444,Australia,Ningaloo Marine Park - Winderabandi Special Purpose Zone (Shore Based Activities),14.5,4,0,0,0,3.5,6.0,0,0,5
AIAUS1445,Australia,Ningaloo Marine Park - Recreation Area,33.8,4,1,0,0,11.8,4.0,0,0,8
AIAUS1447,Australia,Ninth Island Conservation Area,60.4,11,8,1,0,27.4,5.0,0,0,8
AIAUS1448,Australia,Nooramunga Marine & Coastal Park ,64.5,31,27,0,2,29.0,7.5,0,0,8
AIAUS145,Australia,Batemans Marine Park - Wagonga Inlet Habitat Protection Zone,35.6,15,1,0,2,5.6,10.0,0,0,8
AIAUS1450,Australia,Noosa National Park,8.5,8,0,0,1,2.0,1.5,0,0,5
AIAUS1451,Australia,Noosa River Fish Habitat Area (A),36.3,11,3,0,0,10.8,2.5,0,0,8
AIAUS1452,Australia,Goat Island (Noosa River) Conservation Park,54.3,26,14,1,1,19.8,4.5,0,0,10
AIAUS1453,Australia,Noosa River Fish Habitat Area (B),36.3,11,3,0,0,10.8,2.5,0,0,8
AIAUS1454,Australia,Norfolk Australian Marine Park - Habitat Protection Zone - Temperate East,52.2,13,4,0,3,13.7,11.5,0,0,10
AIAUS1454_P,Australia,Norfolk Australian Marine Park,6.2,1,0,0,0,1.8,1.5,0,0,3
AIAUS1455,Australia,Norfolk Australian Marine Park - National Park Zone - Temperate East,56.3,11,6,0,2,20.8,7.5,0,0,10
AIAUS1456,Australia,Norfolk Australian Marine Park - Special Purpose Zone (Norfolk)  - Temperate East,49.7,13,3,0,5,11.2,11.5,0,0,10
AIAUS1458,Australia,Norfolk Island (Mt Pitt) National Park (Commonwealth),46.3,5,3,0,0,20.3,3.0,0,0,8
AIAUS1459,Australia,Norfolk Island (Phillip Island) National Park (Commonwealth),46.3,5,3,0,0,20.3,3.0,0,0,8
AIAUS146,Australia,Batemans Marine Park - Wallaga Lake Entrance Habitat Protection Zone,35.6,15,1,0,2,5.6,10.0,0,0,8
AIAUS1460,Australia,North East Islet Nature Reserve,60.4,11,8,1,0,27.4,5.0,0,0,8
AIAUS1461,Australia,North East River Game Reserve,61.4,12,9,1,0,27.4,6.0,0,0,8
AIAUS1467,Australia,North Lalang-garram Marine Park - General Use Zone,32.4,18,1,0,1,3.9,10.5,0,0,8
AIAUS1469,Australia,North Rock Nature Reserve,64.1,25,22,0,1,29.1,7.0,0,0,8
AIAUS147,Australia,Batemans Marine Park - Black Bream Point Habitat Protection Zone,37.4,16,2,0,2,7.4,10.0,0,0,8
AIAUS1470,Australia,North Sandy Island Nature Reserve,61.7,24,20,0,1,28.7,7.0,0,0,8
AIAUS1471,Australia,North Solitary Island Nature Reserve,64.1,25,22,0,1,29.1,7.0,0,0,8
AIAUS1472,Australia,North Sydney Harbour Aquatic Reserve,30.2,7,1,0,1,6.7,5.5,0,0,8
AIAUS1473,Australia,North Turtle Island Nature Reserve,61.7,24,20,0,1,28.7,7.0,0,0,8
AIAUS1474,Australia,North West Bay Conservation Area,60.4,11,8,1,0,27.4,5.0,0,0,8
AIAUS1475,Australia,North West Head Conservation Area,60.4,11,8,1,0,27.4,5.0,0,0,8
AIAUS1476,Australia,North-West Solitary Island Nature Reserve,64.1,25,22,0,1,29.1,7.0,0,0,8
AIAUS1477,Australia,Northumberland Islands National Park,8.5,6,0,0,1,2.0,1.5,0,0,5
AIAUS1478,Australia,Nullarbor Wilderness Protection Area,49.7,17,11,0,2,22.2,1.5,0,0,8
AIAUS1479,Australia,Nuyts Archipelago Conservation Park,56.8,12,9,0,1,26.2,4.5,0,0,8
AIAUS148,Australia,Batemans Marine Park - Wagonga Head Habitat Protection Zone,44.1,17,3,0,2,9.1,10.0,0,0,8
AIAUS1481,Australia,Sinclair Island Conservation Park,56.8,12,9,0,1,26.2,4.5,0,0,8
AIAUS1483,Australia,Nuyts Archipelago Marine Park - Sanctuary Zone 1,51.9,11,4,0,0,15.4,9.5,0,0,10
AIAUS1483_P,Australia,Nuyts Archipelago Marine Park,6.2,1,0,0,0,1.8,1.5,0,0,3
AIAUS1484,Australia,Nuyts Archipelago Marine Park - Sanctuary Zone 2,51.9,11,4,0,0,15.4,9.5,0,0,10
AIAUS1485,Australia,Nuyts Archipelago Marine Park - Sanctuary Zone 3,51.9,11,4,0,0,15.4,9.5,0,0,10
AIAUS1486,Australia,Nuyts Archipelago Marine Park - Sanctuary Zone 4,51.9,11,4,0,0,15.4,9.5,0,0,10
AIAUS1487,Australia,Nuyts Archipelago Marine Park - Sanctuary Zone 5,51.9,11,4,0,0,15.4,9.5,0,0,10
AIAUS1488,Australia,Nuyts Archipelago Marine Park - Sanctuary Zone 6,51.9,11,4,0,0,15.4,9.5,0,0,10
AIAUS1489,Australia,Nuyts Archipelago Marine Park - Sanctuary Zone 7,51.9,11,4,0,0,15.4,9.5,0,0,10
AIAUS1490,Australia,Nuyts Archipelago Marine Park - Sanctuary Zone 8,51.9,11,4,0,0,15.4,9.5,0,0,10
AIAUS1491,Australia,Nuyts Archipelago Marine Park - Sanctuary Zone 9,51.9,11,4,0,0,15.4,9.5,0,0,10
AIAUS1492,Australia,Nuyts Archipelago Wilderness Protection Area,49.7,17,11,0,2,22.2,1.5,0,0,8
AIAUS1494,Australia,Nuyts Archipelago Marine Park - Habitat Protection Zone 1,34.1,20,1,0,0,3.6,10.5,0,0,10
AIAUS1495,Australia,Nuyts Archipelago Marine Park - Habitat Protection Zone 2,34.1,20,1,0,0,3.6,10.5,0,0,10
AIAUS1496,Australia,Nuyts Archipelago Marine Park - Habitat Protection Zone 3,34.1,20,1,0,0,3.6,10.5,0,0,10
AIAUS1497,Australia,Nuyts Archipelago Marine Park - Habitat Protection Zone 4,34.1,20,1,0,0,3.6,10.5,0,0,10
AIAUS1498,Australia,Nuyts Archipelago Marine Park - Habitat Protection Zone 5,34.1,20,1,0,0,3.6,10.5,0,0,10
AIAUS1499,Australia,Nuyts Archipelago Marine Park - Habitat Protection Zone 6,34.1,20,1,0,0,3.6,10.5,0,0,10
AIAUS150,Australia,Batemans Marine Park - Bengello Creek Sanctuary Zone,15.5,5,0,0,1,3.5,7.0,0,0,5
AIAUS1500,Australia,Nuyts Archipelago Marine Park - Habitat Protection Zone 7,34.1,20,1,0,0,3.6,10.5,0,0,10
AIAUS1501,Australia,Nuyts Archipelago Marine Park - Habitat Protection Zone 8,34.1,20,1,0,0,3.6,10.5,0,0,10
AIAUS1503,Australia,Nuyts Archipelago Marine Park - General Managed Use Zone 2,34.1,20,1,0,0,3.6,10.5,0,0,10
AIAUS1504,Australia,Nuyts Archipelago Marine Park - General Managed Use Zone 1,34.1,20,1,0,0,3.6,10.5,0,0,10
AIAUS1505,Australia,Nuyts Archipelago Marine Park - General Managed Use Zone 3,34.1,20,1,0,0,3.6,10.5,0,0,10
AIAUS1506,Australia,Nuyts Archipelago Marine Park - General Managed Use Zone 4,34.1,20,1,0,0,3.6,10.5,0,0,10
AIAUS1507,Australia,Nuyts Archipelago Marine Park - General Managed Use Zone 5,34.1,20,1,0,0,3.6,10.5,0,0,10
AIAUS1508,Australia,Nuyts Reef Conservation Park,56.8,12,9,0,1,26.2,4.5,0,0,8
AIAUS1509,Australia,Nuytsland Nature Reserve,61.7,24,20,0,1,28.7,7.0,0,0,8
AIAUS151,Australia,Batemans Marine Park - Brou Lake North Sanctuary Zone,15.5,5,0,0,1,3.5,7.0,0,0,5
AIAUS1511,Australia,Oceanic Shoals Australian Marine Park - National Park Zone - North,57.4,12,7,0,3,21.9,7.5,0,0,10
AIAUS1512,Australia,Oceanic Shoals Australian Marine Park,6.2,2,0,0,0,1.8,1.5,0,0,3
AIAUS1513,Australia,Oceanic Shoals Australian Marine Park - Multiple Use Zone - North,42.5,12,2,0,6,9.0,11.5,0,0,10
AIAUS1514,Australia,Oceanic Shoals Australian Marine Park - Special Purpose Zone (Trawl) - North,40.5,12,2,0,6,9.0,11.5,0,0,10
AIAUS1515,Australia,Oceanic Shoals Australian Marine Park - Habitat Protection Zone - North,48.7,12,3,0,5,11.7,10.0,0,0,10
AIAUS1516,Australia,Olive Island Conservation Park,56.8,12,9,0,1,26.2,4.5,0,0,8
AIAUS1517,Australia,One Tree Island Nature Reserve,64.1,25,22,0,1,29.1,7.0,0,0,8
AIAUS1518,Australia,One Tree Point Nature Reserve,61.7,24,20,0,1,28.7,7.0,0,0,8
AIAUS1519,Australia,Opossum Bay Marine Conservation Area,60.4,11,8,1,0,27.4,5.0,0,0,8
AIAUS152,Australia,Batemans Marine Park - Brou Lake South Sanctuary Zone,15.5,5,0,0,1,3.5,7.0,0,0,5
AIAUS1521,Australia,Ord River Nature Reserve,61.7,24,20,0,1,28.7,7.0,0,0,8
AIAUS1522,Australia,Parry Lagoons Nature Reserve,61.7,24,20,0,1,28.7,7.0,0,0,8
AIAUS1523,Australia,Orpheus Island National Park,8.4,12,0,0,1,1.9,1.5,0,0,5
AIAUS1524,Australia,Outer North Head Conservation Area,60.4,11,8,1,0,27.4,5.0,0,0,8
AIAUS1525,Australia,Outer Rocks Nature Reserve ,61.7,24,20,0,1,28.7,7.0,0,0,8
AIAUS1527,Australia,Paddys Island Nature Reserve,60.4,11,8,1,0,27.4,5.0,0,0,8
AIAUS1528,Australia,Palana Beach Nature Recreation Area,60.4,11,8,1,0,27.4,5.0,0,0,8
AIAUS1529,Australia,Paluma Range National Park,8.5,6,0,0,1,2.0,1.5,0,0,5
AIAUS153,Australia,Batemans Marine Park - Broulee Island Sanctuary Zone,15.5,5,0,0,1,3.5,7.0,0,0,5
AIAUS1530,Australia,Pardoe Northdown Conservation Area,60.4,11,8,1,0,27.4,5.0,0,0,8
AIAUS1531,Australia,Parnella Conservation Area,60.4,11,8,1,0,27.4,5.0,0,0,8
AIAUS1532,Australia,Parr State Conservation Area,64.4,21,18,0,2,29.4,7.0,0,0,8
AIAUS1533,Australia,Parramatta River Regional Park,59.6,22,16,0,3,24.6,7.0,0,0,8
AIAUS1535,Australia,Passage Island Conservation Area,60.4,11,8,1,0,27.4,5.0,0,0,8
AIAUS1537,Australia,Peel Island Fish Habitat Area (A),36.3,11,3,0,0,10.8,2.5,0,0,8
AIAUS1538,Australia,Teerk Roo Ra National Park Aboriginal,8.5,8,0,0,1,2.0,1.5,0,0,5
AIAUS1539,Australia,Teerk Roo Ra Conservation Park,54.3,26,14,1,1,19.8,4.5,0,0,10
AIAUS154,Australia,Batemans Marine Park - Brush Island Sanctuary Zone,15.5,5,0,0,1,3.5,7.0,0,0,5
AIAUS1541,Australia,Yalgorup National Park,61.7,23,19,0,1,28.7,7.0,0,0,8
AIAUS1542,Australia,Peggs Beach Conservation Area,60.4,11,8,1,0,27.4,5.0,0,0,8
AIAUS1544,Australia,Pelican Island Nature Reserve,64.1,25,22,0,1,29.1,7.0,0,0,8
AIAUS1546,Australia,Pelican Island Nature Reserve,61.7,24,20,0,1,28.7,7.0,0,0,8
AIAUS1547,Australia,Penguin Island Conservation Park,60.6,24,19,0,2,27.6,7.0,0,0,8
AIAUS1548,Australia,Penguin Islet Nature Reserve,60.4,11,8,1,0,27.4,5.0,0,0,8
AIAUS1549,Australia,Percy Isles National Park,8.5,6,0,0,1,2.0,1.5,0,0,5
AIAUS155,Australia,Batemans Marine Park - Buckenbowra River Sanctuary Zone,15.5,5,0,0,1,3.5,7.0,0,0,5
AIAUS1550,Australia,Perkins Island Conservation Area,60.4,11,8,1,0,27.4,5.0,0,0,8
AIAUS1551,Australia,Perth Canyon Australian Marine Park - Multiple Use Zone - South-west,41.2,10,2,0,4,10.2,9.0,0,0,10
AIAUS1551_P,Australia,Perth Canyon Australian Marine Park,6.2,1,0,0,0,1.8,1.5,0,0,3
AIAUS1552,Australia,Perth Canyon Australian Marine Park - Habitat Protection Zone - South-west,49.1,10,3,0,4,13.1,9.0,0,0,10
AIAUS1553,Australia,Perth Canyon Australian Marine Park - National Park Zone - South-west,56.2,11,6,0,3,20.7,7.5,0,0,10
AIAUS1555,Australia,Phillip Island Nature Parks,61.7,16,15,0,0,27.2,6.5,0,0,8
AIAUS1557,Australia,Piccaninnie Ponds Conservation Park,54.5,11,8,0,1,25.5,3.0,0,0,8
AIAUS1558,Australia,Pieman River State Reserve,60.4,11,8,1,0,27.4,5.0,0,0,8
AIAUS1559,Australia,Pigface Island Conservation Park,56.8,12,9,0,1,26.2,4.5,0,0,8
AIAUS156,Australia,Batemans Marine Park - Burrewarra Sanctuary Zone,15.5,5,0,0,1,3.5,7.0,0,0,5
AIAUS1560,Australia,Pimpama Fish Habitat Area (B),36.3,11,3,0,0,10.8,2.5,0,0,8
AIAUS1561,Australia,Pine River Bay Fish Habitat Area (A),36.3,11,3,0,0,10.8,2.5,0,0,8
AIAUS1562,Australia,Pine River Bay Fish Habitat Area (B),36.3,11,3,0,0,10.8,2.5,0,0,8
AIAUS1563,Australia,Piper Islands (Cape York Peninsula Aboriginal Land) National Park Aboriginal,8.5,8,0,0,1,2.0,1.5,0,0,5
AIAUS1567,Australia,Point Addis Marine National Park,37.2,7,2,0,0,11.8,7.5,0,0,8
AIAUS1569,Australia,Point Bell Conservation Park,54.5,11,8,0,1,25.5,3.0,0,0,8
AIAUS157,Australia,Batemans Marine Park - Candlagan Creek Sanctuary Zone,15.5,5,0,0,1,3.5,7.0,0,0,5
AIAUS1570,Australia,Point Cooke Marine Sanctuary,37.2,7,2,0,0,11.8,7.5,0,0,8
AIAUS1571,Australia,Point Danger Marine Sanctuary,45.2,8,3,0,0,14.7,7.5,0,0,8
AIAUS1572,Australia,Point Davenport Conservation Park,54.5,11,8,0,1,25.5,3.0,0,0,8
AIAUS1573,Australia,Point du Ressac Conservation Area,60.4,11,8,1,0,27.4,5.0,0,0,8
AIAUS1574,Australia,Point Hicks Marine National Park,44.3,8,3,0,0,13.8,7.5,0,0,8
AIAUS1575,Australia,Point Labatt Conservation Park,54.5,11,8,0,1,25.5,3.0,0,0,8
AIAUS1576,Australia,Point Nepean National Park,66.3,29,27,0,1,30.8,7.5,0,0,8
AIAUS158,Australia,Batemans Marine Park - Clarks Bay-Freshwater Bay Sanctuary Zone,32.1,4,1,0,0,10.1,4.0,0,0,8
AIAUS1581,Australia,Point Quobba Fish Habitat Protection Area,10.8,7,0,0,2,2.8,3.0,0,0,5
AIAUS1582,Australia,Popran National Park,63.4,22,19,0,2,28.4,7.0,0,0,8
AIAUS1584,Australia,Port Arthur Historic Site,58.2,12,8,1,0,25.2,5.0,0,0,8
AIAUS1585,Australia,Port Campbell National Park,64.3,36,29,0,1,27.3,9.0,0,0,8
AIAUS1586,Australia,Port Clinton (Reef Point-Cape Clinton) Dugong Protection Area (A),35.5,7,1,1,1,11.0,6.5,0,0,8
AIAUS1587,Australia,Port Cygnet Marine Conservation Area,60.4,11,8,1,0,27.4,5.0,0,0,8
AIAUS159,Australia,Batemans Marine Park - Coila Lake and Creek Sanctuary Zone,15.5,5,0,0,1,3.5,7.0,0,0,5
AIAUS1590,Australia,Port of Gladstone-Rodds Bay Dugong Protection Area (B),43.0,10,1,4,1,16.4,8.5,0,0,8
AIAUS1591,Australia,Port Phillip Heads Marine National Park,52.2,10,5,0,0,18.7,7.5,0,0,8
AIAUS1594,Australia,Port Stephens-Great Lakes Marine Park - Coastal Habitat Protection Zone,17.4,18,0,0,0,1.9,10.5,0,0,5
AIAUS1594_P,Australia,Port Stephens-Great Lakes Marine Park,5.8,1,0,0,0,1.8,1.0,0,0,3
AIAUS1595,Australia,Port Stephens-Great Lakes Marine Park - Cabbage Tree Island Habitat Protection Zone,31.9,18,1,0,0,3.4,10.5,0,0,8
AIAUS1596,Australia,Port Stephens-Great Lakes Marine Park - Dutchmans Beach Habitat Protection Zone,32.3,18,1,0,0,3.8,10.5,0,0,8
AIAUS1597,Australia,Port Stephens-Great Lakes Marine Park - Evens Point Habitat Protection Zone,17.4,18,0,0,0,1.9,10.5,0,0,5
AIAUS1598,Australia,Port Stephens-Great Lakes Marine Park - Karuah River Habitat Protection Zone,17.4,18,0,0,0,1.9,10.5,0,0,5
AIAUS1599,Australia,Port Stephens-Great Lakes Marine Park - Little Beach Habitat Protection Zone,14.0,13,0,0,0,2.0,7.0,0,0,5
AIAUS160,Australia,Batemans Marine Park - Couria Bay Sanctuary Zone,15.5,5,0,0,1,3.5,7.0,0,0,5
AIAUS1600,Australia,Port Stephens-Great Lakes Marine Park - Myall River at Bombah Broadwater Habitat Protection Zone,17.4,18,0,0,0,1.9,10.5,0,0,5
AIAUS1601,Australia,Port Stephens-Great Lakes Marine Park - Myall River Camp Habitat Protection Zone,17.4,18,0,0,0,1.9,10.5,0,0,5
AIAUS1602,Australia,Port Stephens-Great Lakes Marine Park - Nerong Creek Habitat Protection Zone,17.4,18,0,0,0,1.9,10.5,0,0,5
AIAUS1603,Australia,Port Stephens-Great Lakes Marine Park - Smiths Lake Habitat Protection Zone,17.4,18,0,0,0,1.9,10.5,0,0,5
AIAUS1604,Australia,Port Stephens-Great Lakes Marine Park - Soldiers Point Habitat Protection Zone,17.4,18,0,0,0,1.9,10.5,0,0,5
AIAUS1605,Australia,Port Stephens-Great Lakes Marine Park - Tarbuck Bay Habitat Protection Zone,17.4,18,0,0,0,1.9,10.5,0,0,5
AIAUS1606,Australia,Port Stephens-Great Lakes Marine Park - Tea Gardens Habitat Protection Zone,17.4,18,0,0,0,1.9,10.5,0,0,5
AIAUS1607,Australia,Port Stephens-Great Lakes Marine Park - Tilligerry Creek Habitat Protection Zone,17.4,18,0,0,0,1.9,10.5,0,0,5
AIAUS1608,Australia,Port Stephens-Great Lakes Marine Park - Broughton Island Habitat Protection Zone,17.4,20,0,0,0,1.9,10.5,0,0,5
AIAUS1609,Australia,Port Stephens-Great Lakes Marine Park - Edith Breakers Habitat Protection Zone,17.4,20,0,0,0,1.9,10.5,0,0,5
AIAUS161,Australia,Batemans Marine Park - Cullendulla Creek Sanctuary Zone,15.5,5,0,0,1,3.5,7.0,0,0,5
AIAUS1610,Australia,Port Stephens-Great Lakes Marine Park - Open Ocean Habitat Protection Zone,17.4,19,0,0,0,1.9,10.5,0,0,5
AIAUS1611,Australia,Port Stephens-Great Lakes Marine Park - Sawtooth Rocks Habitat Protection Zone,17.4,20,0,0,0,1.9,10.5,0,0,5
AIAUS1613,Australia,Port Stephens-Great Lakes Marine Park - General Use Zone,37.5,17,2,0,1,6.0,11.5,0,0,8
AIAUS1614,Australia,Port Stephens-Great Lakes Marine Park - Oyster Cove Special Purpose Zone,9.2,7,0,0,0,1.8,2.5,0,0,5
AIAUS1615,Australia,Port Stephens-Great Lakes Marine Park - Fly Point Cove Special Purpose Zone,9.2,7,0,0,0,1.8,2.5,0,0,5
AIAUS1616,Australia,Port Stephens-Great Lakes Marine Park - Anchorage Marina Special Purpose Zone,9.2,7,0,0,0,1.8,2.5,0,0,5
AIAUS1617,Australia,Port Stephens - Great Lakes Marine Park - General Use Zone - Bombah Broadwater General Use Zone,9.2,7,0,0,0,1.8,2.5,0,0,5
AIAUS1619,Australia,Port Stephens-Great Lakes Marine Park - Lemon Tree Passage Special Purpose Zone,9.2,7,0,0,0,1.8,2.5,0,0,5
AIAUS162,Australia,Batemans Marine Park - Dignams Creek Sanctuary Zone,15.5,5,0,0,1,3.5,7.0,0,0,5
AIAUS1620,Australia,Port Stephens-Great Lakes Marine Park - Little Beach Special Purpose Zone,9.2,7,0,0,0,1.8,2.5,0,0,5
AIAUS1621,Australia,Port Stephens-Great Lakes Marine Park - Nelson Bay Marina Special Purpose Zone,9.2,7,0,0,0,1.8,2.5,0,0,5
AIAUS1622,Australia,Port Stephens-Great Lakes Marine Park - Nerong Harbour Special Purpose Zone,9.2,7,0,0,0,1.8,2.5,0,0,5
AIAUS1623,Australia,Port Stephens-Great Lakes Marine Park - Port Stephens Fisheries Centre Special Purpose Zone,9.2,7,0,0,0,1.8,2.5,0,0,5
AIAUS1624,Australia,Port Stephens-Great Lakes Marine Park - Smiths Lake Special Purpose Zone,9.2,7,0,0,0,1.8,2.5,0,0,5
AIAUS1625,Australia,Port Stephens-Great Lakes Marine Park - Soldiers Point Special Purpose Zone,9.2,7,0,0,0,1.8,2.5,0,0,5
AIAUS1626,Australia,Port Stephens-Great Lakes Marine Park - Tea Gardens Special Purpose Zone,9.2,7,0,0,0,1.8,2.5,0,0,5
AIAUS1628,Australia,Port Stephens-Great Lakes Marine Park - Cellito South Habitat Protection Zone,14.0,13,0,0,0,2.0,7.0,0,0,5
AIAUS163,Australia,Batemans Marine Park - Forsters Bay Sanctuary Zone,15.5,5,0,0,1,3.5,7.0,0,0,5
AIAUS1630,Australia,Port Stephens-Great Lakes Marine Park - Fiona Beach Habitat Protection Zone,14.0,13,0,0,0,2.0,7.0,0,0,5
AIAUS1633,Australia,Port Stephens-Great Lakes Marine Park - Cellito South Sanctuary Zone,45.4,11,4,0,0,15.4,7.0,0,0,8
AIAUS1634,Australia,Port Stephens-Great Lakes Marine Park - Fiona Beach Sanctuary Zone,45.4,11,4,0,0,15.4,7.0,0,0,8
AIAUS1636,Australia,Port Stephens-Great Lakes Marine Park - Bombah Broadwater Sanctuary Zone,45.4,11,4,0,0,15.4,7.0,0,0,8
AIAUS1637,Australia,Port Stephens-Great Lakes Marine Park - Zenith Beach Sanctuary Zone,45.4,11,4,0,0,15.4,7.0,0,0,8
AIAUS1638,Australia,Port Stephens-Great Lakes Marine Park - Boolambayte Lake Sanctuary Zone,42.7,11,3,0,0,12.7,7.0,0,0,8
AIAUS1639,Australia,Port Stephens-Great Lakes Marine Park - Broughton Island Sanctuary Zone,45.4,11,4,0,0,15.4,7.0,0,0,8
AIAUS164,Australia,Batemans Marine Park - Kellys Lake Sanctuary Zone,15.5,5,0,0,1,3.5,7.0,0,0,5
AIAUS1640,Australia,Port Stephens-Great Lakes Marine Park - Cabbage Tree Island Sanctuary Zone,45.4,11,4,0,0,15.4,7.0,0,0,8
AIAUS1641,Australia,Port Stephens-Great Lakes Marine Park - Cromartys Bay Sanctuary Zone,45.4,11,4,0,0,15.4,7.0,0,0,8
AIAUS1642,Australia,Port Stephens-Great Lakes Marine Park - Fame Cove Sanctuary Zone,45.4,11,4,0,0,15.4,7.0,0,0,8
AIAUS1643,Australia,Port Stephens-Great Lakes Marine Park - Fingal Island Sanctuary Zone,45.4,11,4,0,0,15.4,7.0,0,0,8
AIAUS1644,Australia,Port Stephens-Great Lakes Marine Park - Fly Point - Corrie Island Sanctuary Zone,41.8,12,3,0,0,11.8,7.0,0,0,8
AIAUS1645,Australia,Port Stephens-Great Lakes Marine Park - Jimmys Beach Sanctuary Zone,44.3,12,4,0,0,14.3,7.0,0,0,8
AIAUS1646,Australia,Port Stephens-Great Lakes Marine Park - Karuah River Sanctuary Zone,45.4,11,4,0,0,15.4,7.0,0,0,8
AIAUS1647,Australia,Port Stephens-Great Lakes Marine Park - Little Branch Creek Sanctuary Zone,45.4,11,4,0,0,15.4,7.0,0,0,8
AIAUS1648,Australia,Port Stephens-Great Lakes Marine Park - Little Swan Bay Sanctuary Zone,45.4,11,4,0,0,15.4,7.0,0,0,8
AIAUS1649,Australia,Port Stephens-Great Lakes Marine Park - Mallabula Sanctuary Zone,45.4,11,4,0,0,15.4,7.0,0,0,8
AIAUS165,Australia,Batemans Marine Park - Kianga Lake Sanctuary Zone,15.5,5,0,0,1,3.5,7.0,0,0,5
AIAUS1650,Australia,Port Stephens-Great Lakes Marine Park - Myall Lake Number 1 Sanctuary Zone,45.4,11,4,0,0,15.4,7.0,0,0,8
AIAUS1651,Australia,Port Stephens-Great Lakes Marine Park - Myall Lake Number 2 Sanctuary Zone,45.4,11,4,0,0,15.4,7.0,0,0,8
AIAUS1652,Australia,Port Stephens-Great Lakes Marine Park - Myall Lake Number 3 Sanctuary Zone,45.4,11,4,0,0,15.4,7.0,0,0,8
AIAUS1653,Australia,Port Stephens-Great Lakes Marine Park - Myall River Sanctuary Zone,45.4,11,4,0,0,15.4,7.0,0,0,8
AIAUS1654,Australia,Port Stephens-Great Lakes Marine Park - North Arm Cove Sanctuary Zone,45.4,11,4,0,0,15.4,7.0,0,0,8
AIAUS1655,Australia,Port Stephens-Great Lakes Marine Park - Number One Cove Sanctuary Zone,45.4,11,4,0,0,15.4,7.0,0,0,8
AIAUS1656,Australia,Port Stephens-Great Lakes Marine Park - Pindimar Sanctuary Zone,45.4,11,4,0,0,15.4,7.0,0,0,8
AIAUS1657,Australia,Port Stephens-Great Lakes Marine Park - Salamander Bay Sanctuary Zone,45.4,11,4,0,0,15.4,7.0,0,0,8
AIAUS1658,Australia,Port Stephens-Great Lakes Marine Park - Seal Rocks Sanctuary Zone,45.4,11,4,0,0,15.4,7.0,0,0,8
AIAUS1659,Australia,Port Stephens-Great Lakes Marine Park - Smiths Lake Sanctuary Zone,42.7,11,3,0,0,12.7,7.0,0,0,8
AIAUS166,Australia,Batemans Marine Park - Malabar Creek Sanctuary Zone,15.5,5,0,0,1,3.5,7.0,0,0,5
AIAUS1660,Australia,Port Stephens-Great Lakes Marine Park - The Pinnacle Sanctuary Zone,45.4,11,4,0,0,15.4,7.0,0,0,8
AIAUS1661,Australia,Port Stephens-Great Lakes Marine Park - Twelve Mile Creek Sanctuary Zone,45.4,11,4,0,0,15.4,7.0,0,0,8
AIAUS1662,Australia,Port Stephens-Great Lakes Marine Park - Wallis and Fenninghams Island Creeks Sanctuary Zone,45.4,11,4,0,0,15.4,7.0,0,0,8
AIAUS1663,Australia,Possession Island National Park,8.7,8,0,0,0,2.2,1.5,0,0,5
AIAUS1664,Australia,Possums Place Conservation Covenant,8.7,4,0,0,1,2.2,1.5,0,0,5
AIAUS1665,Australia,Premaydena #1 Conservation Covenant,8.7,4,0,0,1,2.2,1.5,0,0,5
AIAUS1666,Australia,Premaydena Point Historic Site,58.2,12,8,1,0,25.2,5.0,0,0,8
AIAUS1669,Australia,Prince Regent National Park,61.7,23,19,0,1,28.7,7.0,0,0,8
AIAUS167,Australia,Batemans Marine Park - Meads Bay Sanctuary Zone,15.5,5,0,0,1,3.5,7.0,0,0,5
AIAUS1670,Australia,Princess Charlotte Bay Fish Habitat Area (A),36.3,11,3,0,0,10.8,2.5,0,0,8
AIAUS1671,Australia,Pulbah Island Nature Reserve,64.1,25,22,0,1,29.1,7.0,0,0,8
AIAUS1672,Australia,Pulu Indigenous Protected Area,15.8,7,0,1,1,6.2,1.5,0,0,8
AIAUS1674,Australia,Pulu Keeling National Park (Commonwealth) - Marine Reserve Zone,28.1,6,1,0,1,7.6,2.5,0,0,8
AIAUS1675,Australia,Pulu Keeling National Park (Commonwealth) - Strict Nature Reserve Zone,27.9,5,1,0,0,8.4,1.5,0,0,8
AIAUS1676,Australia,Pumicestone National Park,8.5,6,0,0,1,2.0,1.5,0,0,5
AIAUS1677,Australia,Pumicestone Channel Fish Habitat Area (A),36.3,11,3,0,0,10.8,2.5,0,0,8
AIAUS1678,Australia,Pumicestone Channel Fish Habitat Area (B),36.3,11,3,0,0,10.8,2.5,0,0,8
AIAUS1679,Australia,Pungalina-Seven Emu Private Nature Reserve,20.1,4,0,1,1,9.6,2.5,0,0,8
AIAUS168,Australia,Batemans Marine Park - Meringo Lake Sanctuary Zone,15.5,5,0,0,1,3.5,7.0,0,0,5
AIAUS1680,Australia,Quagering Nature Reserve,61.7,24,20,0,1,28.7,7.0,0,0,8
AIAUS1681,Australia,Quarantine Station State Reserve,60.4,11,8,1,0,27.4,5.0,0,0,8
AIAUS1682,Australia,Quarram Nature Reserve,61.7,24,20,0,1,28.7,7.0,0,0,8
AIAUS1683,Australia,Raine Island National Park (Scientific),53.9,28,15,1,1,19.4,4.5,0,0,10
AIAUS1684,Australia,Ralphs Bay Conservation Area,60.4,11,8,1,0,27.4,5.0,0,0,8
AIAUS1686,Australia,Randalls Bay Conservation Area,60.4,11,8,1,0,27.4,5.0,0,0,8
AIAUS1687,Australia,Raspins Beach Conservation Area,60.4,11,8,1,0,27.4,5.0,0,0,8
AIAUS1688,Australia,Ravine des Casoars Wilderness Protection Area,49.7,17,11,0,2,22.2,1.5,0,0,8
AIAUS1689,Australia,Recherche Archipelago Nature Reserve,61.7,24,20,0,1,28.7,7.0,0,0,8
AIAUS169,Australia,Batemans Marine Park - Merriwinga Creek Sanctuary Zone,15.5,5,0,0,1,3.5,7.0,0,0,5
AIAUS1695,Australia,Redbill Point Conservation Area,60.4,11,8,1,0,27.4,5.0,0,0,8
AIAUS1696,Australia,Reef Island Conservation Area,60.4,11,8,1,0,27.4,5.0,0,0,8
AIAUS1697,Australia,Regatta Island Nature Reserve,64.1,25,22,0,1,29.1,7.0,0,0,8
AIAUS170,Australia,Batemans Marine Park - Montague Island East Sanctuary Zone,12.1,5,0,0,1,2.1,5.0,0,0,5
AIAUS1700,Australia,Richmond River Nature Reserve,64.1,25,22,0,1,29.1,7.0,0,0,8
AIAUS1701,Australia,Ricketts Point Marine Sanctuary,46.9,10,4,0,0,15.4,8.5,0,0,8
AIAUS1702,Australia,Rileys Island Nature Reserve,64.1,25,22,0,1,29.1,7.0,0,0,8
AIAUS1703,Australia,Rinyirru (Lakefield) (Cape York Peninsula Aboriginal Land) National Park Aboriginal,8.5,7,0,0,1,2.0,1.5,0,0,5
AIAUS1705,Australia,River Derwent Marine Conservation Area,60.4,11,8,1,0,27.4,5.0,0,0,8
AIAUS1706,Australia,Rivoli Bay Rock Lobster Sanctuary,32.9,3,1,0,1,13.4,1.5,0,0,8
AIAUS1707,Australia,Roaring Beach Conservation Area,60.4,11,8,1,0,27.4,5.0,0,0,8
AIAUS1708,Australia,Roberts Point Marine Conservation Area,60.4,11,8,1,0,27.4,5.0,0,0,8
AIAUS1709,Australia,Rocky Cape National Park,60.4,11,8,1,0,27.4,5.0,0,0,8
AIAUS171,Australia,Batemans Marine Park - Montague South Sanctuary Zone,12.1,5,0,0,1,2.1,5.0,0,0,5
AIAUS1710,Australia,Rocky Island Nature Reserve ,61.7,24,20,0,1,28.7,7.0,0,0,8
AIAUS1711,Australia,Rocky Island (North) Conservation Park,56.8,12,9,0,1,26.2,4.5,0,0,8
AIAUS1712,Australia,Rocky Island (South) Conservation Park,56.8,12,9,0,1,26.2,4.5,0,0,8
AIAUS1713,Australia,Rodds Harbour Fish Habitat Area (A),36.3,11,3,0,0,10.8,2.5,0,0,8
AIAUS1714,Australia,Rodds Harbour Fish Habitat Area (B),36.3,11,3,0,0,10.8,2.5,0,0,8
AIAUS1715,Australia,Rodondo Island Nature Reserve,60.4,11,8,1,0,27.4,5.0,0,0,8
AIAUS1716,Australia,Roebuck Australian Marine Park - Multiple Use Zone - North-west,42.2,13,2,0,6,8.8,11.5,0,0,10
AIAUS1717,Australia,Unnamed WA51046 5(1)(h) Reserve  ,61.8,23,19,0,2,28.8,7.0,0,0,8
AIAUS1719,Australia,Round Island Nature Reserve,61.7,24,20,0,1,28.7,7.0,0,0,8
AIAUS172,Australia,Batemans Marine Park - Murramarang Sanctuary Zone,14.0,3,0,0,1,3.5,5.5,0,0,5
AIAUS1720,Australia,Round Island Conservation Park,54.3,26,14,1,1,19.8,4.5,0,0,10
AIAUS1722,Australia,Rowley Shoals Marine Park - Imperieuse Sanctuary Zone,31.1,14,1,0,2,4.6,8.5,0,0,8
AIAUS1722_P,Australia,Rowley Shoals Marine Park,6.2,1,0,0,0,1.8,1.5,0,0,3
AIAUS1723,Australia,Rowley Shoals Marine Park - Clerke Sanctuary Zone,31.1,14,1,0,2,4.6,8.5,0,0,8
AIAUS1727,Australia,Rowley Shoals Marine Park - Clerke Lagoon Recreation Zone,32.8,16,1,0,2,4.3,10.5,0,0,8
AIAUS1728,Australia,Rowley Shoals Marine Park - Clerke Outer Reef Recreation Zone,32.8,16,1,0,2,4.3,10.5,0,0,8
AIAUS1729,Australia,Rowley Shoals Marine Park - Imperieuse Recreation Zone,32.8,16,1,0,2,4.3,10.5,0,0,8
AIAUS173,Australia,Batemans Marine Park - Narira Creek Sanctuary Zone,14.0,3,0,0,1,3.5,5.5,0,0,5
AIAUS1730,Australia,Rowley Shoals Marine Park - General Use,32.8,15,1,0,1,4.3,10.5,0,0,8
AIAUS1731,Australia,Royal National Park,61.6,25,20,0,3,26.6,7.0,0,0,8
AIAUS1734,Australia,Russell River National Park,8.5,7,0,0,1,2.0,1.5,0,0,5
AIAUS1736,Australia,Safety Cove State Reserve,60.4,11,8,1,0,27.4,5.0,0,0,8
AIAUS1737,Australia,Salem Bay Conservation Area,60.4,11,8,1,0,27.4,5.0,0,0,8
AIAUS1738,Australia,Salt Lagoon Islands Conservation Park,54.5,11,8,0,1,25.5,3.0,0,0,8
AIAUS1739,Australia,Saltwater National Park,63.4,22,19,0,2,28.4,7.0,0,0,8
AIAUS174,Australia,Batemans Marine Park - North Durras Lake Sanctuary Zone,14.0,3,0,0,1,3.5,5.5,0,0,5
AIAUS1740,Australia,Sand Bay Fish Habitat Area (A),36.3,11,3,0,0,10.8,2.5,0,0,8
AIAUS1741,Australia,Sandbanks National Park,8.5,6,0,0,1,2.0,1.5,0,0,5
AIAUS1742,Australia,Sandland Island Nature Reserve,61.7,24,20,0,1,28.7,7.0,0,0,8
AIAUS1743,Australia,Sandringham Bay Conservation Park,54.3,26,14,1,1,19.8,4.5,0,0,10
AIAUS1744,Australia,Sandspit River Private Sanctuary,58.2,12,8,1,0,25.2,5.0,0,0,8
AIAUS1745,Australia,Unnamed  (Sandspit River) Conservation Area,60.4,11,8,1,0,27.4,5.0,0,0,8
AIAUS1746,Australia,Saratoga Island Nature Reserve,64.1,25,22,0,1,29.1,7.0,0,0,8
AIAUS1747,Australia,Scamander Conservation Area,60.4,11,8,1,0,27.4,5.0,0,0,8
AIAUS1748,Australia,Sceale Bay Conservation Park,54.5,11,8,0,1,25.5,3.0,0,0,8
AIAUS175,Australia,Batemans Marine Park - Pelican Inlet Sanctuary Zone,14.0,3,0,0,1,3.5,5.5,0,0,5
AIAUS1750,Australia,Scott National Park,61.7,23,19,0,1,28.7,7.0,0,0,8
AIAUS1751,Australia,Scott Reef Nature Reserve,61.7,24,20,0,1,28.7,7.0,0,0,8
AIAUS1752,Australia,Sea Acres National Park,63.4,22,19,0,2,28.4,7.0,0,0,8
AIAUS1753,Australia,Sea Elephant Conservation Area,60.4,11,8,1,0,27.4,5.0,0,0,8
AIAUS1754,Australia,Seacrow Islet Conservation Area,60.4,11,8,1,0,27.4,5.0,0,0,8
AIAUS1755,Australia,Seagull Islet Conservation Area,60.4,11,8,1,0,27.4,5.0,0,0,8
AIAUS1756,Australia,Seal Bay Conservation Park,54.5,11,8,0,1,25.5,3.0,0,0,8
AIAUS1757,Australia,Seal Island (WA32199) Nature Reserve,61.7,24,20,0,1,28.7,7.0,0,0,8
AIAUS1758,Australia,Seal Islands Wildlife Reserve,65.4,30,27,0,2,29.9,7.5,0,0,8
AIAUS176,Australia,Batemans Marine Park - Punkalla Creek Sanctuary Zone,14.0,3,0,0,1,3.5,5.5,0,0,5
AIAUS1760,Australia,Seal Rocks State Reserve,60.4,11,8,1,0,27.4,5.0,0,0,8
AIAUS1761,Australia,Seal Rocks Nature Reserve,64.1,25,22,0,1,29.1,7.0,0,0,8
AIAUS1762,Australia,Searcy Bay Conservation Park,54.5,11,8,0,1,25.5,3.0,0,0,8
AIAUS1763,Australia,Sedimentary Deposits Reserve 5(1)(g) Reserve,61.8,23,19,0,2,28.8,7.0,0,0,8
AIAUS1764,Australia,Sellars Lagoon Game Reserve,60.4,11,8,1,0,27.4,5.0,0,0,8
AIAUS1766,Australia,Serrurier Island Nature Reserve,61.7,24,20,0,1,28.7,7.0,0,0,8
AIAUS1768,Australia,Seven Mile Beach National Park,63.4,22,19,0,2,28.4,7.0,0,0,8
AIAUS1769,Australia,Seventeen Seventy-Round Hill Fish Habitat Area (B),36.3,11,3,0,0,10.8,2.5,0,0,8
AIAUS177,Australia,Batemans Marine Park - Tollgate Islands Sanctuary Zone,14.0,3,0,0,1,3.5,5.5,0,0,5
AIAUS1770,Australia,Seventeen Seventy-Round Hill Fish Habitat Area (A),36.3,11,3,0,0,10.8,2.5,0,0,8
AIAUS1772,Australia,Shallow Inlet Marine and Coastal Park ,64.5,31,27,0,2,29.0,7.5,0,0,8
AIAUS1775,Australia,Shark Bay Marine Park - Gladstone Special Purpose Zone (Dugong Protection),29.6,11,1,0,0,5.1,4.5,0,0,10
AIAUS1775_P,Australia,Shark Bay Marine Park,6.2,1,0,0,0,1.8,1.5,0,0,3
AIAUS1776,Australia,Shark Bay Marine Park - Boorabuggatta Special Purpose Zone (Habitat Protection),29.9,10,1,0,0,5.4,4.5,0,0,10
AIAUS1777,Australia,Shark Bay Marine Park - Cape Peron Special Purpose Zone (Wildlife Viewing and Protection),29.9,10,1,0,0,5.4,4.5,0,0,10
AIAUS1778,Australia,Shark Bay Marine Park - Freycinet Special Purpose Zone (Habitat Protection),29.3,12,1,0,0,4.8,4.5,0,0,10
AIAUS1779,Australia,Shark Bay Marine Park - Wooramel Special Purpose Zone (Seagrass Protection),29.3,12,1,0,0,4.8,4.5,0,0,10
AIAUS178,Australia,Batemans Marine Park - Upper Durras Lake Sanctuary Zone,14.0,3,0,0,1,3.5,5.5,0,0,5
AIAUS1782,Australia,Shark Bay Marine Park - Big Lagoon Sanctuary Zone,46.5,6,3,0,0,19.0,4.5,0,0,8
AIAUS1783,Australia,Shark Bay Marine Park - Disappointment Reach Sanctuary Zone,46.5,6,3,0,0,19.0,4.5,0,0,8
AIAUS1784,Australia,Shark Bay Marine Park - Eighteen Mile Sanctuary Zone,46.5,6,3,0,0,19.0,4.5,0,0,8
AIAUS1785,Australia,Shark Bay Marine Park - Gudrun Wreck Sanctuary Zone,46.5,6,3,0,0,19.0,4.5,0,0,8
AIAUS1786,Australia,Shark Bay Marine Park - Lharidon Bight Sanctuary Zone,46.5,6,3,0,0,19.0,4.5,0,0,8
AIAUS1787,Australia,Shark Bay Marine Park - Mary Anne Island Sanctuary Zone,46.5,6,3,0,0,19.0,4.5,0,0,8
AIAUS1788,Australia,Shark Bay Marine Park - Sandy Point Sanctuary Zone,46.5,6,3,0,0,19.0,4.5,0,0,8
AIAUS1789,Australia,Shark Bay Marine Park - Surf Point Sanctuary Zone,46.5,6,3,0,0,19.0,4.5,0,0,8
AIAUS179,Australia,Batemans Marine Park - Waterfall Creek Sanctuary Zone,14.0,3,0,0,1,3.5,5.5,0,0,5
AIAUS1790,Australia,Shark Bay Marine Park - General Use,29.5,11,1,0,0,4.5,5.0,0,0,10
AIAUS1791,Australia,Shark Bay Marine Park - Dubaut Inlet Recreation Zone,32.1,5,1,0,0,9.1,5.0,0,0,8
AIAUS1792,Australia,Shark Bay Marine Park - Little Lagoon Recreation Zone,32.1,5,1,0,0,9.1,5.0,0,0,8
AIAUS1793,Australia,Shark Bay Marine Park - Monkey Mia Recreation Zone,28.7,5,1,0,0,7.7,3.0,0,0,8
AIAUS1794,Australia,Shark Bay Australian Marine Park - Multiple Use Zone - North-west,42.2,13,2,0,6,8.8,11.5,0,0,10
AIAUS1795,Australia,Shark Island Nature Reserve,64.1,25,22,0,1,29.1,7.0,0,0,8
AIAUS1796,Australia,Sheepwash Bay Conservation Area,60.4,11,8,1,0,27.4,5.0,0,0,8
AIAUS1797,Australia,Shell Beach Conservation Park,61.8,23,19,0,2,28.8,7.0,0,0,8
AIAUS1798,Australia,Shell Islets Conservation Area,60.4,11,8,1,0,27.4,5.0,0,0,8
AIAUS1799,Australia,Shelter Island Nature Reserve,61.7,24,20,0,1,28.7,7.0,0,0,8
AIAUS180,Australia,Batemans Marine Park - Handkerchief Beach Habitat Protection Zone,35.6,15,1,0,2,5.6,10.0,0,0,8
AIAUS1800,Australia,Shiprock Aquatic Reserve (Sanctuary),10.3,3,0,0,1,2.3,3.0,0,0,5
AIAUS1802,Australia,Shoalwater Bay Dugong Protection Area (A),26.9,6,1,0,1,6.4,2.5,0,0,8
AIAUS1804,Australia,Shoalwater Bay Islands Nature Reserve,61.7,24,20,0,1,28.7,7.0,0,0,8
AIAUS1805,Australia,Shoalwater Islands Marine Park - Shoalwater Bay Special Purpose Zone (Wildlife Conservation),33.5,8,2,0,0,10.5,5.0,0,0,8
AIAUS1805_P,Australia,Shoalwater Islands Marine Park,6.2,1,0,0,0,1.8,1.5,0,0,3
AIAUS1806,Australia,Shoalwater Islands Marine Park - Becher Point Sanctuary Area,33.5,7,2,0,1,12.5,3.0,0,0,8
AIAUS1807,Australia,Shoalwater Islands Marine Park - Seal Island Sanctuary Area,33.5,7,2,0,1,12.5,3.0,0,0,8
AIAUS1808,Australia,Shoalwater Islands Marine Park - Second Rock Sanctuary Area,33.5,7,2,0,1,12.5,3.0,0,0,8
AIAUS1809,Australia,Shoalwater Islands Marine Park - Murray Reef Special Purpose Zone (Scientific Reference),33.5,8,2,0,0,10.5,5.0,0,0,8
AIAUS181,Australia,Batemans Marine Park - Montague Island (Inner) Habitat Protection Zone,35.2,18,1,0,2,5.2,10.0,0,0,8
AIAUS1810,Australia,Shoalwater Islands Marine Park - General Use Area,30.0,7,1,0,0,7.0,5.0,0,0,8
AIAUS1811,Australia,Shoal Bay Coastal Reserve,35.3,3,1,0,0,12.8,2.5,0,0,8
AIAUS1812,Australia,Shoalwater Bay Conservation Park,54.3,26,14,1,1,19.8,4.5,0,0,10
AIAUS1813,Australia,Silver Plains Fish Habitat Area (A),36.3,11,3,0,0,10.8,2.5,0,0,8
AIAUS1815,Australia,Simpsons Bay Conservation Area,60.4,11,8,1,0,27.4,5.0,0,0,8
AIAUS1816,Australia,Simpsons Point Conservation Covenant,8.7,4,0,0,1,2.2,1.5,0,0,5
AIAUS1817,Australia,Simpsons Point Marine Conservation Area,60.4,11,8,1,0,27.4,5.0,0,0,8
AIAUS1818,Australia,Single Tree Plain Conservation Area,60.4,11,8,1,0,27.4,5.0,0,0,8
AIAUS1819,Australia,Sir Joseph Banks Group Conservation Park,56.1,11,8,0,0,25.6,4.5,0,0,8
AIAUS182,Australia,Batemans Marine Park - Shallow Crossing Habitat Protection Zone,35.5,16,1,0,3,5.5,10.0,0,0,8
AIAUS1820,Australia,Sir Joseph Banks Group Marine Park - Restricted Access Zone (Existing) 1,55.0,6,3,0,0,19.5,8.5,0,0,10
AIAUS1820_P,Australia,Sir Joseph Banks Group Marine Park,6.2,1,0,0,0,1.8,1.5,0,0,3
AIAUS1822,Australia,Sir Joseph Banks Group Marine Park - Sanctuary Zone 1,51.9,11,4,0,0,15.4,9.5,0,0,10
AIAUS1823,Australia,Sir Joseph Banks Group Marine Park - Sanctuary Zone 2,51.9,11,4,0,0,15.4,9.5,0,0,10
AIAUS1824,Australia,Sir Joseph Banks Group Marine Park - Sanctuary Zone 3,51.9,11,4,0,0,15.4,9.5,0,0,10
AIAUS1825,Australia,Sir Joseph Banks Group Marine Park - Sanctuary Zone 4,51.9,11,4,0,0,15.4,9.5,0,0,10
AIAUS1826,Australia,Sir Joseph Banks Group Marine Park - Sanctuary Zone 5,51.9,11,4,0,0,15.4,9.5,0,0,10
AIAUS1828,Australia,Sir Joseph Banks Group Marine Park - Habitat Protection Zone 2,34.1,20,1,0,0,3.6,10.5,0,0,10
AIAUS1829,Australia,Sir Joseph Banks Group Marine Park - Habitat Protection Zone 1,34.1,20,1,0,0,3.6,10.5,0,0,10
AIAUS1831,Australia,Sir Joseph Banks Group Marine Park - General Managed Use Zone 1,34.1,20,1,0,0,3.6,10.5,0,0,10
AIAUS1832,Australia,Sir Joseph Banks Group Marine Park - General Managed Use Zone 2,34.1,20,1,0,0,3.6,10.5,0,0,10
AIAUS1833,Australia,Sir Joseph Banks Group Marine Park - General Managed Use Zone 3,34.1,20,1,0,0,3.6,10.5,0,0,10
AIAUS1834,Australia,Sir Joseph Banks Group Marine Park - General Managed Use Zone 4,34.1,20,1,0,0,3.6,10.5,0,0,10
AIAUS1837,Australia,Skull Knob Conservation Park,54.3,26,14,1,1,19.8,4.5,0,0,10
AIAUS1839,Australia,Sloping Island Marine Conservation Area,60.4,11,8,1,0,27.4,5.0,0,0,8
AIAUS184,Australia,Baudin Conservation Park,54.5,11,8,0,1,25.5,3.0,0,0,8
AIAUS1840,Australia,Sloping Main Conservation Area,60.4,11,8,1,0,27.4,5.0,0,0,8
AIAUS1841,Australia,Smith Islands National Park,8.5,6,0,0,1,2.0,1.5,0,0,5
AIAUS1842,Australia,Smiths Lake Nature Reserve,64.1,25,22,0,1,29.1,7.0,0,0,8
AIAUS1844,Australia,Snapper Island Nature Reserve,64.1,25,22,0,1,29.1,7.0,0,0,8
AIAUS1845,Australia,Snowy River Heritage River,27.4,10,1,0,2,5.4,4.0,0,0,8
AIAUS1847,Australia,Solitary Islands Marine Park - General Use Zone,33.9,14,1,0,0,4.4,11.5,0,0,8
AIAUS1847_P,Australia,Solitary Islands Marine Park,6.2,2,0,0,0,1.8,1.5,0,0,3
AIAUS1848,Australia,Solitary Islands Marine Park - Special Purpose Zone 1 (Sandon River Oyster Aquaculture),29.0,5,1,0,1,9.5,1.5,0,0,8
AIAUS1849,Australia,Solitary Islands Marine Park - Special Purpose Zone 2 (Wooli Wooli River Oyster Aquaculture),30.0,4,1,0,1,10.5,1.5,0,0,8
AIAUS185,Australia,Baudin Rocks Conservation Park,54.5,11,8,0,1,25.5,3.0,0,0,8
AIAUS1850,Australia,Solitary Islands Marine Park - Special Purpose Zone 3 (Pipe Clay Lake Habitat Rehabilitation),8.7,4,0,0,1,2.2,1.5,0,0,5
AIAUS1851,Australia,Solitary Islands Marine Park - Special Purpose Zone 4 (Arrawarra Headland),8.7,4,0,0,1,2.2,1.5,0,0,5
AIAUS1853,Australia,Solitary Islands Marine Park - Bare Bluff to Diggers Point Habitat Protection Zone,56.8,18,7,0,0,15.3,13.5,0,0,8
AIAUS1854,Australia,Solitary Islands Marine Park - Minnie Water Back Beach Habitat Protection Zone,56.8,18,7,0,0,15.3,13.5,0,0,8
AIAUS1855,Australia,Solitary Islands Marine Park - Moonee Beach Habitat Protection Zone,56.8,18,7,0,0,15.3,13.5,0,0,8
AIAUS1857,Australia,Solitary Islands Marine Park - Northern Section Sanctuary Zone,30.1,11,1,0,0,5.1,7.0,0,0,8
AIAUS1858,Australia,Solitary Islands Marine Park - Southern Section Sanctuary Zone,30.1,11,1,0,0,5.1,7.0,0,0,8
AIAUS186,Australia,Bay of Fires Conservation Area,60.4,11,8,1,0,27.4,5.0,0,0,8
AIAUS1860,Australia,"Solitary Islands Marine Park - Chopper Rock, Surgeons Reef and North West Solitary Island Habitat Protection Zone",52.6,19,5,0,0,11.1,13.5,0,0,8
AIAUS1861,Australia,Solitary Islands Marine Park - Wooli Wooli River Habitat Protection Zone,52.6,19,5,0,0,11.1,13.5,0,0,8
AIAUS1862,Australia,Solitary Islands Marine Park - Habitat Protection Zone,52.6,19,5,0,0,11.1,13.5,0,0,8
AIAUS1863,Australia,Solitary Islands Marine Park - North Solitary Island Habitat Protection Zone,52.6,19,5,0,0,11.1,13.5,0,0,8
AIAUS1864,Australia,Solitary Islands Marine Park - North West Rock Habitat Protection Zone,52.6,19,5,0,0,11.1,13.5,0,0,8
AIAUS1865,Australia,Solitary Islands Marine Park - Sandon Shoals Habitat Protection Zone,52.6,19,5,0,0,11.1,13.5,0,0,8
AIAUS1866,Australia,Solitary Islands Marine Park - South Solitary Island Habitat Protection Zone,52.6,19,5,0,0,11.1,13.5,0,0,8
AIAUS1867,Australia,Solitary Islands Marine Park - Split Solitary Island Habitat Protection Zone,52.6,19,5,0,0,11.1,13.5,0,0,8
AIAUS1869,Australia,Solitary Islands Australian Marine Park - Multiple Use Zone - Temperate East,41.8,14,2,0,6,8.2,11.5,0,0,10
AIAUS1869_P,Australia,Solitary Islands Australian Marine Park,6.2,2,0,0,0,1.8,1.5,0,0,3
AIAUS187,Australia,Bay of Islands Coastal Park,64.3,36,29,0,1,27.3,9.0,0,0,8
AIAUS1870,Australia,Solitary Islands Australian Marine Park - Special Purpose Zone (Trawl) - Temperate East,41.8,14,2,0,6,8.2,11.5,0,0,10
AIAUS1871,Australia,Solitary Islands Australian Marine Park - National Park Zone - Temperate East,54.8,12,6,0,2,19.2,7.5,0,0,10
AIAUS1873,Australia,Solitary Islands Marine Park - Central Section Sanctuary Zone,30.1,11,1,0,0,5.1,7.0,0,0,8
AIAUS1874,Australia,Solitary Islands Marine Park - Flat Top Point Sanctuary Zone,30.1,11,1,0,0,5.1,7.0,0,0,8
AIAUS1875,Australia,Solitary Islands Marine Park - Jones Point Sanctuary Zone,30.1,11,1,0,0,5.1,7.0,0,0,8
AIAUS1876,Australia,Solitary Islands Marine Park - North Solitary Island Sanctuary Zone,30.1,11,1,0,0,5.1,7.0,0,0,8
AIAUS1877,Australia,Solitary Islands Marine Park - North West Rock Sanctuary Zone,30.1,11,1,0,0,5.1,7.0,0,0,8
AIAUS1878,Australia,Solitary Islands Marine Park - North West Solitary Island Sanctuary Zone,30.1,11,1,0,0,5.1,7.0,0,0,8
AIAUS1879,Australia,Solitary Islands Marine Park - Sandon River System (Northern Section) Sanctuary Zone,30.1,11,1,0,0,5.1,7.0,0,0,8
AIAUS188,Australia,Baynes Island Nature Reserve,60.4,11,8,1,0,27.4,5.0,0,0,8
AIAUS1880,Australia,Solitary Islands Marine Park - South Solitary Island Sanctuary Zone,30.1,11,1,0,0,5.1,7.0,0,0,8
AIAUS1881,Australia,Solitary Islands Marine Park - Split Solitary Island Sanctuary Zone,30.1,11,1,0,0,5.1,7.0,0,0,8
AIAUS1882,Australia,Solitary Islands Marine Park - Corindi River System Sanctuary Zone,30.1,11,1,0,0,5.1,7.0,0,0,8
AIAUS1883,Australia,Solitary Islands Marine Park - Station Creek Sanctuary Zone,30.1,11,1,0,0,5.1,7.0,0,0,8
AIAUS1884,Australia,Solitary Islands Marine Park - Wooli Wooli River and Diggers Camp (Northern Section) Sanctuary Zone,30.1,11,1,0,0,5.1,7.0,0,0,8
AIAUS1886,Australia,South Arm Nature Recreation Area,60.4,11,8,1,0,27.4,5.0,0,0,8
AIAUS1887,Australia,South Arm Marine Conservation Area,60.4,11,8,1,0,27.4,5.0,0,0,8
AIAUS1889,Australia,South Cumberland Islands National Park,8.5,6,0,0,1,2.0,1.5,0,0,5
AIAUS189,Australia,Beachport Conservation Park,54.5,11,8,0,1,25.5,3.0,0,0,8
AIAUS1891,Australia,South Stradbroke Island Conservation Park,54.3,26,14,1,1,19.8,4.5,0,0,10
AIAUS1892,Australia,South Tasman Rise Australian Marine Park - Special Purpose Zone - South-east,35.8,7,2,0,0,12.2,5.5,0,0,8
AIAUS1893,Australia,South West Solitary Island Nature Reserve,64.1,25,22,0,1,29.1,7.0,0,0,8
AIAUS1894,Australia,South-East Arnhem Land Indigenous Protected Area,8.8,3,0,0,1,2.3,1.5,0,0,5
AIAUS1895,Australia,South-west Corner Australian Marine Park,6.2,2,0,0,0,1.8,1.5,0,0,3
AIAUS1896,Australia,South-west Corner Australian Marine Park - Multiple Use Zone - South-west,41.2,10,2,0,4,10.2,9.0,0,0,10
AIAUS1897,Australia,South-west Corner Australian Marine Park - Special Purpose Zone - South-west,41.2,10,2,0,4,10.2,9.0,0,0,10
AIAUS1898,Australia,South-west Corner Australian Marine Park - Special Purpose Zone (Mining Exclusion) - South-west,49.9,11,3,0,4,12.4,10.5,0,0,10
AIAUS1899,Australia,South-west Corner Australian Marine Park - National Park Zone - South-west,56.2,11,6,0,3,20.7,7.5,0,0,10
AIAUS19,Australia,Abrolhos Australian Marine Park - National Park Zone - South-west,56.2,11,6,0,3,20.7,7.5,0,0,10
AIAUS190,Australia,Beagle Australian Marine Park - Multiple Use Zone - South-east,39.1,9,2,0,1,10.1,9.0,0,0,8
AIAUS1900,Australia,South-west Corner Australian Marine Park - Habitat Protection Zone - South-west,49.1,10,3,0,4,13.1,9.0,0,0,10
AIAUS1901,Australia,Southend Conservation Park,54.3,26,14,1,1,19.8,4.5,0,0,10
AIAUS1902,Australia,Southern Beekeepers Nature Reserve,61.7,24,20,0,1,28.7,7.0,0,0,8
AIAUS1904,Australia,Southern Kangaroo Island Marine Park - Habitat Protection Zone 1 ,34.1,20,1,0,0,3.6,10.5,0,0,10
AIAUS1904_P,Australia,Southern Kangaroo Island Marine Park,1.8,1,0,0,0,1.8,0.0,0,0,0
AIAUS1905,Australia,Southern Kangaroo Island Marine Park - Habitat Protection Zone 2,34.1,20,1,0,0,3.6,10.5,0,0,10
AIAUS1906,Australia,Southern Kangaroo Island Marine Park - Sanctuary Zone 1,51.9,11,4,0,0,15.4,9.5,0,0,10
AIAUS1907,Australia,Southern Kangaroo Island Marine Park - Restricted Access Zone (Existing) 1,55.0,6,3,0,0,19.5,8.5,0,0,10
AIAUS1908,Australia,Southern Kangaroo Island Australian Marine Park - Special Purpose Zone (Mining Exclusion) - South-west,49.9,11,3,0,4,12.4,10.5,0,0,10
AIAUS1909,Australia,Southern Moreton Bay Islands National Park,8.5,7,0,0,1,2.0,1.5,0,0,5
AIAUS191,Australia,Beagle Islands Nature Reserve,61.7,24,20,0,1,28.7,7.0,0,0,8
AIAUS1911,Australia,Southern Spencer Gulf Marine Park - General Managed Use Zone 1,18.5,17,0,0,0,2.0,9.5,0,0,7
AIAUS1911_P,Australia,Southern Spencer Gulf Marine Park,6.2,1,0,0,0,1.8,1.5,0,0,3
AIAUS1912,Australia,Southern Spencer Gulf Marine Park - General Managed Use Zone 2,18.5,17,0,0,0,2.0,9.5,0,0,7
AIAUS1913,Australia,Southern Spencer Gulf Marine Park - General Managed Use Zone 3,18.5,17,0,0,0,2.0,9.5,0,0,7
AIAUS1915,Australia,Southern Spencer Gulf Marine Park - Sanctuary Zone 1,51.9,11,4,0,0,15.4,9.5,0,0,10
AIAUS1916,Australia,Southern Spencer Gulf Marine Park - Sanctuary Zone 2,51.9,11,4,0,0,15.4,9.5,0,0,10
AIAUS1917,Australia,Southern Spencer Gulf Marine Park - Sanctuary Zone 3,51.9,11,4,0,0,15.4,9.5,0,0,10
AIAUS1919,Australia,Southern Spencer Gulf Marine Park - Habitat Protection Zone 1,34.1,20,1,0,0,3.6,10.5,0,0,10
AIAUS192,Australia,Beatrice Islet Conservation Park,54.5,11,8,0,1,25.5,3.0,0,0,8
AIAUS1920,Australia,Southern Spencer Gulf Marine Park - Habitat Protection Zone 2,34.1,20,1,0,0,3.6,10.5,0,0,10
AIAUS1921,Australia,Southern Spencer Gulf Marine Park - Habitat Protection Zone 3,34.1,20,1,0,0,3.6,10.5,0,0,10
AIAUS1924,Australia,Southern Wilsons Promontory Remote and Natural Area,50.8,12,6,0,2,19.2,3.5,0,0,8
AIAUS1926,Australia,Southwest National Park - Port Davey/Bathurst Harbour Marine Nature Reserve No Take Zone,9.6,4,0,0,1,3.1,1.5,0,0,5
AIAUS1927,Australia,Southwest National Park - Port Davey/Bathurst Harbour Marine Nature Reserve Restricted Take Zone,31.3,4,1,0,0,8.3,5.0,0,0,8
AIAUS1928,Australia,Spectacle Island Nature Reserve,64.1,25,22,0,1,29.1,7.0,0,0,8
AIAUS1931,Australia,Spiky Beach Conservation Area,60.4,11,8,1,0,27.4,5.0,0,0,8
AIAUS1932,Australia,Split Solitary Island Nature Reserve,64.1,25,22,0,1,29.1,7.0,0,0,8
AIAUS1933,Australia,St Helena Island National Park,8.5,7,0,0,1,2.0,1.5,0,0,5
AIAUS1935,Australia,St Kilda-Chapman Creek Aquatic Reserve,41.8,7,3,0,1,15.2,3.5,0,0,8
AIAUS1936,Australia,Staaten-Gilbert Fish Habitat Area (A),36.3,11,3,0,0,10.8,2.5,0,0,8
AIAUS1938,Australia,Stanley Conservation Area,60.4,11,8,1,0,27.4,5.0,0,0,8
AIAUS1939,Australia,Stewart Peninsula-Newry Island - Ball Bay Dugong Protection Area (A)  ,36.5,7,1,1,1,11.0,7.5,0,0,8
AIAUS194,Australia,Port Kennedy Scientific Park Nature Reserve,61.7,24,20,0,1,28.7,7.0,0,0,8
AIAUS1940,Australia,Stewarts Bay State Reserve,60.4,11,8,1,0,27.4,5.0,0,0,8
AIAUS1941,Australia,Stokes National Park,61.7,23,19,0,1,28.7,7.0,0,0,8
AIAUS1943,Australia,Storehouse Island Conservation Area,60.4,11,8,1,0,27.4,5.0,0,0,8
AIAUS1944,Australia,Stormpetrel Nature Reserve,64.1,25,22,0,1,29.1,7.0,0,0,8
AIAUS1945,Australia,Stotts Island Nature Reserve,64.1,25,22,0,1,29.1,7.0,0,0,8
AIAUS1948,Australia,Sundown Point State Reserve,60.4,11,8,1,0,27.4,5.0,0,0,8
AIAUS1949,Australia,Surveyors Bay Conservation Area,60.4,11,8,1,0,27.4,5.0,0,0,8
AIAUS195,Australia,Bedout Island Nature Reserve,61.7,24,20,0,1,28.7,7.0,0,0,8
AIAUS1950,Australia,Susan Island Nature Reserve,64.1,25,22,0,1,29.1,7.0,0,0,8
AIAUS1951,Australia,Swain Reefs National Park,8.5,6,0,0,1,2.0,1.5,0,0,5
AIAUS1952,Australia,Swan Bay - Edwards Point Wildlife Reserve,65.4,30,27,0,2,29.9,7.5,0,0,8
AIAUS1953,Australia,Swan Estuary Marine Park ,30.8,5,1,0,1,8.8,4.0,0,0,8
AIAUS1954,Australia,Swan Estuary Marine Park - Alfred Cove General Use Zone,27.1,9,1,0,0,5.1,4.0,0,0,8
AIAUS1955,Australia,Swan Estuary Marine Park - Milyu General Use Zone,27.1,9,1,0,0,5.1,4.0,0,0,8
AIAUS1956,Australia,Swan Estuary Marine Park - Pelican Point General Use Zone,27.1,9,1,0,0,5.1,4.0,0,0,8
AIAUS1957,Australia,Swan Island Nature Reserve,61.7,24,20,0,1,28.7,7.0,0,0,8
AIAUS1959,Australia,Swansea Conservation Area,60.4,11,8,1,0,27.4,5.0,0,0,8
AIAUS196,Australia,Beekeepers Nature Reserve,61.7,24,20,0,1,28.7,7.0,0,0,8
AIAUS1960,Australia,Sydney Cove Historic Site,58.2,12,8,1,0,25.2,5.0,0,0,8
AIAUS1961,Australia,Sydney Harbour National Park,63.7,23,20,0,2,28.7,7.0,0,0,8
AIAUS1963,Australia,Table Cape State Reserve,60.4,11,8,1,0,27.4,5.0,0,0,8
AIAUS1964,Australia,Tallebudgera Creek Fish Habitat Area (B),36.3,11,3,0,0,10.8,2.5,0,0,8
AIAUS1967,Australia,Tanner Island Nature Reserve,61.7,24,20,0,1,28.7,7.0,0,0,8
AIAUS197,Australia,Beelbi Fish Habitat Area (A),36.3,11,3,0,0,10.8,2.5,0,0,8
AIAUS1970,Australia,Tasman Fracture Australian Marine Park - Multiple Use Zone - South-east,39.1,9,2,0,1,10.1,9.0,0,0,8
AIAUS1970_P,Australia,Tasman Fracture Australian Marine Park,6.2,1,0,0,0,1.8,1.5,0,0,3
AIAUS1971,Australia,Tasman Fracture Australian Marine Park - Special Purpose Zone - South-east,35.8,7,2,0,0,12.2,5.5,0,0,8
AIAUS1972,Australia,Tasman Fracture Australian Marine Park - Marine National Park Zone - South-east,49.3,8,4,0,0,18.8,5.5,0,0,10
AIAUS1974,Australia,Franklin-Gordon Wild Rivers National Park,60.4,11,8,1,0,27.4,5.0,0,0,8
AIAUS1977,Australia,Tatlows Beach Conservation Area,60.4,11,8,1,0,27.4,5.0,0,0,8
AIAUS1979,Australia,Temple Bay Fish Habitat Area (A),36.3,11,3,0,0,10.8,2.5,0,0,8
AIAUS198,Australia,Beelbi Fish Habitat Area (B),36.3,11,3,0,0,10.8,2.5,0,0,8
AIAUS1980,Australia,Tent Island Nature Reserve,61.7,24,20,0,1,28.7,7.0,0,0,8
AIAUS1981,Australia,Tenth Island Nature Reserve,60.4,11,8,1,0,27.4,5.0,0,0,8
AIAUS1982,Australia,Tessellated Pavement State Reserve,60.4,11,8,1,0,27.4,5.0,0,0,8
AIAUS1983,Australia,The Arches Marine Sanctuary ,46.0,7,3,0,0,15.5,7.5,0,0,8
AIAUS1984,Australia,The Big Punchbowl Reserve Conservation Covenant,8.7,4,0,0,1,2.2,1.5,0,0,5
AIAUS1986,Australia,The Nut State Reserve,60.4,11,8,1,0,27.4,5.0,0,0,8
AIAUS1987,Australia,The Pages Conservation Park,54.5,11,8,0,1,25.5,3.0,0,0,8
AIAUS1989,Australia,The Spit Wildlife Reserve,65.4,30,27,0,2,29.9,7.5,0,0,8
AIAUS199,Australia,Bellettes Bay Conservation Area,60.4,11,8,1,0,27.4,5.0,0,0,8
AIAUS1990,Australia,Thevenard Island Nature Reserve,62.1,25,20,0,1,27.6,8.5,0,0,8
AIAUS1991,Australia,Thidna Conservation Park,54.5,11,8,0,1,25.5,3.0,0,0,8
AIAUS1993,Australia,Thorny Passage Marine Park - General Managed Use Zones 4 and 5,34.1,20,1,0,0,3.6,10.5,0,0,10
AIAUS1993_P,Australia,Thorny Passage Marine Park,6.2,1,0,0,0,1.8,1.5,0,0,3
AIAUS1994,Australia,Thorny Passage Marine Park - General Managed Use Zone 1,34.1,20,1,0,0,3.6,10.5,0,0,10
AIAUS1995,Australia,Thorny Passage Marine Park - General Managed Use Zone 2,34.1,20,1,0,0,3.6,10.5,0,0,10
AIAUS1996,Australia,Thorny Passage Marine Park - General Managed Use Zone 3,34.1,20,1,0,0,3.6,10.5,0,0,10
AIAUS1998,Australia,Thorny Passage Marine Park - Sanctuary Zone 6,51.9,11,4,0,0,15.4,9.5,0,0,10
AIAUS1999,Australia,Thorny Passage Marine Park - Sanctuary Zone 1,51.9,11,4,0,0,15.4,9.5,0,0,10
AIAUS2,Australia,Australia Territorial Seas,8.7,4,0,0,1,2.2,1.5,0,0,5
AIAUS20,Australia,Abrolhos Australian Marine Park - Habitat Protection Zone - South-west,49.1,10,3,0,4,13.1,9.0,0,0,10
AIAUS200,Australia,Belowla Island Nature Reserve,64.1,25,22,0,1,29.1,7.0,0,0,8
AIAUS2000,Australia,Thorny Passage Marine Park - Sanctuary Zone 2,51.9,11,4,0,0,15.4,9.5,0,0,10
AIAUS2001,Australia,Thorny Passage Marine Park - Sanctuary Zone 3,51.9,11,4,0,0,15.4,9.5,0,0,10
AIAUS2002,Australia,Thorny Passage Marine Park - Sanctuary Zone 4,51.9,11,4,0,0,15.4,9.5,0,0,10
AIAUS2003,Australia,Thorny Passage Marine Park - Sanctuary Zone 5,51.9,11,4,0,0,15.4,9.5,0,0,10
AIAUS2004,Australia,Thorny Passage Marine Park - Sanctuary Zone 7,51.9,11,4,0,0,15.4,9.5,0,0,10
AIAUS2005,Australia,Thorny Passage Marine Park - Sanctuary Zone 8,51.9,11,4,0,0,15.4,9.5,0,0,10
AIAUS2007,Australia,Thorny Passage Marine Park - Habitat Protection Zone 1,34.1,20,1,0,0,3.6,10.5,0,0,10
AIAUS2008,Australia,Thorny Passage Marine Park - Habitat Protection Zone 2,34.1,20,1,0,0,3.6,10.5,0,0,10
AIAUS2009,Australia,Thorny Passage Marine Park - Habitat Protection Zone 3,34.1,20,1,0,0,3.6,10.5,0,0,10
AIAUS2010,Australia,Thorny Passage Marine Park - Habitat Protection Zone 4,34.1,20,1,0,0,3.6,10.5,0,0,10
AIAUS2011,Australia,Thorny Passage Marine Park - Habitat Protection Zone 6,34.1,20,1,0,0,3.6,10.5,0,0,10
AIAUS2012,Australia,Thorny Passage Marine Park - Habitat Protection Zone 5,34.1,20,1,0,0,3.6,10.5,0,0,10
AIAUS2015,Australia,Three Islands Group National Park,27.1,9,1,0,1,5.6,1.5,0,0,10
AIAUS2017,Australia,Thuwathu/Bujimulla Indigenous Protected Area,17.2,5,0,1,0,7.7,1.5,0,0,8
AIAUS2019,Australia,Tilligerry Nature Reserve,64.1,25,22,0,1,29.1,7.0,0,0,8
AIAUS202,Australia,Ben Boyd National Park,63.4,22,19,0,2,28.4,7.0,0,0,8
AIAUS2020,Australia,Tilligerry National Park,63.4,22,19,0,2,28.4,7.0,0,0,8
AIAUS2021,Australia,Tilligerry State Conservation Area,5.8,2,0,0,0,1.8,1.0,0,0,3
AIAUS2022,Australia,Tinderbox Marine Nature Reserve - No take,11.4,5,0,0,0,2.4,4.0,0,0,5
AIAUS2023,Australia,Tolderol Game Reserve,51.3,12,8,0,1,23.8,1.5,0,0,8
AIAUS2024,Australia,Tollgate Islands Nature Reserve,64.1,25,22,0,1,29.1,7.0,0,0,8
AIAUS2025,Australia,Tomaree National Park,63.4,22,19,0,2,28.4,7.0,0,0,8
AIAUS2026,Australia,Torndirrup National Park,61.7,23,19,0,1,28.7,7.0,0,0,8
AIAUS2027,Australia,Torrens Island Conservation Park,54.5,11,8,0,1,25.5,3.0,0,0,8
AIAUS2028,Australia,Torres Strait Dugong Sanctuary Marine Sanctuary,30.0,4,1,0,1,10.5,1.5,0,0,8
AIAUS203,Australia,Berkeley Nature Reserve,64.1,25,22,0,1,29.1,7.0,0,0,8
AIAUS2030,Australia,Townsville Town Common Conservation Park,56.4,31,14,1,1,16.9,4.5,5,0,10
AIAUS2031,Australia,Towra Point Nature Reserve,64.1,25,22,0,1,29.1,7.0,0,0,8
AIAUS2032,Australia,Towra Point Aquatic Reserve (Sanctuary),32.9,3,1,0,1,13.4,1.5,0,0,8
AIAUS2033,Australia,Towra Point Aquatic Reserve,34.9,4,1,0,1,11.4,5.5,0,0,8
AIAUS2034,Australia,Trinity Inlet Fish Habitat Area (B),36.3,11,3,0,0,10.8,2.5,0,0,8
AIAUS2035,Australia,Troubridge Island Conservation Park,52.5,12,8,0,1,23.5,3.0,0,0,8
AIAUS2036,Australia,Trousers Point Beach Conservation Area,60.4,11,8,1,0,27.4,5.0,0,0,8
AIAUS2037,Australia,Tuggerah Nature Reserve,64.1,25,22,0,1,29.1,7.0,0,0,8
AIAUS2038,Australia,Tully River Fish Habitat Area (A),36.3,11,3,0,0,10.8,2.5,0,0,8
AIAUS2039,Australia,Tumby Island Conservation Park,54.5,11,8,0,1,25.5,3.0,0,0,8
AIAUS204,Australia,Bernier And Dorre Islands Nature Reserve,61.7,24,20,0,1,28.7,7.0,0,0,8
AIAUS2040,Australia,Turtle Group National Park,8.5,8,0,0,1,2.0,1.5,0,0,5
AIAUS2041,Australia,Tweed Estuary Nature Reserve,64.1,25,22,0,1,29.1,7.0,0,0,8
AIAUS2042,Australia,Twelve Apostles Marine National Park,46.6,9,4,0,0,16.1,7.5,0,0,8
AIAUS2043,Australia,Twilight Australian Marine Park - National Park Zone - South-west,56.2,11,6,0,3,20.7,7.5,0,0,10
AIAUS2043_P,Australia,Twilight Australian Marine Park,1.8,1,0,0,0,1.8,0.0,0,0,0
AIAUS2044,Australia,Twilight Australian Marine Park - Special Purpose Zone (Mining Exclusion) ,49.9,11,3,0,4,12.4,10.5,0,0,10
AIAUS2045,Australia,Two Peoples Bay Nature Reserve,61.7,24,20,0,1,28.7,7.0,0,0,8
AIAUS2046,Australia,Two Rocks Australian Marine Park - Multiple Use Zone - South-west,41.2,10,2,0,4,10.2,9.0,0,0,10
AIAUS2046_P,Australia,Two Rocks Australian Marine Park,6.2,1,0,0,0,1.8,1.5,0,0,3
AIAUS2047,Australia,Two Rocks Australian Marine Park - National Park Zone - South-west,56.2,11,6,0,3,20.7,7.5,0,0,10
AIAUS2048,Australia,Tyagarah Nature Reserve,64.1,25,22,0,1,29.1,7.0,0,0,8
AIAUS2049,Australia,Ukerebagh Nature Reserve,64.1,25,22,0,1,29.1,7.0,0,0,8
AIAUS205,Australia,Bernouilli Conservation Reserve,54.5,11,8,0,1,25.5,3.0,0,0,8
AIAUS2050,Australia,Unnamed (Badger Corner) Conservation Area,60.4,11,8,1,0,27.4,5.0,0,0,8
AIAUS2051,Australia,Unnamed (Duck Bay) Conservation Area,60.4,11,8,1,0,27.4,5.0,0,0,8
AIAUS2052,Australia,Unnamed (No.HA1013) Heritage Agreement,26.0,13,2,0,1,6.5,1.5,0,0,8
AIAUS2054,Australia,Unnamed (No.HA1201) Heritage Agreement,26.0,13,2,0,1,6.5,1.5,0,0,8
AIAUS2055,Australia,Unnamed (No.HA1003) Heritage Agreement,26.0,13,2,0,1,6.5,1.5,0,0,8
AIAUS2056,Australia,Unnamed (No.HA1373) Heritage Agreement,26.0,13,2,0,1,6.5,1.5,0,0,8
AIAUS2057,Australia,Unnamed (No.HA1388) Heritage Agreement,26.0,13,2,0,1,6.5,1.5,0,0,8
AIAUS2058,Australia,Unnamed (No.HA152) Heritage Agreement,26.0,13,2,0,1,6.5,1.5,0,0,8
AIAUS2059,Australia,Unnamed (No.HA1559) Heritage Agreement,26.0,13,2,0,1,6.5,1.5,0,0,8
AIAUS206,Australia,Berowra Valley National Park,63.4,22,19,0,2,28.4,7.0,0,0,8
AIAUS2060,Australia,Unnamed (No.HA409) Heritage Agreement,26.0,13,2,0,1,6.5,1.5,0,0,8
AIAUS2061,Australia,Unnamed (No.HA430) Heritage Agreement,26.0,13,2,0,1,6.5,1.5,0,0,8
AIAUS2062,Australia,Unnamed (No.HA676) Heritage Agreement,26.0,13,2,0,1,6.5,1.5,0,0,8
AIAUS2063,Australia,Unnamed (No.HA711) Heritage Agreement,26.0,13,2,0,1,6.5,1.5,0,0,8
AIAUS2064,Australia,Unnamed (No.HA968) Heritage Agreement,26.0,13,2,0,1,6.5,1.5,0,0,8
AIAUS2065,Australia,Unnamed WA15185 Nature Reserve,61.7,24,20,0,1,28.7,7.0,0,0,8
AIAUS2066,Australia,Unnamed WA27888 Nature Reserve,61.7,24,20,0,1,28.7,7.0,0,0,8
AIAUS2067,Australia,Unnamed WA31468 Nature Reserve,61.7,24,20,0,1,28.7,7.0,0,0,8
AIAUS2068,Australia,Unnamed WA33308 5(1)(h) Reserve,61.8,23,19,0,2,28.8,7.0,0,0,8
AIAUS2069,Australia,Unnamed WA36907 5(1)(h) Reserve,61.8,23,19,0,2,28.8,7.0,0,0,8
AIAUS207,Australia,Bessieres Island Nature Reserve,61.7,24,20,0,1,28.7,7.0,0,0,8
AIAUS2070,Australia,Unnamed WA36909 5(1)(h) Reserve,61.8,23,19,0,2,28.8,7.0,0,0,8
AIAUS2071,Australia,Unnamed WA36910 5(1)(h) Reserve,61.8,23,19,0,2,28.8,7.0,0,0,8
AIAUS2072,Australia,Unnamed WA36913 Nature Reserve,61.7,24,20,0,1,28.7,7.0,0,0,8
AIAUS2073,Australia,Unnamed WA36915 Nature Reserve,61.7,24,20,0,1,28.7,7.0,0,0,8
AIAUS2074,Australia,Unnamed WA38749 Conservation Park,61.8,23,19,0,2,28.8,7.0,0,0,8
AIAUS2075,Australia,Unnamed WA41102 5(1)(h) Reserve,61.8,23,19,0,2,28.8,7.0,0,0,8
AIAUS2076,Australia,Unnamed WA41775 5(1)(h) Reserve,61.8,23,19,0,2,28.8,7.0,0,0,8
AIAUS2078,Australia,Unnamed WA44673 5(1)(h) Reserve,61.8,23,19,0,2,28.8,7.0,0,0,8
AIAUS2079,Australia,Unnamed WA44977 Nature Reserve,61.7,24,20,0,1,28.7,7.0,0,0,8
AIAUS208,Australia,Betsey Island Nature Reserve,60.4,11,8,1,0,27.4,5.0,0,0,8
AIAUS2080,Australia,Unnamed WA45089 Nature Reserve,61.7,24,20,0,1,28.7,7.0,0,0,8
AIAUS2081,Australia,Unnamed WA46661 Nature Reserve,61.7,24,20,0,1,28.7,7.0,0,0,8
AIAUS2082,Australia,Unnamed WA48858 Nature Reserve,61.7,24,20,0,1,28.7,7.0,0,0,8
AIAUS2083,Australia,Unnamed WA48968 5(1)(h) Reserve,61.8,23,19,0,2,28.8,7.0,0,0,8
AIAUS2084,Australia,Unnamed WA49144 Conservation Park,61.8,23,19,0,2,28.8,7.0,0,0,8
AIAUS2085,Australia,Unnamed WA49220 Conservation Park,61.8,23,19,0,2,28.8,7.0,0,0,8
AIAUS2086,Australia,Unnamed WA49362 Nature Reserve,61.7,24,20,0,1,28.7,7.0,0,0,8
AIAUS2087,Australia,Unnamed WA49363 Conservation Park,61.8,23,19,0,2,28.8,7.0,0,0,8
AIAUS2088,Australia,Unnamed WA49994 Conservation Park,61.8,23,19,0,2,28.8,7.0,0,0,8
AIAUS209,Australia,Beware Reef Marine Sanctuary,49.3,8,4,0,0,18.8,7.5,0,0,8
AIAUS2090,Australia,Unnamed WA51105 5(1)(h) Reserve,61.8,23,19,0,2,28.8,7.0,0,0,8
AIAUS2091,Australia,Unnamed WA52354 5(1)(h) Reserve,61.8,23,19,0,2,28.8,7.0,0,0,8
AIAUS2095,Australia,Zanoni Shipwreck Reserve ,32.9,4,1,0,2,10.9,4.0,0,0,8
AIAUS2096,Australia,Upper Gulf St Vincent Marine Park - Sanctuary Zone 1,51.9,11,4,0,0,15.4,9.5,0,0,10
AIAUS2096_P,Australia,Upper Gulf St Vincent Marine Park,6.2,1,0,0,0,1.8,1.5,0,0,3
AIAUS2097,Australia,Upper Gulf St Vincent Marine Park - Sanctuary Zone 2,51.9,11,4,0,0,15.4,9.5,0,0,10
AIAUS2098,Australia,Upper Gulf St Vincent Marine Park - Sanctuary Zone 3,51.9,11,4,0,0,15.4,9.5,0,0,10
AIAUS2099,Australia,Upper Gulf St Vincent Marine Park - Sanctuary Zone 4,51.9,11,4,0,0,15.4,9.5,0,0,10
AIAUS21,Australia,Abrolhos Australian Marine Park,6.2,1,0,0,0,1.8,1.5,0,0,3
AIAUS210,Australia,Biamanga National Park,63.4,22,19,0,2,28.4,7.0,0,0,8
AIAUS2100,Australia,Upper Gulf St Vincent Marine Park - Habitat Protection Zone 1,34.1,20,1,0,0,3.6,10.5,0,0,10
AIAUS2102,Australia,Upper Gulf St Vincent Marine Park - General Managed Use Zone 1,34.1,20,1,0,0,3.6,10.5,0,0,10
AIAUS2103,Australia,Upper Gulf St Vincent Marine Park - General Managed Use Zone 2 ,34.1,20,1,0,0,3.6,10.5,0,0,10
AIAUS2104,Australia,Upper Gulf St Vincent Marine Park - Restricted Access Zone (Existing) 1,55.0,6,3,0,0,19.5,8.5,0,0,10
AIAUS2106,Australia,Upper South East Marine Park - Sanctuary Zone 1,51.9,11,4,0,0,15.4,9.5,0,0,10
AIAUS2106_P,Australia,Upper South East Marine Park,6.2,1,0,0,0,1.8,1.5,0,0,3
AIAUS2107,Australia,Upper South East Marine Park - Sanctuary Zone 2,51.9,11,4,0,0,15.4,9.5,0,0,10
AIAUS2108,Australia,Upper South East Marine Park - Sanctuary Zone 3,51.9,11,4,0,0,15.4,9.5,0,0,10
AIAUS211,Australia,Big Bay Conservation Area,60.4,11,8,1,0,27.4,5.0,0,0,8
AIAUS2110,Australia,Upper South East Marine Park - Habitat Protection Zone 1,34.1,20,1,0,0,3.6,10.5,0,0,10
AIAUS2111,Australia,Upper South East Marine Park - Habitat Protection Zone 2,34.1,20,1,0,0,3.6,10.5,0,0,10
AIAUS2112,Australia,Upper South East Marine Park - Habitat Protection Zone 3,34.1,20,1,0,0,3.6,10.5,0,0,10
AIAUS2113,Australia,Upper South East Marine Park - Habitat Protection Zone 4,34.1,20,1,0,0,3.6,10.5,0,0,10
AIAUS2115,Australia,Upper South East Marine Park - General Managed Use Zone 1,34.1,20,1,0,0,3.6,10.5,0,0,10
AIAUS2116,Australia,Upper South East Marine Park - General Managed Use Zone 2,34.1,20,1,0,0,3.6,10.5,0,0,10
AIAUS2118,Australia,Upper Spencer Gulf Marine Park - Habitat Protection Zone 1,18.5,17,0,0,0,2.0,9.5,0,0,7
AIAUS2118_P,Australia,Upper Spencer Gulf Marine Park,6.2,1,0,0,0,1.8,1.5,0,0,3
AIAUS2119,Australia,Upper Spencer Gulf Marine Park - Habitat Protection Zone 2,18.5,17,0,0,0,2.0,9.5,0,0,7
AIAUS2120,Australia,Upper Spencer Gulf Marine Park - Habitat Protection Zone 3,18.5,17,0,0,0,2.0,9.5,0,0,7
AIAUS2122,Australia,Upper Spencer Gulf Marine Park - General Managed Use Zone 1,18.5,17,0,0,0,2.0,9.5,0,0,7
AIAUS2123,Australia,Upper Spencer Gulf Marine Park - General Managed Use Zone 2,18.5,17,0,0,0,2.0,9.5,0,0,7
AIAUS2126,Australia,Upper Spencer Gulf Marine Park - Sanctuary Zone 2,51.9,11,4,0,0,15.4,9.5,0,0,10
AIAUS2127,Australia,Upper Spencer Gulf Marine Park - Sanctuary Zone 4,51.9,11,4,0,0,15.4,9.5,0,0,10
AIAUS2128,Australia,Upper Spencer Gulf Marine Park - Sanctuary Zone 5,51.9,11,4,0,0,15.4,9.5,0,0,10
AIAUS2129,Australia,"Upper Spencer Gulf Marine Park - Sanctuary Zone 7, Whyalla-Cowled's Landing Aquatic Reserve",51.9,11,4,0,0,15.4,9.5,0,0,10
AIAUS213,Australia,Billinudgel Nature Reserve,64.1,25,22,0,1,29.1,7.0,0,0,8
AIAUS2130,Australia,Upper Spencer Gulf Marine Park - Sanctuary Zone 8,51.9,11,4,0,0,15.4,9.5,0,0,10
AIAUS2131,Australia,Upper Spencer Gulf Marine Park - Sanctuary Zone 3,51.9,11,4,0,0,15.4,9.5,0,0,10
AIAUS2132,Australia,Upper Spencer Gulf Marine Park - Sanctuary Zone 1,51.9,11,4,0,0,15.4,9.5,0,0,10
AIAUS2133,Australia,Upper Spencer Gulf Marine Park - Sanctuary Zone 9,51.9,11,4,0,0,15.4,9.5,0,0,10
AIAUS2134,Australia,Upstart Bay Dugong Protection Area (A),37.9,9,1,2,2,12.4,7.5,0,0,8
AIAUS2136,Australia,Valla Nature Reserve,64.1,25,22,0,1,29.1,7.0,0,0,8
AIAUS2139,Australia,Venus Bay Conservation Park,54.5,11,8,0,1,25.5,3.0,0,0,8
AIAUS214,Australia,Bird Island Nature Reserve,30.7,3,1,0,0,11.7,1.0,0,0,8
AIAUS2140,Australia,Victor Island Nature Reserve,61.7,24,20,0,1,28.7,7.0,0,0,8
AIAUS2141,Australia,Vivonne Bay Conservation Park,54.5,11,8,0,1,25.5,3.0,0,0,8
AIAUS2142,Australia,Voyagers Park 5(1)(h) Reserve,61.8,23,19,0,2,28.8,7.0,0,0,8
AIAUS2143,Australia,Wahgunyah Conservation Park,54.5,11,8,0,1,25.5,3.0,0,0,8
AIAUS2144,Australia,Waldegrave Islands Conservation Park,56.8,12,9,0,1,26.2,4.5,0,0,8
AIAUS2145,Australia,Wallaby Islands Conservation Area,60.4,11,8,1,0,27.4,5.0,0,0,8
AIAUS2146,Australia,Wallarah National Park,63.4,22,19,0,2,28.4,7.0,0,0,8
AIAUS2147,Australia,Wallingat National Park,63.4,22,19,0,2,28.4,7.0,0,0,8
AIAUS2148,Australia,Wallis Island Nature Reserve,64.1,25,22,0,1,29.1,7.0,0,0,8
AIAUS2149,Australia,Walpole And Nornalup Inlets Marine Park - Recreation Zone,40.2,25,3,0,1,5.7,11.5,0,0,8
AIAUS215,Australia,Bird Island Game Reserve,60.4,11,8,1,0,27.4,5.0,0,0,8
AIAUS2150,Australia,Walpole-Nornalup National Park,61.7,23,19,0,1,28.7,7.0,0,0,8
AIAUS216,Australia,Bird Island Conservation Park,54.3,26,14,1,1,19.8,4.5,0,0,10
AIAUS2160,Australia,Wamberal Lagoon Nature Reserve,62.7,29,24,0,2,27.7,7.0,0,0,8
AIAUS2161,Australia,Wanagarren Nature Reserve,61.7,24,20,0,1,28.7,7.0,0,0,8
AIAUS2163,Australia,Warraberalgal and Porumalgal Indigenous Protected Area,30.7,13,1,2,2,9.2,1.5,0,0,10
AIAUS2164,Australia,Waterfall-Fortescue Marine Conservation Area,60.4,11,8,1,0,27.4,5.0,0,0,8
AIAUS2165,Australia,Waterhouse Conservation Area,60.4,11,8,1,0,27.4,5.0,0,0,8
AIAUS2169,Australia,Wedge Island Conservation Area,60.4,11,8,1,0,27.4,5.0,0,0,8
AIAUS217,Australia,Bird Islands Conservation Park,54.5,11,8,0,1,25.5,3.0,0,0,8
AIAUS2170,Australia,Wedge Island Nature Reserve,61.7,24,20,0,1,28.7,7.0,0,0,8
AIAUS2172,Australia,Weld Island Nature Reserve,61.7,24,20,0,1,28.7,7.0,0,0,8
AIAUS2173,Australia,Wessel Australian Marine Park - Special Purpose Zone (Trawl) - North,40.5,12,2,0,6,9.0,11.5,0,0,10
AIAUS2174,Australia,Wessel Australian Marine Park - Habitat Protection Zone - North,48.7,12,3,0,5,11.7,10.0,0,0,10
AIAUS2176,Australia,West Cape Howe National Park,61.7,23,19,0,1,28.7,7.0,0,0,8
AIAUS2177,Australia,West Cape York Australian Marine Park - Special Purpose Zone - North,42.5,12,2,0,6,9.0,11.5,0,0,10
AIAUS2177_P,Australia,West Cape York Australian Marine Park,6.2,1,0,0,0,1.8,1.5,0,0,3
AIAUS2178,Australia,West Cape York Australian Marine Park - Habitat Protection Zone - North,48.7,12,3,0,5,11.7,10.0,0,0,10
AIAUS2179,Australia,West Cape York Australian Marine Park - National Park Zone - North,57.4,12,7,0,3,21.9,7.5,0,0,10
AIAUS218,Australia,Black Pyramid Rock Nature Reserve,60.4,11,8,1,0,27.4,5.0,0,0,8
AIAUS2181,Australia,West Coast Bays Marine Park - Habitat Protection Zone 2,18.5,17,0,0,0,2.0,9.5,0,0,7
AIAUS2182,Australia,West Coast Bays Marine Park - Habitat Protection Zone 1,18.5,17,0,0,0,2.0,9.5,0,0,7
AIAUS2184,Australia,West Coast Bays Marine Park - Sanctuary Zone 1,51.9,11,4,0,0,15.4,9.5,0,0,10
AIAUS2185,Australia,West Coast Bays Marine Park - Sanctuary Zone 2 ,51.9,11,4,0,0,15.4,9.5,0,0,10
AIAUS2186,Australia,West Coast Bays Marine Park - Sanctuary Zone 3,51.9,11,4,0,0,15.4,9.5,0,0,10
AIAUS2187,Australia,West Coast Bays Marine Park - Sanctuary Zone 4,51.9,11,4,0,0,15.4,9.5,0,0,10
AIAUS2188,Australia,West Coast Bays Marine Park - Sanctuary Zone 5,51.9,11,4,0,0,15.4,9.5,0,0,10
AIAUS2189,Australia,West Coast Bays Marine Park - Sanctuary Zone 6,51.9,11,4,0,0,15.4,9.5,0,0,10
AIAUS219,Australia,Blackman Rivulet Marine Conservation Area,60.4,11,8,1,0,27.4,5.0,0,0,8
AIAUS2190,Australia,West Coast Bays Marine Park - Sanctuary Zone 7,51.9,11,4,0,0,15.4,9.5,0,0,10
AIAUS2191,Australia,West Coast Bays Marine Park - Sanctuary Zone 8,51.9,11,4,0,0,15.4,9.5,0,0,10
AIAUS2192,Australia,West Coast Bays Marine Park - Sanctuary Zone 9,51.9,11,4,0,0,15.4,9.5,0,0,10
AIAUS2193,Australia,West Coast Bays Marine Park - General Managed Use Zone 1,33.3,18,1,0,0,3.8,9.5,0,0,10
AIAUS2194,Australia,West Coast Bays Marine Park - Restricted Access Zone (Existing) 1,55.0,6,3,0,0,19.5,8.5,0,0,10
AIAUS2196,Australia,"West Coast Bays Marine Park - Restricted Access Zone (Existing) 2;
Point Labatt Aquatic Reserve",55.0,6,3,0,0,19.5,8.5,0,0,10
AIAUS2197,Australia,West Coast Range Regional Reserve,60.4,11,8,1,0,27.4,5.0,0,0,8
AIAUS2198,Australia,West Hill National Park,8.5,6,0,0,1,2.0,1.5,0,0,5
AIAUS2199,Australia,West Hill Fish Habitat Area (A),36.3,11,3,0,0,10.8,2.5,0,0,8
AIAUS22,Australia,Abrolhos Australian Marine Park - Multiple Use Zone - South-west,41.2,10,2,0,4,10.2,9.0,0,0,10
AIAUS2200,Australia,West Hill Fish Habitat Area (B),36.3,11,3,0,0,10.8,2.5,0,0,8
AIAUS2201,Australia,West Inlet Conservation Area,60.4,11,8,1,0,27.4,5.0,0,0,8
AIAUS2202,Australia,West Island Conservation Park,54.5,11,8,0,1,25.5,3.0,0,0,8
AIAUS2203,Australia,West Island Aquatic Reserve - West Island Encounter Bay Fishing Zone,37.2,5,2,0,1,14.7,2.5,0,0,10
AIAUS2206,Australia,West Point State Reserve,60.4,11,8,1,0,27.4,5.0,0,0,8
AIAUS2207,Australia,Western Eyre Australian Marine Park - National Park Zone - South-west,56.2,11,6,0,3,20.7,7.5,0,0,10
AIAUS2207_P,Australia,Western Eyre Australian Marine Park,6.2,1,0,0,0,1.8,1.5,0,0,3
AIAUS2209,Australia,Western Eyre Australian Marine Park - Special Purpose Zone - South-west,41.2,10,2,0,4,10.2,9.0,0,0,10
AIAUS221,Australia,Bligh Point Conservation Area,60.4,11,8,1,0,27.4,5.0,0,0,8
AIAUS2210,Australia,Western Eyre Australian Marine Park - Multiple Use Zone - South-west,41.2,10,2,0,4,10.2,9.0,0,0,10
AIAUS2211,Australia,Western Eyre Australian Marine Park - Special Purpose Zone (Trawl) - South-west,39.2,10,2,0,4,10.2,9.0,0,0,10
AIAUS2213,Australia,Western Kangaroo Island Marine Park - Habitat Protection Zone 1,34.1,20,1,0,0,3.6,10.5,0,0,10
AIAUS2213_P,Australia,Western Kangaroo Island Marine Park,6.2,1,0,0,0,1.8,1.5,0,0,3
AIAUS2214,Australia,Western Kangaroo Island Marine Park - Habitat Protection Zone 2,34.1,20,1,0,0,3.6,10.5,0,0,10
AIAUS2216,Australia,Western Kangaroo Island Marine Park - Restricted Access Zone (Existing) 1,55.0,6,3,0,0,19.5,8.5,0,0,10
AIAUS2217,Australia,Western Kangaroo Island Marine Park - Restricted Access Zone (Existing) 2 ,55.0,6,3,0,0,19.5,8.5,0,0,10
AIAUS2218,Australia,Western Kangaroo Island Marine Park - Restricted Access Zone (Existing) 3,55.0,6,3,0,0,19.5,8.5,0,0,10
AIAUS2220,Australia,Western Kangaroo Island Marine Park - Sanctuary Zone 1,51.9,11,4,0,0,15.4,9.5,0,0,10
AIAUS2221,Australia,Western Kangaroo Island Marine Park - Sanctuary Zone 2,51.9,11,4,0,0,15.4,9.5,0,0,10
AIAUS2222,Australia,Western Kangaroo Island Marine Park - Sanctuary Zone 3,51.9,11,4,0,0,15.4,9.5,0,0,10
AIAUS2224,Australia,Western Kangaroo Island Australian Marine Park - Special Purpose Zone - South-west,41.2,10,2,0,4,10.2,9.0,0,0,10
AIAUS2224_P,Australia,Western Kangaroo Island Australian Marine Park,6.2,1,0,0,0,1.8,1.5,0,0,3
AIAUS2225,Australia,Western Kangaroo Island Australian Marine Park - Special Purpose Zone (Mining Exclusion) - South-west,49.9,11,3,0,4,12.4,10.5,0,0,10
AIAUS2226,Australia,Western Kangaroo Island Australian Marine Park - National Park Zone - South-west,56.2,11,6,0,3,20.7,7.5,0,0,10
AIAUS223,Australia,Boags Australian Marine Park - Multiple Use Zone - South-east,39.1,9,2,0,1,10.1,9.0,0,0,8
AIAUS2230,Australia,Churchill Island Marine National Park,53.2,12,6,0,0,18.7,8.5,0,0,8
AIAUS2231,Australia,French Island Marine National Park,55.5,14,8,0,0,21.0,8.5,0,0,8
AIAUS2232,Australia,Yaringa Marine National Park,55.5,14,8,0,0,21.0,8.5,0,0,8
AIAUS2234,Australia,Western River Wilderness Protection Area,49.7,17,11,0,2,22.2,1.5,0,0,8
AIAUS2236,Australia,Whalebone Island Nature Reserve,61.7,24,20,0,1,28.7,7.0,0,0,8
AIAUS2237,Australia,Whidbey Isles Conservation Park,56.8,12,9,0,1,26.2,4.5,0,0,8
AIAUS2239,Australia,"Whitmore, Roberts, Doole Islands And Sandalwood Landing Nature Reserve",61.7,24,20,0,1,28.7,7.0,0,0,8
AIAUS224,Australia,Boat Harbour Aquatic Reserve,26.5,6,1,0,1,7.0,1.5,0,0,8
AIAUS2240,Australia,Whitsunday Islands National Park,8.5,6,0,0,1,2.0,1.5,0,0,5
AIAUS2241,Australia,Wild Cattle Island National Park,8.5,6,0,0,1,2.0,1.5,0,0,5
AIAUS2243,Australia,William Bay National Park,61.7,23,19,0,1,28.7,7.0,0,0,8
AIAUS2244,Australia,Wills Creek Conservation Park,53.6,12,8,0,2,23.6,4.0,0,0,8
AIAUS2245,Australia,Wilsons Promontory National Park,64.7,34,30,0,0,29.2,7.5,0,0,8
AIAUS225,Australia,Bohle River Fish Habitat Area (B),36.3,11,3,0,0,10.8,2.5,0,0,8
AIAUS2251,Australia,Wilsons Promontory Islands Remote and Natural Area,51.4,13,7,0,2,19.9,3.5,0,0,8
AIAUS2252,Australia,Wilsons Promontory Marine National Park,45.0,11,4,0,0,13.5,8.5,0,0,8
AIAUS2255,Australia,Wilsons Promontory Marine Park,46.6,10,4,0,0,16.1,7.5,0,0,8
AIAUS2256,Australia,Wilsons Promontory Marine Reserve,46.6,10,4,0,0,16.1,7.5,0,0,8
AIAUS2257,Australia,Winninowie Conservation Park,53.6,12,8,0,2,23.6,4.0,0,0,8
AIAUS2258,Australia,Wittelbee Conservation Park,54.5,11,8,0,1,25.5,3.0,0,0,8
AIAUS2259,Australia,Woody Island Nature Reserve,61.7,24,20,0,1,28.7,7.0,0,0,8
AIAUS226,Australia,Boltons Beach Conservation Area,60.4,11,8,1,0,27.4,5.0,0,0,8
AIAUS2260,Australia,Wooyung Nature Reserve,64.1,25,22,0,1,29.1,7.0,0,0,8
AIAUS2261,Australia,Woregore Nature Reserve,64.1,25,22,0,1,29.1,7.0,0,0,8
AIAUS2262,Australia,Worimi Regional Park,63.3,20,16,1,2,28.3,7.0,0,0,8
AIAUS2263,Australia,Wreck Creek Fish Habitat Area (A),36.3,11,3,0,0,10.8,2.5,0,0,8
AIAUS2264,Australia,Wright and Egg Islands Conservation Area,8.6,5,0,0,1,2.1,1.5,0,0,5
AIAUS2266,Australia,Wuthara Island (Cape York Peninsula Aboriginal Land) National Park Aboriginal,8.5,8,0,0,1,2.0,1.5,0,0,5
AIAUS2267,Australia,Wuthathi (Saunders Islands) (Cape York Peninsula Aboriginal Land) National Park Aboriginal,8.5,6,0,0,1,2.0,1.5,0,0,5
AIAUS2268,Australia,Wuthathi (Shelburne Bay) National Park (Cape York Peninsula Aboriginal Land) National Park Aboriginal,8.2,5,0,0,0,1.8,1.5,0,0,5
AIAUS2269,Australia,Wuthathi (Sir Charles Hardy Group) (Cape York Peninsula Aboriginal Land) National Park Aboriginal,8.5,6,0,0,1,2.0,1.5,0,0,5
AIAUS227,Australia,Bongil Bongil National Park,60.3,25,19,0,3,25.3,7.0,0,0,8
AIAUS2270,Australia,Wuthathi Rev.1 (Margaret Bay) Fish Habitat Area (A),36.3,11,3,0,0,10.8,2.5,0,0,8
AIAUS2271,Australia,Wuthathi Rev.1 (Margaret Bay) Fish Habitat Area (A),36.3,11,3,0,0,10.8,2.5,0,0,8
AIAUS2273,Australia,Wyrrabalong National Park,63.4,22,19,0,2,28.4,7.0,0,0,8
AIAUS2274,Australia,Y Island Nature Reserve,61.7,24,20,0,1,28.7,7.0,0,0,8
AIAUS2275,Australia,Yahoo Island Nature Reserve,64.1,25,22,0,1,29.1,7.0,0,0,8
AIAUS2276,Australia,Yalata Indigenous Protected Area,28.2,5,1,0,1,8.8,1.5,0,0,8
AIAUS2277,Australia,Yambuk Flora and Fauna Reserve,65.4,30,27,0,2,29.9,7.5,0,0,8
AIAUS2279,Australia,Barranyi (North Island) National Park,33.8,7,2,0,0,11.2,2.5,0,0,8
AIAUS228,Australia,Boobyalla Conservation Area,60.4,11,8,1,0,27.4,5.0,0,0,8
AIAUS2281,Australia,Yarrahapinni Wetlands National Park,62.2,23,19,0,2,27.2,7.0,0,0,8
AIAUS2282,Australia,Yarriabini National Park,63.4,22,19,0,2,28.4,7.0,0,0,8
AIAUS2284,Australia,Yawuru Nagulagun/Roebuck Bay Marine Park,34.1,19,2,0,2,5.6,10.5,0,0,8
AIAUS2288,Australia,Yorkeys Creek Fish Habitat Area (B),36.3,11,3,0,0,10.8,2.5,0,0,8
AIAUS229,Australia,Boodalan Nature Reserve,61.7,24,20,0,1,28.7,7.0,0,0,8
AIAUS2290,Australia,Yuraygir National Park,63.4,22,19,0,2,28.4,7.0,0,0,8
AIAUS2291,Australia,Yuwi Paree Toolkoon National Park,53.6,27,14,1,1,19.1,4.5,0,0,10
AIAUS2293,Australia,Zeehan Australian Marine Park - Multiple Use Zone - South-east,39.1,9,2,0,1,10.1,9.0,0,0,8
AIAUS2294,Australia,Zeehan Australian Marine Park - Special Purpose Zone - South-east,35.8,7,2,0,0,12.2,5.5,0,0,8
AIAUS2295,Australia,Zuytdorp Nature Reserve,61.7,24,20,0,1,28.7,7.0,0,0,8
AIAUS23,Australia,Abrolhos Australian Marine Park - Special Purpose Zone - South-west,41.2,10,2,0,4,10.2,9.0,0,0,10
AIAUS231,Australia,Booderee National Park (Commonwealth) - No anchoring area within Marine Habitat Protection Zone - Marine component of Booderee National Park,48.2,10,4,1,0,18.7,6.5,0,0,8
AIAUS2312,Australia,Great Barrier Reef Coast Marine Park - Preservation Area,11.4,3,0,0,2,2.9,3.5,0,0,5
AIAUS2312_P,Australia,Great Barrier Reef Coast Marine Park,6.2,1,0,0,0,1.8,1.5,0,0,3
AIAUS2313,Australia,Great Barrier Reef Marine Park - Preservation    - P-11-2,41.2,4,1,1,1,16.2,7.0,0,0,8
AIAUS2314,Australia,Great Barrier Reef Marine Park - Preservation    - P-11-4,41.2,4,1,1,1,16.2,7.0,0,0,8
AIAUS2315,Australia,Great Barrier Reef Marine Park - Preservation    - P-11-5,41.2,4,1,1,1,16.2,7.0,0,0,8
AIAUS2316,Australia,Great Barrier Reef Marine Park - Preservation    - P-13-7,41.2,4,1,1,1,16.2,7.0,0,0,8
AIAUS2317,Australia,Great Barrier Reef Marine Park - Preservation    - P-15-11,41.2,4,1,1,1,16.2,7.0,0,0,8
AIAUS2318,Australia,Great Barrier Reef Marine Park - Preservation    - P-21-25,41.2,4,1,1,1,16.2,7.0,0,0,8
AIAUS2319,Australia,Great Barrier Reef Marine Park - Preservation    - P-21-26,41.2,4,1,1,1,16.2,7.0,0,0,8
AIAUS232,Australia,Booderee National Park (Commonwealth) - Marine Habitat Protection Zone - Marine component of Booderee National Park,49.2,10,4,1,0,18.7,7.5,0,0,8
AIAUS2320,Australia,Great Barrier Reef Marine Park - Preservation    - P-21-28,41.2,4,1,1,1,16.2,7.0,0,0,8
AIAUS2321,Australia,Great Barrier Reef Marine Park - Preservation    - P-21-29,41.2,4,1,1,1,16.2,7.0,0,0,8
AIAUS2322,Australia,Great Barrier Reef Marine Park - Preservation    - P-21-30,41.2,4,1,1,1,16.2,7.0,0,0,8
AIAUS2323,Australia,Great Barrier Reef Marine Park - Preservation    - P-21-31,41.2,4,1,1,1,16.2,7.0,0,0,8
AIAUS2324,Australia,Great Barrier Reef Marine Park - Preservation    - P-21-32,41.2,4,1,1,1,16.2,7.0,0,0,8
AIAUS2325,Australia,Great Barrier Reef Marine Park - Preservation    - P-21-34,41.2,4,1,1,1,16.2,7.0,0,0,8
AIAUS2326,Australia,Great Barrier Reef Marine Park - Preservation    - P-23-35,41.2,4,1,1,1,16.2,7.0,0,0,8
AIAUS2327,Australia,Great Barrier Reef Marine Park - Preservation    - P-23-36,41.2,4,1,1,1,16.2,7.0,0,0,8
AIAUS2328,Australia,Great Barrier Reef Marine Park - Scientific Research    - SR-23-2009,44.8,3,1,1,0,19.2,3.5,0,0,10
AIAUS2329,Australia,Great Barrier Reef Marine Park - Scientific Research - SR-23-2010,44.8,3,1,1,0,19.2,3.5,0,0,10
AIAUS2330,Australia,Great Barrier Reef Coast Marine Park - Scientific Research    -  ,44.8,3,1,1,0,19.2,3.5,0,0,10
AIAUS2331,Australia,Great Barrier Reef Marine Park - Scientific Research    - SR-14-2004,44.8,3,1,1,0,19.2,3.5,0,0,10
AIAUS2332,Australia,Great Barrier Reef Marine Park - Scientific Research    - SR-16-2006,44.8,3,1,1,0,19.2,3.5,0,0,10
AIAUS2333,Australia,Great Barrier Reef Marine Park - Scientific Research (closed to public access)    - SR-19-2008,44.8,3,1,1,0,19.2,3.5,0,0,10
AIAUS2334,Australia,Great Barrier Reef Coast Marine Park - Marine National Park   -  ,48.7,4,2,1,0,23.2,3.5,0,0,10
AIAUS2335,Australia,Great Barrier Reef Marine Park - Commonwealth Island (Other)   - Akens Island (22067100),41.8,3,1,1,0,19.2,2.5,0,0,10
AIAUS2336,Australia,Great Barrier Reef Marine Park - Marine National Park   - MNP-12-1006,44.4,5,2,1,0,18.9,3.5,0,0,10
AIAUS2337,Australia,Great Barrier Reef Marine Park - Marine National Park   - MNP-12-1009,44.4,5,2,1,0,18.9,3.5,0,0,10
AIAUS2338,Australia,Great Barrier Reef Marine Park - Marine National Park   - MNP-12-1010,44.4,5,2,1,0,18.9,3.5,0,0,10
AIAUS2339,Australia,Great Barrier Reef Marine Park - Marine National Park   - MNP-12-1012,44.4,5,2,1,0,18.9,3.5,0,0,10
AIAUS2340,Australia,Great Barrier Reef Marine Park - Marine National Park   - MNP-12-1013,44.4,5,2,1,0,18.9,3.5,0,0,10
AIAUS2341,Australia,Great Barrier Reef Marine Park - Marine National Park   - MNP-13-1015,44.4,5,2,1,0,18.9,3.5,0,0,10
AIAUS2342,Australia,Great Barrier Reef Marine Park - Marine National Park   - MNP-14-1020,44.4,5,2,1,0,18.9,3.5,0,0,10
AIAUS2343,Australia,Great Barrier Reef Marine Park - Marine National Park   - MNP-14-1021,44.4,5,2,1,0,18.9,3.5,0,0,10
AIAUS2344,Australia,Great Barrier Reef Marine Park - Marine National Park   - MNP-14-1022,44.4,5,2,1,0,18.9,3.5,0,0,10
AIAUS2345,Australia,Great Barrier Reef Marine Park - Marine National Park   - MNP-14-1024,44.4,5,2,1,0,18.9,3.5,0,0,10
AIAUS2346,Australia,Great Barrier Reef Marine Park - Marine National Park   - MNP-14-1031,44.4,5,2,1,0,18.9,3.5,0,0,10
AIAUS2347,Australia,Great Barrier Reef Marine Park - Marine National Park   - MNP-14-1032,44.4,5,2,1,0,18.9,3.5,0,0,10
AIAUS2348,Australia,Great Barrier Reef Marine Park - Marine National Park   - MNP-15-1045,44.4,5,2,1,0,18.9,3.5,0,0,10
AIAUS2349,Australia,Great Barrier Reef Marine Park - Marine National Park   - MNP-16-1053,44.4,5,2,1,0,18.9,3.5,0,0,10
AIAUS235,Australia,Booderee National Park (Commonwealth) - Nature Conservation Zone (No take area)   - Marine component of Booderee National Park,45.1,6,3,0,0,16.6,5.5,0,0,8
AIAUS2350,Australia,Great Barrier Reef Marine Park - Marine National Park   - MNP-16-1059,44.4,5,2,1,0,18.9,3.5,0,0,10
AIAUS2351,Australia,Great Barrier Reef Marine Park - Marine National Park   - MNP-17-1062,44.4,5,2,1,0,18.9,3.5,0,0,10
AIAUS2352,Australia,Great Barrier Reef Marine Park - Marine National Park   - MNP-17-1066,44.4,5,2,1,0,18.9,3.5,0,0,10
AIAUS2353,Australia,Great Barrier Reef Marine Park - Marine National Park   - MNP-17-1070,44.4,5,2,1,0,18.9,3.5,0,0,10
AIAUS2354,Australia,Great Barrier Reef Marine Park - Marine National Park   - MNP-17-1071,44.4,5,2,1,0,18.9,3.5,0,0,10
AIAUS2355,Australia,Great Barrier Reef Marine Park - Marine National Park   - MNP-17-1074,44.4,5,2,1,0,18.9,3.5,0,0,10
AIAUS2356,Australia,Great Barrier Reef Marine Park - Marine National Park   - MNP-18-1083,44.4,5,2,1,0,18.9,3.5,0,0,10
AIAUS2357,Australia,Great Barrier Reef Marine Park - Marine National Park   - MNP-18-1085,44.4,5,2,1,0,18.9,3.5,0,0,10
AIAUS2358,Australia,Great Barrier Reef Marine Park - Marine National Park   - MNP-19-1090,44.4,5,2,1,0,18.9,3.5,0,0,10
AIAUS2359,Australia,Great Barrier Reef Marine Park - Marine National Park   - MNP-19-1091,44.4,5,2,1,0,18.9,3.5,0,0,10
AIAUS236,Australia,Booderee National Park (Commonwealth) - No access area within Special Purpose Zone - Marine component of Booderee National Park,33.3,3,1,0,0,12.8,2.5,0,0,8
AIAUS2360,Australia,Great Barrier Reef Marine Park - Marine National Park   - MNP-19-1092,44.4,5,2,1,0,18.9,3.5,0,0,10
AIAUS2361,Australia,Great Barrier Reef Marine Park - Marine National Park   - MNP-19-1093,44.4,5,2,1,0,18.9,3.5,0,0,10
AIAUS2362,Australia,Great Barrier Reef Marine Park - Marine National Park   - MNP-19-1094,44.4,5,2,1,0,18.9,3.5,0,0,10
AIAUS2363,Australia,Great Barrier Reef Marine Park - Marine National Park   - MNP-19-1105,44.4,5,2,1,0,18.9,3.5,0,0,10
AIAUS2364,Australia,Great Barrier Reef Marine Park - Marine National Park   - MNP-19-1107,44.4,5,2,1,0,18.9,3.5,0,0,10
AIAUS2365,Australia,Great Barrier Reef Marine Park - Marine National Park   - MNP-20-1111,44.4,5,2,1,0,18.9,3.5,0,0,10
AIAUS2366,Australia,Great Barrier Reef Marine Park - Marine National Park   - MNP-20-1113,44.4,5,2,1,0,18.9,3.5,0,0,10
AIAUS2367,Australia,Great Barrier Reef Marine Park - Marine National Park   - MNP-20-1114,44.4,5,2,1,0,18.9,3.5,0,0,10
AIAUS2368,Australia,Great Barrier Reef Marine Park - Marine National Park   - MNP-20-1115,44.4,5,2,1,0,18.9,3.5,0,0,10
AIAUS2369,Australia,Great Barrier Reef Marine Park - Marine National Park   - MNP-20-1116,44.4,5,2,1,0,18.9,3.5,0,0,10
AIAUS237,Australia,"Boodie, Double Middle Islands Nature Reserve",61.7,24,20,0,1,28.7,7.0,0,0,8
AIAUS2370,Australia,Great Barrier Reef Marine Park - Marine National Park   - MNP-20-1117,44.4,5,2,1,0,18.9,3.5,0,0,10
AIAUS2371,Australia,Great Barrier Reef Marine Park - Marine National Park   - MNP-20-1118,44.4,5,2,1,0,18.9,3.5,0,0,10
AIAUS2372,Australia,Great Barrier Reef Marine Park - Marine National Park   - MNP-20-1119,44.4,5,2,1,0,18.9,3.5,0,0,10
AIAUS2373,Australia,Great Barrier Reef Marine Park - Marine National Park   - MNP-20-1121,44.4,5,2,1,0,18.9,3.5,0,0,10
AIAUS2374,Australia,Great Barrier Reef Marine Park - Marine National Park   - MNP-20-1123,44.4,5,2,1,0,18.9,3.5,0,0,10
AIAUS2375,Australia,Great Barrier Reef Marine Park - Marine National Park   - MNP-20-1127,44.4,5,2,1,0,18.9,3.5,0,0,10
AIAUS2376,Australia,Great Barrier Reef Marine Park - Marine National Park   - MNP-20-1129,44.4,5,2,1,0,18.9,3.5,0,0,10
AIAUS2377,Australia,Great Barrier Reef Marine Park - Marine National Park   - MNP-20-1130,44.4,5,2,1,0,18.9,3.5,0,0,10
AIAUS2378,Australia,Great Barrier Reef Marine Park - Marine National Park   - MNP-20-1133,44.4,5,2,1,0,18.9,3.5,0,0,10
AIAUS2379,Australia,Great Barrier Reef Marine Park - Marine National Park   - MNP-20-1136,44.4,5,2,1,0,18.9,3.5,0,0,10
AIAUS238,Australia,Boondelbah Nature Reserve,64.1,25,22,0,1,29.1,7.0,0,0,8
AIAUS2380,Australia,Great Barrier Reef Marine Park - Marine National Park   - MNP-20-1138,44.4,5,2,1,0,18.9,3.5,0,0,10
AIAUS2381,Australia,Great Barrier Reef Marine Park - Marine National Park   - MNP-20-1139,44.4,5,2,1,0,18.9,3.5,0,0,10
AIAUS2382,Australia,Great Barrier Reef Marine Park - Marine National Park   - MNP-21-1144,44.4,5,2,1,0,18.9,3.5,0,0,10
AIAUS2383,Australia,Great Barrier Reef Marine Park - Marine National Park   - MNP-21-1146,44.4,5,2,1,0,18.9,3.5,0,0,10
AIAUS2384,Australia,Great Barrier Reef Marine Park - Marine National Park   - MNP-21-1147,44.4,5,2,1,0,18.9,3.5,0,0,10
AIAUS2385,Australia,Great Barrier Reef Marine Park - Marine National Park   - MNP-23-1156,44.4,5,2,1,0,18.9,3.5,0,0,10
AIAUS2386,Australia,Great Barrier Reef Marine Park - Marine National Park   - MNP-23-1157,44.4,5,2,1,0,18.9,3.5,0,0,10
AIAUS2387,Australia,Great Barrier Reef Marine Park - Marine National Park   - MNP-23-1158,44.4,5,2,1,0,18.9,3.5,0,0,10
AIAUS2388,Australia,Great Barrier Reef Marine Park - Marine National Park   - MNP-23-1159,44.4,5,2,1,0,18.9,3.5,0,0,10
AIAUS2389,Australia,Great Barrier Reef Marine Park - Marine National Park   - MNP-23-1161,44.4,5,2,1,0,18.9,3.5,0,0,10
AIAUS239,Australia,Boot Bay Conservation Area,60.4,11,8,1,0,27.4,5.0,0,0,8
AIAUS2390,Australia,Great Barrier Reef Marine Park - Marine National Park   - MNP-23-1162,44.4,5,2,1,0,18.9,3.5,0,0,10
AIAUS2391,Australia,Great Barrier Reef Marine Park - Marine National Park   - MNP-23-1163,44.4,5,2,1,0,18.9,3.5,0,0,10
AIAUS2392,Australia,Great Barrier Reef Marine Park - Marine National Park   - MNP-23-1164,44.4,5,2,1,0,18.9,3.5,0,0,10
AIAUS2393,Australia,Great Barrier Reef Marine Park - Marine National Park   - MNP-23-1165,44.4,5,2,1,0,18.9,3.5,0,0,10
AIAUS2394,Australia,Great Barrier Reef Marine Park - Marine National Park   - MNP-23-1166,44.4,5,2,1,0,18.9,3.5,0,0,10
AIAUS2395,Australia,Great Barrier Reef Marine Park - Marine National Park   - MNP-23-1168,44.4,5,2,1,0,18.9,3.5,0,0,10
AIAUS2396,Australia,Great Barrier Reef Marine Park - Commonwealth Island (GBRMPA)   - North Reef Island (23045100),41.8,3,1,1,0,19.2,2.5,0,0,10
AIAUS2397,Australia,Great Barrier Reef Marine Park - Commonwealth Island (Other)   - Pelican Rock (22074100),41.8,3,1,1,0,19.2,2.5,0,0,10
AIAUS2398,Australia,Great Barrier Reef Coast Marine Park - Buffer   -  ,44.8,3,1,1,0,19.2,3.5,0,0,10
AIAUS2399,Australia,Great Barrier Reef Marine Park - Buffer   - B-12-3001,44.8,3,1,1,0,19.2,3.5,0,0,10
AIAUS24,Australia,Abrolhos Islands Fish Habitat Protection Area,52.2,7,5,0,1,21.8,4.5,0,0,8
AIAUS240,Australia,Booti Booti National Park,63.4,22,19,0,2,28.4,7.0,0,0,8
AIAUS2400,Australia,Great Barrier Reef Marine Park - Buffer   - B-12-3002,44.8,3,1,1,0,19.2,3.5,0,0,10
AIAUS2401,Australia,Great Barrier Reef Marine Park - Buffer   - B-14-3004,44.8,3,1,1,0,19.2,3.5,0,0,10
AIAUS2402,Australia,Great Barrier Reef Marine Park - Buffer   - B-14-3006,44.8,3,1,1,0,19.2,3.5,0,0,10
AIAUS2403,Australia,Great Barrier Reef Coast Marine Park - Conservation Park   -  ,30.5,7,1,0,2,7.0,5.5,0,0,8
AIAUS2404,Australia,Great Barrier Reef Marine Park - Conservation Park   - CP-11-4001,43.2,7,2,1,1,14.2,7.0,0,0,10
AIAUS2405,Australia,Great Barrier Reef Marine Park - Conservation Park   - CP-11-4002,43.2,7,2,1,1,14.2,7.0,0,0,10
AIAUS2406,Australia,Great Barrier Reef Marine Park - Conservation Park   - CP-12-4003,43.2,7,2,1,1,14.2,7.0,0,0,10
AIAUS2407,Australia,Great Barrier Reef Marine Park - Conservation Park   - CP-12-4004,43.2,7,2,1,1,14.2,7.0,0,0,10
AIAUS2408,Australia,Great Barrier Reef Marine Park - Conservation Park   - CP-12-4005,43.2,7,2,1,1,14.2,7.0,0,0,10
AIAUS2409,Australia,Great Barrier Reef Marine Park - Conservation Park   - CP-12-4006,43.2,7,2,1,1,14.2,7.0,0,0,10
AIAUS2410,Australia,Great Barrier Reef Marine Park - Conservation Park   - CP-12-4007,43.2,7,2,1,1,14.2,7.0,0,0,10
AIAUS2411,Australia,Great Barrier Reef Marine Park - Conservation Park   - CP-13-4008,43.2,7,2,1,1,14.2,7.0,0,0,10
AIAUS2412,Australia,Great Barrier Reef Marine Park - Conservation Park   - CP-13-4009,43.2,7,2,1,1,14.2,7.0,0,0,10
AIAUS2413,Australia,Great Barrier Reef Marine Park - Conservation Park   - CP-14-4014,43.2,7,2,1,1,14.2,7.0,0,0,10
AIAUS2414,Australia,Great Barrier Reef Marine Park - Conservation Park   - CP-14-4015,43.2,7,2,1,1,14.2,7.0,0,0,10
AIAUS2415,Australia,Great Barrier Reef Marine Park - Conservation Park   - CP-14-4016,43.2,7,2,1,1,14.2,7.0,0,0,10
AIAUS2416,Australia,Great Barrier Reef Marine Park - Conservation Park   - CP-14-4018,43.2,7,2,1,1,14.2,7.0,0,0,10
AIAUS2417,Australia,Great Barrier Reef Marine Park - Conservation Park   - CP-14-4019,43.2,7,2,1,1,14.2,7.0,0,0,10
AIAUS2418,Australia,Great Barrier Reef Marine Park - Conservation Park   - CP-14-4114,43.2,7,2,1,1,14.2,7.0,0,0,10
AIAUS2419,Australia,Great Barrier Reef Marine Park - Conservation Park   - CP-15-4020,43.2,7,2,1,1,14.2,7.0,0,0,10
AIAUS242,Australia,Bouddi National Park,62.0,25,19,0,4,25.5,8.5,0,0,8
AIAUS2420,Australia,Great Barrier Reef Marine Park - Conservation Park   - CP-15-4021,43.2,7,2,1,1,14.2,7.0,0,0,10
AIAUS2421,Australia,Great Barrier Reef Marine Park - Conservation Park   - CP-15-4024,43.2,7,2,1,1,14.2,7.0,0,0,10
AIAUS2422,Australia,Great Barrier Reef Marine Park - Conservation Park   - CP-15-4027,43.2,7,2,1,1,14.2,7.0,0,0,10
AIAUS2423,Australia,Great Barrier Reef Marine Park - Conservation Park   - CP-16-4028,43.2,7,2,1,1,14.2,7.0,0,0,10
AIAUS2424,Australia,Great Barrier Reef Marine Park - Conservation Park   - CP-16-4030,43.2,7,2,1,1,14.2,7.0,0,0,10
AIAUS2425,Australia,Great Barrier Reef Marine Park - Conservation Park   - CP-16-4031,43.2,7,2,1,1,14.2,7.0,0,0,10
AIAUS2426,Australia,Great Barrier Reef Marine Park - Conservation Park   - CP-16-4034,43.2,7,2,1,1,14.2,7.0,0,0,10
AIAUS2427,Australia,Great Barrier Reef Marine Park - Conservation Park   - CP-17-4042,43.2,7,2,1,1,14.2,7.0,0,0,10
AIAUS2428,Australia,Great Barrier Reef Marine Park - Conservation Park   - CP-17-4043,43.2,7,2,1,1,14.2,7.0,0,0,10
AIAUS2429,Australia,Great Barrier Reef Marine Park - Conservation Park   - CP-18-4055,43.2,7,2,1,1,14.2,7.0,0,0,10
AIAUS243,Australia,"Boullanger, Whitlock, Favourite, Tern And Osprey Islands Nature Reserve",61.7,24,20,0,1,28.7,7.0,0,0,8
AIAUS2430,Australia,Great Barrier Reef Marine Park - Conservation Park   - CP-19-4057,43.2,7,2,1,1,14.2,7.0,0,0,10
AIAUS2431,Australia,Great Barrier Reef Marine Park - Conservation Park   - CP-19-4058,43.2,7,2,1,1,14.2,7.0,0,0,10
AIAUS2432,Australia,Great Barrier Reef Marine Park - Conservation Park   - CP-19-4059,43.2,7,2,1,1,14.2,7.0,0,0,10
AIAUS2433,Australia,Great Barrier Reef Marine Park - Conservation Park   - CP-19-4060,43.2,7,2,1,1,14.2,7.0,0,0,10
AIAUS2434,Australia,Great Barrier Reef Marine Park - Conservation Park   - CP-19-4061,43.2,7,2,1,1,14.2,7.0,0,0,10
AIAUS2435,Australia,Great Barrier Reef Marine Park - Conservation Park   - CP-19-4063,43.2,7,2,1,1,14.2,7.0,0,0,10
AIAUS2436,Australia,Great Barrier Reef Marine Park - Conservation Park   - CP-19-4064,43.2,7,2,1,1,14.2,7.0,0,0,10
AIAUS2437,Australia,Great Barrier Reef Marine Park - Conservation Park   - CP-19-4065,43.2,7,2,1,1,14.2,7.0,0,0,10
AIAUS2438,Australia,Great Barrier Reef Marine Park - Conservation Park   - CP-19-4068,43.2,7,2,1,1,14.2,7.0,0,0,10
AIAUS2439,Australia,Great Barrier Reef Marine Park - Conservation Park   - CP-20-4076,43.2,7,2,1,1,14.2,7.0,0,0,10
AIAUS244,Australia,Bournda National Park,61.5,26,19,0,3,24.5,7.0,0,0,10
AIAUS2440,Australia,Great Barrier Reef Marine Park - Conservation Park   - CP-20-4078,43.2,7,2,1,1,14.2,7.0,0,0,10
AIAUS2441,Australia,Great Barrier Reef Marine Park - Conservation Park   - CP-20-4079,43.2,7,2,1,1,14.2,7.0,0,0,10
AIAUS2442,Australia,Great Barrier Reef Marine Park - Conservation Park   - CP-20-4080,43.2,7,2,1,1,14.2,7.0,0,0,10
AIAUS2443,Australia,Great Barrier Reef Marine Park - Conservation Park   - CP-20-4082,43.2,7,2,1,1,14.2,7.0,0,0,10
AIAUS2444,Australia,Great Barrier Reef Marine Park - Conservation Park   - CP-20-4083,43.2,7,2,1,1,14.2,7.0,0,0,10
AIAUS2445,Australia,Great Barrier Reef Marine Park - Conservation Park   - CP-20-4084,43.2,7,2,1,1,14.2,7.0,0,0,10
AIAUS2446,Australia,Great Barrier Reef Marine Park - Conservation Park   - CP-20-4085,43.2,7,2,1,1,14.2,7.0,0,0,10
AIAUS2447,Australia,Great Barrier Reef Marine Park - Conservation Park   - CP-20-4086,43.2,7,2,1,1,14.2,7.0,0,0,10
AIAUS2448,Australia,Great Barrier Reef Marine Park - Conservation Park   - CP-20-4088,43.2,7,2,1,1,14.2,7.0,0,0,10
AIAUS2449,Australia,Great Barrier Reef Marine Park - Conservation Park   - CP-20-4089,43.2,7,2,1,1,14.2,7.0,0,0,10
AIAUS245,Australia,Bowling Green Bay National Park,8.5,7,0,0,1,2.0,1.5,0,0,5
AIAUS2450,Australia,Great Barrier Reef Marine Park - Conservation Park   - CP-20-4090,43.2,7,2,1,1,14.2,7.0,0,0,10
AIAUS2451,Australia,Great Barrier Reef Marine Park - Conservation Park   - CP-20-4091,43.2,7,2,1,1,14.2,7.0,0,0,10
AIAUS2452,Australia,Great Barrier Reef Marine Park - Conservation Park   - CP-20-4092,43.2,7,2,1,1,14.2,7.0,0,0,10
AIAUS2453,Australia,Great Barrier Reef Marine Park - Conservation Park   - CP-20-4093,43.2,7,2,1,1,14.2,7.0,0,0,10
AIAUS2454,Australia,Great Barrier Reef Marine Park - Conservation Park   - CP-20-4094,43.2,7,2,1,1,14.2,7.0,0,0,10
AIAUS2455,Australia,Great Barrier Reef Marine Park - Conservation Park   - CP-22-4096,43.2,7,2,1,1,14.2,7.0,0,0,10
AIAUS2456,Australia,Great Barrier Reef Marine Park - Conservation Park   - CP-22-4097,43.2,7,2,1,1,14.2,7.0,0,0,10
AIAUS2457,Australia,Great Barrier Reef Marine Park - Conservation Park   - CP-22-4098,43.2,7,2,1,1,14.2,7.0,0,0,10
AIAUS2458,Australia,Great Barrier Reef Marine Park - Conservation Park   - CP-22-4099,43.2,7,2,1,1,14.2,7.0,0,0,10
AIAUS2459,Australia,Great Barrier Reef Marine Park - Conservation Park   - CP-23-4101,43.2,7,2,1,1,14.2,7.0,0,0,10
AIAUS2460,Australia,Great Barrier Reef Marine Park - Conservation Park   - CP-23-4102,43.2,7,2,1,1,14.2,7.0,0,0,10
AIAUS2461,Australia,Great Barrier Reef Marine Park - Conservation Park   - CP-23-4103,43.2,7,2,1,1,14.2,7.0,0,0,10
AIAUS2462,Australia,Great Barrier Reef Marine Park - Conservation Park   - CP-23-4104,43.2,7,2,1,1,14.2,7.0,0,0,10
AIAUS2463,Australia,Great Barrier Reef Marine Park - Conservation Park   - CP-23-4106,43.2,7,2,1,1,14.2,7.0,0,0,10
AIAUS2464,Australia,Great Barrier Reef Marine Park - Conservation Park   - CP-23-4107,43.2,7,2,1,1,14.2,7.0,0,0,10
AIAUS2465,Australia,Great Barrier Reef Marine Park - Conservation Park   - CP-23-4109,43.2,7,2,1,1,14.2,7.0,0,0,10
AIAUS2466,Australia,Great Barrier Reef Marine Park - Conservation Park   - CP-23-4115,43.2,7,2,1,1,14.2,7.0,0,0,10
AIAUS2467,Australia,Great Barrier Reef Marine Park - Conservation Park   - CP-24-4112,43.2,7,2,1,1,14.2,7.0,0,0,10
AIAUS2468,Australia,Great Barrier Reef Marine Park - Conservation Park   - CP-24-4113,43.2,7,2,1,1,14.2,7.0,0,0,10
AIAUS2469,Australia,Great Barrier Reef Coast Marine Park - General Use    -  ,12.4,3,0,0,2,2.9,4.5,0,0,5
AIAUS247,Australia,Bowling Green Bay Fish Habitat Area (A),36.3,11,3,0,0,10.8,2.5,0,0,8
AIAUS2470,Australia,Great Barrier Reef Marine Park - General Use    - GU-20-6012,51.2,3,1,1,0,19.2,10.0,0,0,10
AIAUS2471,Australia,Great Barrier Reef Coast Marine Park - Habitat Protection    -  ,12.3,5,0,0,3,2.8,4.5,0,0,5
AIAUS2472,Australia,Great Barrier Reef Marine Park - Commonwealth Island (Other)    - Bramble Rock (19001100),41.8,3,1,1,0,19.2,2.5,0,0,10
AIAUS2473,Australia,Great Barrier Reef Marine Park - Commonwealth Island (Other)    - Clara Group (No 4) (22075104),41.8,3,1,1,0,19.2,2.5,0,0,10
AIAUS2474,Australia,Great Barrier Reef Marine Park - Commonwealth Island (GBRMPA)    - Coppersmith Rock (20407101),41.8,3,1,1,0,19.2,2.5,0,0,10
AIAUS2475,Australia,Great Barrier Reef Marine Park - Commonwealth Island (Other)    - Cordelia Rocks (East) (18068102),41.8,3,1,1,0,19.2,2.5,0,0,10
AIAUS2476,Australia,Great Barrier Reef Marine Park - Commonwealth Island (Other)    - Cordelia Rocks (West) (18068101),41.8,3,1,1,0,19.2,2.5,0,0,10
AIAUS2477,Australia,Great Barrier Reef Marine Park - Habitat Protection    - HP-10-5010,49.8,3,1,1,0,19.2,8.5,0,0,10
AIAUS2478,Australia,Great Barrier Reef Marine Park - Habitat Protection    - HP-10-5020,49.8,3,1,1,0,19.2,8.5,0,0,10
AIAUS2479,Australia,Great Barrier Reef Marine Park - Habitat Protection    - HP-11-5036,49.8,3,1,1,0,19.2,8.5,0,0,10
AIAUS248,Australia,Bowling Green Bay Dugong Protection Area (B),43.0,10,1,4,1,16.4,8.5,0,0,8
AIAUS2480,Australia,Great Barrier Reef Marine Park - Habitat Protection    - HP-11-5044,49.8,3,1,1,0,19.2,8.5,0,0,10
AIAUS2481,Australia,Great Barrier Reef Marine Park - Habitat Protection    - HP-11-5047,49.8,3,1,1,0,19.2,8.5,0,0,10
AIAUS2482,Australia,Great Barrier Reef Marine Park - Habitat Protection    - HP-11-5048,49.8,3,1,1,0,19.2,8.5,0,0,10
AIAUS2483,Australia,Great Barrier Reef Marine Park - Habitat Protection    - HP-11-5049,49.8,3,1,1,0,19.2,8.5,0,0,10
AIAUS2484,Australia,Great Barrier Reef Marine Park - Habitat Protection    - HP-12-5050,49.8,3,1,1,0,19.2,8.5,0,0,10
AIAUS2485,Australia,Great Barrier Reef Marine Park - Habitat Protection    - HP-12-5051,49.8,3,1,1,0,19.2,8.5,0,0,10
AIAUS2486,Australia,Great Barrier Reef Marine Park - Habitat Protection    - HP-12-5052,49.8,3,1,1,0,19.2,8.5,0,0,10
AIAUS2487,Australia,Great Barrier Reef Marine Park - Habitat Protection    - HP-12-5053,49.8,3,1,1,0,19.2,8.5,0,0,10
AIAUS2488,Australia,Great Barrier Reef Marine Park - Habitat Protection    - HP-12-5054,49.8,3,1,1,0,19.2,8.5,0,0,10
AIAUS2489,Australia,Great Barrier Reef Marine Park - Habitat Protection    - HP-12-5055,49.8,3,1,1,0,19.2,8.5,0,0,10
AIAUS2490,Australia,Great Barrier Reef Marine Park - Habitat Protection    - HP-12-5058,49.8,3,1,1,0,19.2,8.5,0,0,10
AIAUS2491,Australia,Great Barrier Reef Marine Park - Habitat Protection    - HP-12-5060,49.8,3,1,1,0,19.2,8.5,0,0,10
AIAUS2492,Australia,Great Barrier Reef Marine Park - Habitat Protection    - HP-12-5062,49.8,3,1,1,0,19.2,8.5,0,0,10
AIAUS2493,Australia,Great Barrier Reef Marine Park - Habitat Protection    - HP-12-5066,49.8,3,1,1,0,19.2,8.5,0,0,10
AIAUS2494,Australia,Great Barrier Reef Marine Park - Habitat Protection    - HP-12-5067,49.8,3,1,1,0,19.2,8.5,0,0,10
AIAUS2495,Australia,Great Barrier Reef Marine Park - Habitat Protection    - HP-12-5068,49.8,3,1,1,0,19.2,8.5,0,0,10
AIAUS2496,Australia,Great Barrier Reef Marine Park - Habitat Protection    - HP-13-5072,49.8,3,1,1,0,19.2,8.5,0,0,10
AIAUS2497,Australia,Great Barrier Reef Marine Park - Habitat Protection    - HP-13-5073,49.8,3,1,1,0,19.2,8.5,0,0,10
AIAUS2498,Australia,Great Barrier Reef Marine Park - Habitat Protection    - HP-13-5074,49.8,3,1,1,0,19.2,8.5,0,0,10
AIAUS2499,Australia,Great Barrier Reef Marine Park - Habitat Protection    - HP-13-5076,49.8,3,1,1,0,19.2,8.5,0,0,10
AIAUS2500,Australia,Great Barrier Reef Marine Park - Habitat Protection    - HP-13-5078,49.8,3,1,1,0,19.2,8.5,0,0,10
AIAUS2501,Australia,Great Barrier Reef Marine Park - Habitat Protection    - HP-13-5081,49.8,3,1,1,0,19.2,8.5,0,0,10
AIAUS2502,Australia,Great Barrier Reef Marine Park - Habitat Protection    - HP-13-5085,49.8,3,1,1,0,19.2,8.5,0,0,10
AIAUS2503,Australia,Great Barrier Reef Marine Park - Habitat Protection    - HP-13-5087,49.8,3,1,1,0,19.2,8.5,0,0,10
AIAUS2504,Australia,Great Barrier Reef Marine Park - Habitat Protection    - HP-13-5089,49.8,3,1,1,0,19.2,8.5,0,0,10
AIAUS2505,Australia,Great Barrier Reef Marine Park - Habitat Protection    - HP-13-5090,49.8,3,1,1,0,19.2,8.5,0,0,10
AIAUS2506,Australia,Great Barrier Reef Marine Park - Habitat Protection    - HP-13-5091,49.8,3,1,1,0,19.2,8.5,0,0,10
AIAUS2507,Australia,Great Barrier Reef Marine Park - Habitat Protection    - HP-13-5092,49.8,3,1,1,0,19.2,8.5,0,0,10
AIAUS2508,Australia,Great Barrier Reef Marine Park - Habitat Protection    - HP-13-5381,49.8,3,1,1,0,19.2,8.5,0,0,10
AIAUS2509,Australia,Great Barrier Reef Marine Park - Habitat Protection    - HP-14-5095,49.8,3,1,1,0,19.2,8.5,0,0,10
AIAUS251,Australia,Brampton Islands National Park,35.5,15,3,0,1,9.0,1.5,0,0,10
AIAUS2510,Australia,Great Barrier Reef Marine Park - Habitat Protection    - HP-14-5096,49.8,3,1,1,0,19.2,8.5,0,0,10
AIAUS2511,Australia,Great Barrier Reef Marine Park - Habitat Protection    - HP-14-5100,49.8,3,1,1,0,19.2,8.5,0,0,10
AIAUS2512,Australia,Great Barrier Reef Marine Park - Habitat Protection    - HP-14-5101,49.8,3,1,1,0,19.2,8.5,0,0,10
AIAUS2513,Australia,Great Barrier Reef Marine Park - Habitat Protection    - HP-14-5102,49.8,3,1,1,0,19.2,8.5,0,0,10
AIAUS2514,Australia,Great Barrier Reef Marine Park - Habitat Protection    - HP-14-5103,49.8,3,1,1,0,19.2,8.5,0,0,10
AIAUS2515,Australia,Great Barrier Reef Marine Park - Habitat Protection    - HP-14-5104,49.8,3,1,1,0,19.2,8.5,0,0,10
AIAUS2516,Australia,Great Barrier Reef Marine Park - Habitat Protection    - HP-14-5105,49.8,3,1,1,0,19.2,8.5,0,0,10
AIAUS2517,Australia,Great Barrier Reef Marine Park - Habitat Protection    - HP-14-5106,49.8,3,1,1,0,19.2,8.5,0,0,10
AIAUS2518,Australia,Great Barrier Reef Marine Park - Habitat Protection    - HP-14-5107,49.8,3,1,1,0,19.2,8.5,0,0,10
AIAUS2519,Australia,Great Barrier Reef Marine Park - Habitat Protection    - HP-14-5108,49.8,3,1,1,0,19.2,8.5,0,0,10
AIAUS252,Australia,Breaksea Island Nature Reserve,61.7,24,20,0,1,28.7,7.0,0,0,8
AIAUS2520,Australia,Great Barrier Reef Marine Park - Habitat Protection    - HP-14-5109,49.8,3,1,1,0,19.2,8.5,0,0,10
AIAUS2521,Australia,Great Barrier Reef Marine Park - Habitat Protection    - HP-14-5110,49.8,3,1,1,0,19.2,8.5,0,0,10
AIAUS2522,Australia,Great Barrier Reef Marine Park - Habitat Protection    - HP-14-5111,49.8,3,1,1,0,19.2,8.5,0,0,10
AIAUS2523,Australia,Great Barrier Reef Marine Park - Habitat Protection    - HP-14-5112,49.8,3,1,1,0,19.2,8.5,0,0,10
AIAUS2524,Australia,Great Barrier Reef Marine Park - Habitat Protection    - HP-14-5378,49.8,3,1,1,0,19.2,8.5,0,0,10
AIAUS2525,Australia,Great Barrier Reef Marine Park - Habitat Protection    - HP-15-5114,49.8,3,1,1,0,19.2,8.5,0,0,10
AIAUS2526,Australia,Great Barrier Reef Marine Park - Habitat Protection    - HP-15-5115,49.8,3,1,1,0,19.2,8.5,0,0,10
AIAUS2527,Australia,Great Barrier Reef Marine Park - Habitat Protection    - HP-15-5116,49.8,3,1,1,0,19.2,8.5,0,0,10
AIAUS2528,Australia,Great Barrier Reef Marine Park - Habitat Protection    - HP-15-5117,49.8,3,1,1,0,19.2,8.5,0,0,10
AIAUS2529,Australia,Great Barrier Reef Marine Park - Habitat Protection    - HP-15-5118,49.8,3,1,1,0,19.2,8.5,0,0,10
AIAUS253,Australia,Bremer Australian Marine Park - National Park Zone - South-west,56.2,11,6,0,3,20.7,7.5,0,0,10
AIAUS2530,Australia,Great Barrier Reef Marine Park - Habitat Protection    - HP-15-5119,49.8,3,1,1,0,19.2,8.5,0,0,10
AIAUS2531,Australia,Great Barrier Reef Marine Park - Habitat Protection    - HP-15-5120,49.8,3,1,1,0,19.2,8.5,0,0,10
AIAUS2532,Australia,Great Barrier Reef Marine Park - Habitat Protection    - HP-15-5123,49.8,3,1,1,0,19.2,8.5,0,0,10
AIAUS2533,Australia,Great Barrier Reef Marine Park - Habitat Protection    - HP-15-5379,49.8,3,1,1,0,19.2,8.5,0,0,10
AIAUS2534,Australia,Great Barrier Reef Marine Park - Habitat Protection    - HP-16-5130,49.8,3,1,1,0,19.2,8.5,0,0,10
AIAUS2535,Australia,Great Barrier Reef Marine Park - Habitat Protection    - HP-16-5131,49.8,3,1,1,0,19.2,8.5,0,0,10
AIAUS2536,Australia,Great Barrier Reef Marine Park - Habitat Protection    - HP-17-5136,49.8,3,1,1,0,19.2,8.5,0,0,10
AIAUS2537,Australia,Great Barrier Reef Marine Park - Habitat Protection    - HP-17-5137,49.8,3,1,1,0,19.2,8.5,0,0,10
AIAUS2538,Australia,Great Barrier Reef Marine Park - Habitat Protection    - HP-17-5138,49.8,3,1,1,0,19.2,8.5,0,0,10
AIAUS2539,Australia,Great Barrier Reef Marine Park - Habitat Protection    - HP-18-5148,49.8,3,1,1,0,19.2,8.5,0,0,10
AIAUS253_P,Australia,Bremer Australian Marine Park,6.2,2,0,0,0,1.8,1.5,0,0,3
AIAUS254,Australia,Bremer Australian Marine Park - Special Purpose Zone (Mining Exclusion) - South-west,49.9,11,3,0,4,12.4,10.5,0,0,10
AIAUS2540,Australia,Great Barrier Reef Marine Park - Habitat Protection    - HP-18-5154,49.8,3,1,1,0,19.2,8.5,0,0,10
AIAUS2541,Australia,Great Barrier Reef Marine Park - Habitat Protection    - HP-18-5155,49.8,3,1,1,0,19.2,8.5,0,0,10
AIAUS2542,Australia,Great Barrier Reef Marine Park - Habitat Protection    - HP-18-5156,49.8,3,1,1,0,19.2,8.5,0,0,10
AIAUS2543,Australia,Great Barrier Reef Marine Park - Habitat Protection    - HP-19-5158,49.8,3,1,1,0,19.2,8.5,0,0,10
AIAUS2544,Australia,Great Barrier Reef Marine Park - Habitat Protection    - HP-19-5159,49.8,3,1,1,0,19.2,8.5,0,0,10
AIAUS2545,Australia,Great Barrier Reef Marine Park - Habitat Protection    - HP-19-5160,49.8,3,1,1,0,19.2,8.5,0,0,10
AIAUS2546,Australia,Great Barrier Reef Marine Park - Habitat Protection    - HP-19-5166,49.8,3,1,1,0,19.2,8.5,0,0,10
AIAUS2547,Australia,Great Barrier Reef Marine Park - Habitat Protection    - HP-19-5171,49.8,3,1,1,0,19.2,8.5,0,0,10
AIAUS2548,Australia,Great Barrier Reef Marine Park - Habitat Protection    - HP-19-5174,49.8,3,1,1,0,19.2,8.5,0,0,10
AIAUS2549,Australia,Great Barrier Reef Marine Park - Habitat Protection    - HP-19-5179,49.8,3,1,1,0,19.2,8.5,0,0,10
AIAUS255,Australia,Bribie Island National Park,8.2,6,0,0,0,1.8,1.5,0,0,5
AIAUS2550,Australia,Great Barrier Reef Marine Park - Habitat Protection    - HP-20-5189,49.8,3,1,1,0,19.2,8.5,0,0,10
AIAUS2551,Australia,Great Barrier Reef Marine Park - Habitat Protection    - HP-20-5190,49.8,3,1,1,0,19.2,8.5,0,0,10
AIAUS2552,Australia,Great Barrier Reef Marine Park - Habitat Protection    - HP-20-5193,49.8,3,1,1,0,19.2,8.5,0,0,10
AIAUS2553,Australia,Great Barrier Reef Marine Park - Habitat Protection    - HP-20-5194,49.8,3,1,1,0,19.2,8.5,0,0,10
AIAUS2554,Australia,Great Barrier Reef Marine Park - Habitat Protection    - HP-20-5195,49.8,3,1,1,0,19.2,8.5,0,0,10
AIAUS2555,Australia,Great Barrier Reef Marine Park - Habitat Protection    - HP-20-5196,49.8,3,1,1,0,19.2,8.5,0,0,10
AIAUS2556,Australia,Great Barrier Reef Marine Park - Habitat Protection    - HP-20-5203,49.8,3,1,1,0,19.2,8.5,0,0,10
AIAUS2557,Australia,Great Barrier Reef Marine Park - Habitat Protection    - HP-20-5204,49.8,3,1,1,0,19.2,8.5,0,0,10
AIAUS2558,Australia,Great Barrier Reef Marine Park - Habitat Protection    - HP-20-5205,49.8,3,1,1,0,19.2,8.5,0,0,10
AIAUS2559,Australia,Great Barrier Reef Marine Park - Habitat Protection    - HP-20-5207,49.8,3,1,1,0,19.2,8.5,0,0,10
AIAUS256,Australia,Brick Islands Conservation Area,60.4,11,8,1,0,27.4,5.0,0,0,8
AIAUS2560,Australia,Great Barrier Reef Marine Park - Habitat Protection    - HP-20-5208,49.8,3,1,1,0,19.2,8.5,0,0,10
AIAUS2561,Australia,Great Barrier Reef Marine Park - Habitat Protection    - HP-20-5209,49.8,3,1,1,0,19.2,8.5,0,0,10
AIAUS2562,Australia,Great Barrier Reef Marine Park - Habitat Protection    - HP-20-5211,49.8,3,1,1,0,19.2,8.5,0,0,10
AIAUS2563,Australia,Great Barrier Reef Marine Park - Habitat Protection    - HP-20-5214,49.8,3,1,1,0,19.2,8.5,0,0,10
AIAUS2564,Australia,Great Barrier Reef Marine Park - Habitat Protection    - HP-20-5215,49.8,3,1,1,0,19.2,8.5,0,0,10
AIAUS2565,Australia,Great Barrier Reef Marine Park - Habitat Protection    - HP-20-5216,49.8,3,1,1,0,19.2,8.5,0,0,10
AIAUS2566,Australia,Great Barrier Reef Marine Park - Habitat Protection    - HP-20-5218,49.8,3,1,1,0,19.2,8.5,0,0,10
AIAUS2567,Australia,Great Barrier Reef Marine Park - Habitat Protection    - HP-20-5220,49.8,3,1,1,0,19.2,8.5,0,0,10
AIAUS2568,Australia,Great Barrier Reef Marine Park - Habitat Protection    - HP-20-5221,49.8,3,1,1,0,19.2,8.5,0,0,10
AIAUS2569,Australia,Great Barrier Reef Marine Park - Habitat Protection    - HP-20-5222,49.8,3,1,1,0,19.2,8.5,0,0,10
AIAUS257,Australia,Briggs Islet Conservation Area,60.4,11,8,1,0,27.4,5.0,0,0,8
AIAUS2570,Australia,Great Barrier Reef Marine Park - Habitat Protection    - HP-20-5223,49.8,3,1,1,0,19.2,8.5,0,0,10
AIAUS2571,Australia,Great Barrier Reef Marine Park - Habitat Protection    - HP-20-5224,49.8,3,1,1,0,19.2,8.5,0,0,10
AIAUS2572,Australia,Great Barrier Reef Marine Park - Habitat Protection    - HP-20-5227,49.8,3,1,1,0,19.2,8.5,0,0,10
AIAUS2573,Australia,Great Barrier Reef Marine Park - Habitat Protection    - HP-20-5228,49.8,3,1,1,0,19.2,8.5,0,0,10
AIAUS2574,Australia,Great Barrier Reef Marine Park - Habitat Protection    - HP-20-5229,49.8,3,1,1,0,19.2,8.5,0,0,10
AIAUS2575,Australia,Great Barrier Reef Marine Park - Habitat Protection    - HP-21-5232,49.8,3,1,1,0,19.2,8.5,0,0,10
AIAUS2576,Australia,Great Barrier Reef Marine Park - Habitat Protection    - HP-21-5235,49.8,3,1,1,0,19.2,8.5,0,0,10
AIAUS2577,Australia,Great Barrier Reef Marine Park - Habitat Protection    - HP-21-5236,49.8,3,1,1,0,19.2,8.5,0,0,10
AIAUS2578,Australia,Great Barrier Reef Marine Park - Habitat Protection    - HP-21-5243,49.8,3,1,1,0,19.2,8.5,0,0,10
AIAUS2579,Australia,Great Barrier Reef Marine Park - Habitat Protection    - HP-21-5244,49.8,3,1,1,0,19.2,8.5,0,0,10
AIAUS258,Australia,Brisbane Water National Park,63.4,22,19,0,2,28.4,7.0,0,0,8
AIAUS2580,Australia,Great Barrier Reef Marine Park - Habitat Protection    - HP-21-5245,49.8,3,1,1,0,19.2,8.5,0,0,10
AIAUS2581,Australia,Great Barrier Reef Marine Park - Habitat Protection    - HP-21-5246,49.8,3,1,1,0,19.2,8.5,0,0,10
AIAUS2582,Australia,Great Barrier Reef Marine Park - Habitat Protection    - HP-21-5247,49.8,3,1,1,0,19.2,8.5,0,0,10
AIAUS2583,Australia,Great Barrier Reef Marine Park - Habitat Protection    - HP-21-5248,49.8,3,1,1,0,19.2,8.5,0,0,10
AIAUS2584,Australia,Great Barrier Reef Marine Park - Habitat Protection    - HP-21-5250,49.8,3,1,1,0,19.2,8.5,0,0,10
AIAUS2585,Australia,Great Barrier Reef Marine Park - Habitat Protection    - HP-21-5251,49.8,3,1,1,0,19.2,8.5,0,0,10
AIAUS2586,Australia,Great Barrier Reef Marine Park - Habitat Protection    - HP-21-5252,49.8,3,1,1,0,19.2,8.5,0,0,10
AIAUS2587,Australia,Great Barrier Reef Marine Park - Habitat Protection    - HP-21-5253,49.8,3,1,1,0,19.2,8.5,0,0,10
AIAUS2588,Australia,Great Barrier Reef Marine Park - Habitat Protection    - HP-21-5254,49.8,3,1,1,0,19.2,8.5,0,0,10
AIAUS2589,Australia,Great Barrier Reef Marine Park - Habitat Protection    - HP-21-5255,49.8,3,1,1,0,19.2,8.5,0,0,10
AIAUS259,Australia,Broad Sound Fish Habitat Area (A),36.3,11,3,0,0,10.8,2.5,0,0,8
AIAUS2590,Australia,Great Barrier Reef Marine Park - Habitat Protection    - HP-21-5256,49.8,3,1,1,0,19.2,8.5,0,0,10
AIAUS2591,Australia,Great Barrier Reef Marine Park - Habitat Protection    - HP-21-5257,49.8,3,1,1,0,19.2,8.5,0,0,10
AIAUS2592,Australia,Great Barrier Reef Marine Park - Habitat Protection    - HP-21-5266,49.8,3,1,1,0,19.2,8.5,0,0,10
AIAUS2593,Australia,Great Barrier Reef Marine Park - Habitat Protection    - HP-21-5268,49.8,3,1,1,0,19.2,8.5,0,0,10
AIAUS2594,Australia,Great Barrier Reef Marine Park - Habitat Protection    - HP-21-5274,49.8,3,1,1,0,19.2,8.5,0,0,10
AIAUS2595,Australia,Great Barrier Reef Marine Park - Habitat Protection    - HP-21-5275,49.8,3,1,1,0,19.2,8.5,0,0,10
AIAUS2596,Australia,Great Barrier Reef Marine Park - Habitat Protection    - HP-21-5276,49.8,3,1,1,0,19.2,8.5,0,0,10
AIAUS2597,Australia,Great Barrier Reef Marine Park - Habitat Protection    - HP-21-5277,49.8,3,1,1,0,19.2,8.5,0,0,10
AIAUS2598,Australia,Great Barrier Reef Marine Park - Habitat Protection    - HP-21-5284,49.8,3,1,1,0,19.2,8.5,0,0,10
AIAUS2599,Australia,Great Barrier Reef Marine Park - Habitat Protection    - HP-21-5288,49.8,3,1,1,0,19.2,8.5,0,0,10
AIAUS260,Australia,Broad Sound Islands National Park,8.5,6,0,0,1,2.0,1.5,0,0,5
AIAUS2600,Australia,Great Barrier Reef Marine Park - Habitat Protection    - HP-21-5293,49.8,3,1,1,0,19.2,8.5,0,0,10
AIAUS2601,Australia,Great Barrier Reef Marine Park - Habitat Protection    - HP-21-5294,49.8,3,1,1,0,19.2,8.5,0,0,10
AIAUS2602,Australia,Great Barrier Reef Marine Park - Habitat Protection    - HP-21-5295,49.8,3,1,1,0,19.2,8.5,0,0,10
AIAUS2603,Australia,Great Barrier Reef Marine Park - Habitat Protection    - HP-21-5298,49.8,3,1,1,0,19.2,8.5,0,0,10
AIAUS2604,Australia,Great Barrier Reef Marine Park - Habitat Protection    - HP-21-5299,49.8,3,1,1,0,19.2,8.5,0,0,10
AIAUS2605,Australia,Great Barrier Reef Marine Park - Habitat Protection    - HP-21-5300,49.8,3,1,1,0,19.2,8.5,0,0,10
AIAUS2606,Australia,Great Barrier Reef Marine Park - Habitat Protection    - HP-21-5302,49.8,3,1,1,0,19.2,8.5,0,0,10
AIAUS2607,Australia,Great Barrier Reef Marine Park - Habitat Protection    - HP-21-5385,49.8,3,1,1,0,19.2,8.5,0,0,10
AIAUS2608,Australia,Great Barrier Reef Marine Park - Habitat Protection    - HP-22-5311,49.8,3,1,1,0,19.2,8.5,0,0,10
AIAUS2609,Australia,Great Barrier Reef Marine Park - Habitat Protection    - HP-22-5316,49.8,3,1,1,0,19.2,8.5,0,0,10
AIAUS261,Australia,Broadwater National Park,62.7,25,21,0,3,27.7,7.0,0,0,8
AIAUS2610,Australia,Great Barrier Reef Marine Park - Habitat Protection    - HP-22-5319,49.8,3,1,1,0,19.2,8.5,0,0,10
AIAUS2611,Australia,Great Barrier Reef Marine Park - Habitat Protection    - HP-22-5322,49.8,3,1,1,0,19.2,8.5,0,0,10
AIAUS2612,Australia,Great Barrier Reef Marine Park - Habitat Protection    - HP-22-5336,49.8,3,1,1,0,19.2,8.5,0,0,10
AIAUS2613,Australia,Great Barrier Reef Marine Park - Habitat Protection    - HP-22-5338,49.8,3,1,1,0,19.2,8.5,0,0,10
AIAUS2614,Australia,Great Barrier Reef Marine Park - Habitat Protection    - HP-22-5339,49.8,3,1,1,0,19.2,8.5,0,0,10
AIAUS2615,Australia,Great Barrier Reef Marine Park - Habitat Protection    - HP-22-5341,49.8,3,1,1,0,19.2,8.5,0,0,10
AIAUS2616,Australia,Great Barrier Reef Marine Park - Habitat Protection    - HP-22-5343,49.8,3,1,1,0,19.2,8.5,0,0,10
AIAUS2617,Australia,Great Barrier Reef Marine Park - Habitat Protection    - HP-22-5346,49.8,3,1,1,0,19.2,8.5,0,0,10
AIAUS2618,Australia,Great Barrier Reef Marine Park - Habitat Protection    - HP-22-5382,49.8,3,1,1,0,19.2,8.5,0,0,10
AIAUS2619,Australia,Great Barrier Reef Marine Park - Habitat Protection    - HP-22-5383,49.8,3,1,1,0,19.2,8.5,0,0,10
AIAUS262,Australia,Broadwater Conservation Park,8.5,8,0,0,1,2.0,1.5,0,0,5
AIAUS2620,Australia,Great Barrier Reef Marine Park - Habitat Protection    - HP-22-5384,49.8,3,1,1,0,19.2,8.5,0,0,10
AIAUS2621,Australia,Great Barrier Reef Marine Park - Habitat Protection    - HP-22-5387,49.8,3,1,1,0,19.2,8.5,0,0,10
AIAUS2622,Australia,Great Barrier Reef Marine Park - Habitat Protection    - HP-23-5348,49.8,3,1,1,0,19.2,8.5,0,0,10
AIAUS2623,Australia,Great Barrier Reef Marine Park - Habitat Protection    - HP-23-5349,49.8,3,1,1,0,19.2,8.5,0,0,10
AIAUS2624,Australia,Great Barrier Reef Marine Park - Habitat Protection    - HP-23-5350,49.8,3,1,1,0,19.2,8.5,0,0,10
AIAUS2625,Australia,Great Barrier Reef Marine Park - Habitat Protection    - HP-23-5353,49.8,3,1,1,0,19.2,8.5,0,0,10
AIAUS2626,Australia,Great Barrier Reef Marine Park - Habitat Protection    - HP-23-5355,49.8,3,1,1,0,19.2,8.5,0,0,10
AIAUS2627,Australia,Great Barrier Reef Marine Park - Habitat Protection    - HP-23-5356,49.8,3,1,1,0,19.2,8.5,0,0,10
AIAUS2628,Australia,Great Barrier Reef Marine Park - Habitat Protection    - HP-23-5357,49.8,3,1,1,0,19.2,8.5,0,0,10
AIAUS2629,Australia,Great Barrier Reef Marine Park - Habitat Protection    - HP-23-5358,49.8,3,1,1,0,19.2,8.5,0,0,10
AIAUS263,Australia,Broken Head Nature Reserve,64.1,25,22,0,1,29.1,7.0,0,0,8
AIAUS2630,Australia,Great Barrier Reef Marine Park - Habitat Protection    - HP-23-5361,49.8,3,1,1,0,19.2,8.5,0,0,10
AIAUS2631,Australia,Great Barrier Reef Marine Park - Habitat Protection    - HP-23-5362,49.8,3,1,1,0,19.2,8.5,0,0,10
AIAUS2632,Australia,Great Barrier Reef Marine Park - Habitat Protection    - HP-23-5363,49.8,3,1,1,0,19.2,8.5,0,0,10
AIAUS2633,Australia,Great Barrier Reef Marine Park - Habitat Protection    - HP-23-5364,49.8,3,1,1,0,19.2,8.5,0,0,10
AIAUS2634,Australia,Great Barrier Reef Marine Park - Habitat Protection    - HP-23-5365,49.8,3,1,1,0,19.2,8.5,0,0,10
AIAUS2635,Australia,Great Barrier Reef Marine Park - Habitat Protection    - HP-23-5366,49.8,3,1,1,0,19.2,8.5,0,0,10
AIAUS2636,Australia,Great Barrier Reef Marine Park - Habitat Protection    - HP-23-5369,49.8,3,1,1,0,19.2,8.5,0,0,10
AIAUS2637,Australia,Great Barrier Reef Marine Park - Habitat Protection    - HP-23-5374,49.8,3,1,1,0,19.2,8.5,0,0,10
AIAUS2638,Australia,Great Barrier Reef Marine Park - Habitat Protection    - HP-23-5386,49.8,3,1,1,0,19.2,8.5,0,0,10
AIAUS2639,Australia,Great Barrier Reef Marine Park - Habitat Protection    - HP-24-5376,49.8,3,1,1,0,19.2,8.5,0,0,10
AIAUS264,Australia,Bromley (Ampulin) National Park (Cape York Peninsula Aboriginal Land) National Park Aboriginal,8.2,5,0,0,0,1.8,1.5,0,0,5
AIAUS2640,Australia,Great Barrier Reef Marine Park - Habitat Protection    - HP-24-5377,49.8,3,1,1,0,19.2,8.5,0,0,10
AIAUS2641,Australia,Great Barrier Reef Marine Park - Commonwealth Island (GBRMPA)    - Eshelby Island (20012101),41.8,3,1,1,0,19.2,2.5,0,0,10
AIAUS2642,Australia,Great Barrier Reef Marine Park - Preservation    - P-11-3,41.2,4,1,1,1,16.2,7.0,0,0,8
AIAUS2643,Australia,Great Barrier Reef Marine Park - Preservation    - P-14-9,41.2,4,1,1,1,16.2,7.0,0,0,8
AIAUS2644,Australia,Great Barrier Reef Marine Park - Preservation    - P-19-20,41.2,4,1,1,1,16.2,7.0,0,0,8
AIAUS2645,Australia,Great Barrier Reef Marine Park - Preservation    - P-20-22,41.2,4,1,1,1,16.2,7.0,0,0,8
AIAUS2646,Australia,Great Barrier Reef Marine Park - Preservation    - P-20-23,41.2,4,1,1,1,16.2,7.0,0,0,8
AIAUS2647,Australia,Great Barrier Reef Marine Park - Preservation    - P-21-24,41.2,4,1,1,1,16.2,7.0,0,0,8
AIAUS2648,Australia,Great Barrier Reef Marine Park - Preservation    - P-21-33,41.2,4,1,1,1,16.2,7.0,0,0,8
AIAUS2649,Australia,Great Barrier Reef Marine Park - Scientific Research    - SR-14-2003,44.8,3,1,1,0,19.2,3.5,0,0,10
AIAUS2650,Australia,Great Barrier Reef Marine Park - Scientific Research    - SR-14-2005,44.8,3,1,1,0,19.2,3.5,0,0,10
AIAUS2651,Australia,Great Barrier Reef Marine Park - Scientific Research    - SR-18-2007,44.8,3,1,1,0,19.2,3.5,0,0,10
AIAUS2652,Australia,Great Barrier Reef Marine Park - Preservation    - P-11-6,41.2,4,1,1,1,16.2,7.0,0,0,8
AIAUS2653,Australia,Great Barrier Reef Marine Park - Preservation    - P-14-10,41.2,4,1,1,1,16.2,7.0,0,0,8
AIAUS2654,Australia,Great Barrier Reef Marine Park - Preservation    - P-14-8,41.2,4,1,1,1,16.2,7.0,0,0,8
AIAUS2655,Australia,Great Barrier Reef Marine Park - Preservation    - P-15-12,41.2,4,1,1,1,16.2,7.0,0,0,8
AIAUS2656,Australia,Great Barrier Reef Marine Park - Preservation    - P-15-13,41.2,4,1,1,1,16.2,7.0,0,0,8
AIAUS2657,Australia,Great Barrier Reef Marine Park - Preservation    - P-16-14,41.2,4,1,1,1,16.2,7.0,0,0,8
AIAUS2658,Australia,Great Barrier Reef Marine Park - Preservation    - P-16-15,41.2,4,1,1,1,16.2,7.0,0,0,8
AIAUS2659,Australia,Great Barrier Reef Marine Park - Preservation    - P-17-16,41.2,4,1,1,1,16.2,7.0,0,0,8
AIAUS266,Australia,Bronte-Coogee Aquatic Reserve,31.8,7,2,0,0,10.8,3.0,0,0,8
AIAUS2660,Australia,Great Barrier Reef Marine Park - Preservation    - P-18-17,41.2,4,1,1,1,16.2,7.0,0,0,8
AIAUS2661,Australia,Great Barrier Reef Marine Park - Preservation    - P-18-18,41.2,4,1,1,1,16.2,7.0,0,0,8
AIAUS2662,Australia,Great Barrier Reef Marine Park - Preservation    - P-19-19,41.2,4,1,1,1,16.2,7.0,0,0,8
AIAUS2663,Australia,Great Barrier Reef Marine Park - Scientific Research    - SR-14-2001,44.8,3,1,1,0,19.2,3.5,0,0,10
AIAUS2664,Australia,Great Barrier Reef Marine Park - Scientific Research    - SR-14-2002,44.8,3,1,1,0,19.2,3.5,0,0,10
AIAUS2665,Australia,Great Barrier Reef Marine Park - Commonwealth Island (Other)   - Bay Island (22064100),41.8,3,1,1,0,19.2,2.5,0,0,10
AIAUS2666,Australia,Great Barrier Reef Marine Park - Commonwealth Island (Other)   - Clara Island (22038100),41.8,3,1,1,0,19.2,2.5,0,0,10
AIAUS2667,Australia,Great Barrier Reef Marine Park - Commonwealth Island (Other)   - Connor Rock (22066100),41.8,3,1,1,0,19.2,2.5,0,0,10
AIAUS2668,Australia,Great Barrier Reef Marine Park - Commonwealth Island (Other)   - Crane Island (22065101),41.8,3,1,1,0,19.2,2.5,0,0,10
AIAUS2669,Australia,Great Barrier Reef Marine Park - Commonwealth Island (Other)   - Edward Island (22060100),41.8,3,1,1,0,19.2,2.5,0,0,10
AIAUS267,Australia,Brook Islands National Park,25.7,12,1,0,1,4.7,3.0,0,0,8
AIAUS2670,Australia,Great Barrier Reef Marine Park - Commonwealth Island (GBRMPA)   - Hannibal Islands (East) (11136102),41.8,3,1,1,0,19.2,2.5,0,0,10
AIAUS2671,Australia,Great Barrier Reef Marine Park - Commonwealth Island (Other)   - Entrance Island (22083100),41.8,3,1,1,0,19.2,2.5,0,0,10
AIAUS2672,Australia,Great Barrier Reef Marine Park - Commonwealth Island (GBRMPA)   - Lady Elliot Island (24008100),41.8,3,1,1,0,19.2,2.5,0,0,10
AIAUS2673,Australia,Great Barrier Reef Marine Park - Commonwealth Island (Other)   - Leicester Island (22053100),41.8,3,1,1,0,19.2,2.5,0,0,10
AIAUS2674,Australia,Great Barrier Reef Marine Park - Commonwealth Island (GBRMPA)   - Low Island (16028101),41.8,3,1,1,0,19.2,2.5,0,0,10
AIAUS2675,Australia,Great Barrier Reef Marine Park - Commonwealth Island (Other)   - Marquis Island (22063102),41.8,3,1,1,0,19.2,2.5,0,0,10
AIAUS2676,Australia,Great Barrier Reef Marine Park - Marine National Park   - MNP-10-1001,44.4,5,2,1,0,18.9,3.5,0,0,10
AIAUS2677,Australia,Great Barrier Reef Marine Park - Marine National Park   - MNP-10-1002,44.4,5,2,1,0,18.9,3.5,0,0,10
AIAUS2678,Australia,Great Barrier Reef Marine Park - Marine National Park   - MNP-11-1003,44.4,5,2,1,0,18.9,3.5,0,0,10
AIAUS2679,Australia,Great Barrier Reef Marine Park - Marine National Park   - MNP-11-1004,44.4,5,2,1,0,18.9,3.5,0,0,10
AIAUS2680,Australia,Great Barrier Reef Marine Park - Marine National Park   - MNP-11-1005,44.4,5,2,1,0,18.9,3.5,0,0,10
AIAUS2681,Australia,Great Barrier Reef Marine Park - Marine National Park   - MNP-12-1007,44.4,5,2,1,0,18.9,3.5,0,0,10
AIAUS2682,Australia,Great Barrier Reef Marine Park - Marine National Park   - MNP-12-1008,44.4,5,2,1,0,18.9,3.5,0,0,10
AIAUS2683,Australia,Great Barrier Reef Marine Park - Marine National Park   - MNP-12-1011,44.4,5,2,1,0,18.9,3.5,0,0,10
AIAUS2684,Australia,Great Barrier Reef Marine Park - Marine National Park   - MNP-13-1014,44.4,5,2,1,0,18.9,3.5,0,0,10
AIAUS2685,Australia,Great Barrier Reef Marine Park - Marine National Park   - MNP-13-1016,44.4,5,2,1,0,18.9,3.5,0,0,10
AIAUS2686,Australia,Great Barrier Reef Marine Park - Marine National Park   - MNP-13-1017,44.4,5,2,1,0,18.9,3.5,0,0,10
AIAUS2687,Australia,Great Barrier Reef Marine Park - Marine National Park   - MNP-13-1018,44.4,5,2,1,0,18.9,3.5,0,0,10
AIAUS2688,Australia,Great Barrier Reef Marine Park - Marine National Park   - MNP-13-1019,44.4,5,2,1,0,18.9,3.5,0,0,10
AIAUS2689,Australia,Great Barrier Reef Marine Park - Marine National Park   - MNP-13-1174,44.4,5,2,1,0,18.9,3.5,0,0,10
AIAUS269,Australia,Broulee Island Nature Reserve,64.4,25,22,0,1,29.4,7.0,0,0,8
AIAUS2690,Australia,Great Barrier Reef Marine Park - Marine National Park   - MNP-14-1023,44.4,5,2,1,0,18.9,3.5,0,0,10
AIAUS2691,Australia,Great Barrier Reef Marine Park - Marine National Park   - MNP-14-1025,44.4,5,2,1,0,18.9,3.5,0,0,10
AIAUS2692,Australia,Great Barrier Reef Marine Park - Marine National Park   - MNP-14-1026,44.4,5,2,1,0,18.9,3.5,0,0,10
AIAUS2693,Australia,Great Barrier Reef Marine Park - Marine National Park   - MNP-14-1027,44.4,5,2,1,0,18.9,3.5,0,0,10
AIAUS2694,Australia,Great Barrier Reef Marine Park - Marine National Park   - MNP-14-1028,44.4,5,2,1,0,18.9,3.5,0,0,10
AIAUS2695,Australia,Great Barrier Reef Marine Park - Marine National Park   - MNP-14-1029,44.4,5,2,1,0,18.9,3.5,0,0,10
AIAUS2696,Australia,Great Barrier Reef Marine Park - Marine National Park   - MNP-14-1030,44.4,5,2,1,0,18.9,3.5,0,0,10
AIAUS2697,Australia,Great Barrier Reef Marine Park - Marine National Park   - MNP-15-1033,44.4,5,2,1,0,18.9,3.5,0,0,10
AIAUS2698,Australia,Great Barrier Reef Marine Park - Marine National Park   - MNP-15-1034,44.4,5,2,1,0,18.9,3.5,0,0,10
AIAUS2699,Australia,Great Barrier Reef Marine Park - Marine National Park   - MNP-15-1035,44.4,5,2,1,0,18.9,3.5,0,0,10
AIAUS27,Australia,Houtman Abrolhos Reef - Observation Areas,34.9,3,1,0,1,13.4,3.5,0,0,8
AIAUS270,Australia,Browse Island Nature Reserve,61.7,24,20,0,1,28.7,7.0,0,0,8
AIAUS2700,Australia,Great Barrier Reef Marine Park - Marine National Park   - MNP-15-1037,44.4,5,2,1,0,18.9,3.5,0,0,10
AIAUS2701,Australia,Great Barrier Reef Marine Park - Marine National Park   - MNP-15-1038,44.4,5,2,1,0,18.9,3.5,0,0,10
AIAUS2702,Australia,Great Barrier Reef Marine Park - Marine National Park   - MNP-15-1039,44.4,5,2,1,0,18.9,3.5,0,0,10
AIAUS2703,Australia,Great Barrier Reef Marine Park - Marine National Park   - MNP-15-1040,44.4,5,2,1,0,18.9,3.5,0,0,10
AIAUS2704,Australia,Great Barrier Reef Marine Park - Marine National Park   - MNP-15-1041,44.4,5,2,1,0,18.9,3.5,0,0,10
AIAUS2705,Australia,Great Barrier Reef Marine Park - Marine National Park   - MNP-15-1042,44.4,5,2,1,0,18.9,3.5,0,0,10
AIAUS2706,Australia,Great Barrier Reef Marine Park - Marine National Park   - MNP-15-1043,44.4,5,2,1,0,18.9,3.5,0,0,10
AIAUS2707,Australia,Great Barrier Reef Marine Park - Marine National Park   - MNP-15-1044,44.4,5,2,1,0,18.9,3.5,0,0,10
AIAUS2708,Australia,Great Barrier Reef Marine Park - Marine National Park   - MNP-15-1046,44.4,5,2,1,0,18.9,3.5,0,0,10
AIAUS2709,Australia,Great Barrier Reef Marine Park - Marine National Park   - MNP-15-1047,44.4,5,2,1,0,18.9,3.5,0,0,10
AIAUS271,Australia,Brunswick Heads Nature Reserve,64.1,25,22,0,1,29.1,7.0,0,0,8
AIAUS2710,Australia,Great Barrier Reef Marine Park - Marine National Park   - MNP-16-1048,44.4,5,2,1,0,18.9,3.5,0,0,10
AIAUS2711,Australia,Great Barrier Reef Marine Park - Marine National Park   - MNP-16-1049,44.4,5,2,1,0,18.9,3.5,0,0,10
AIAUS2712,Australia,Great Barrier Reef Marine Park - Marine National Park   - MNP-16-1050,44.4,5,2,1,0,18.9,3.5,0,0,10
AIAUS2713,Australia,Great Barrier Reef Marine Park - Marine National Park   - MNP-16-1051,44.4,5,2,1,0,18.9,3.5,0,0,10
AIAUS2714,Australia,Great Barrier Reef Marine Park - Marine National Park   - MNP-16-1052,44.4,5,2,1,0,18.9,3.5,0,0,10
AIAUS2715,Australia,Great Barrier Reef Marine Park - Marine National Park   - MNP-16-1054,44.4,5,2,1,0,18.9,3.5,0,0,10
AIAUS2716,Australia,Great Barrier Reef Marine Park - Marine National Park   - MNP-16-1055,44.4,5,2,1,0,18.9,3.5,0,0,10
AIAUS2717,Australia,Great Barrier Reef Marine Park - Marine National Park   - MNP-16-1056,44.4,5,2,1,0,18.9,3.5,0,0,10
AIAUS2718,Australia,Great Barrier Reef Marine Park - Marine National Park   - MNP-16-1057,44.4,5,2,1,0,18.9,3.5,0,0,10
AIAUS2719,Australia,Great Barrier Reef Marine Park - Marine National Park   - MNP-16-1058,44.4,5,2,1,0,18.9,3.5,0,0,10
AIAUS272,Australia,Bruny Island Neck Game Reserve,60.4,11,8,1,0,27.4,5.0,0,0,8
AIAUS2720,Australia,Great Barrier Reef Marine Park - Marine National Park   - MNP-16-1060,44.4,5,2,1,0,18.9,3.5,0,0,10
AIAUS2721,Australia,Great Barrier Reef Marine Park - Marine National Park   - MNP-16-1061,44.4,5,2,1,0,18.9,3.5,0,0,10
AIAUS2722,Australia,Great Barrier Reef Marine Park - Marine National Park   - MNP-17-1063,44.4,5,2,1,0,18.9,3.5,0,0,10
AIAUS2723,Australia,Great Barrier Reef Marine Park - Marine National Park   - MNP-17-1064,44.4,5,2,1,0,18.9,3.5,0,0,10
AIAUS2724,Australia,Great Barrier Reef Marine Park - Marine National Park   - MNP-17-1067,44.4,5,2,1,0,18.9,3.5,0,0,10
AIAUS2725,Australia,Great Barrier Reef Marine Park - Marine National Park   - MNP-17-1068,44.4,5,2,1,0,18.9,3.5,0,0,10
AIAUS2726,Australia,Great Barrier Reef Marine Park - Marine National Park   - MNP-17-1069,44.4,5,2,1,0,18.9,3.5,0,0,10
AIAUS2727,Australia,Great Barrier Reef Marine Park - Marine National Park   - MNP-17-1072,44.4,5,2,1,0,18.9,3.5,0,0,10
AIAUS2728,Australia,Great Barrier Reef Marine Park - Marine National Park   - MNP-17-1073,44.4,5,2,1,0,18.9,3.5,0,0,10
AIAUS2729,Australia,Great Barrier Reef Marine Park - Marine National Park   - MNP-17-1075,44.4,5,2,1,0,18.9,3.5,0,0,10
AIAUS273,Australia,Brush Island Nature Reserve,64.1,25,22,0,1,29.1,7.0,0,0,8
AIAUS2730,Australia,Great Barrier Reef Marine Park - Marine National Park   - MNP-18-1076,44.4,5,2,1,0,18.9,3.5,0,0,10
AIAUS2731,Australia,Great Barrier Reef Marine Park - Marine National Park   - MNP-18-1077,44.4,5,2,1,0,18.9,3.5,0,0,10
AIAUS2732,Australia,Great Barrier Reef Marine Park - Marine National Park   - MNP-18-1078,44.4,5,2,1,0,18.9,3.5,0,0,10
AIAUS2733,Australia,Great Barrier Reef Marine Park - Marine National Park   - MNP-18-1079,44.4,5,2,1,0,18.9,3.5,0,0,10
AIAUS2734,Australia,Great Barrier Reef Marine Park - Marine National Park   - MNP-18-1081,44.4,5,2,1,0,18.9,3.5,0,0,10
AIAUS2735,Australia,Great Barrier Reef Marine Park - Marine National Park   - MNP-18-1082,44.4,5,2,1,0,18.9,3.5,0,0,10
AIAUS2736,Australia,Great Barrier Reef Marine Park - Marine National Park   - MNP-18-1084,44.4,5,2,1,0,18.9,3.5,0,0,10
AIAUS2737,Australia,Great Barrier Reef Marine Park - Marine National Park   - MNP-18-1086,44.4,5,2,1,0,18.9,3.5,0,0,10
AIAUS2738,Australia,Great Barrier Reef Marine Park - Marine National Park   - MNP-18-1087,44.4,5,2,1,0,18.9,3.5,0,0,10
AIAUS2739,Australia,Great Barrier Reef Marine Park - Marine National Park   - MNP-18-1088,44.4,5,2,1,0,18.9,3.5,0,0,10
AIAUS274,Australia,Buckleys Hole Conservation Park,54.3,26,14,1,1,19.8,4.5,0,0,10
AIAUS2740,Australia,Great Barrier Reef Marine Park - Marine National Park   - MNP-19-1089,44.4,5,2,1,0,18.9,3.5,0,0,10
AIAUS2741,Australia,Great Barrier Reef Marine Park - Marine National Park   - MNP-19-1095,44.4,5,2,1,0,18.9,3.5,0,0,10
AIAUS2742,Australia,Great Barrier Reef Marine Park - Marine National Park   - MNP-19-1096,44.4,5,2,1,0,18.9,3.5,0,0,10
AIAUS2743,Australia,Great Barrier Reef Marine Park - Marine National Park   - MNP-19-1097,44.4,5,2,1,0,18.9,3.5,0,0,10
AIAUS2744,Australia,Great Barrier Reef Marine Park - Marine National Park   - MNP-19-1098,44.4,5,2,1,0,18.9,3.5,0,0,10
AIAUS2745,Australia,Great Barrier Reef Marine Park - Marine National Park   - MNP-19-1101,44.4,5,2,1,0,18.9,3.5,0,0,10
AIAUS2746,Australia,Great Barrier Reef Marine Park - Marine National Park   - MNP-19-1102,44.4,5,2,1,0,18.9,3.5,0,0,10
AIAUS2747,Australia,Great Barrier Reef Marine Park - Marine National Park   - MNP-19-1103,44.4,5,2,1,0,18.9,3.5,0,0,10
AIAUS2748,Australia,Great Barrier Reef Marine Park - Marine National Park   - MNP-19-1104,44.4,5,2,1,0,18.9,3.5,0,0,10
AIAUS2749,Australia,Great Barrier Reef Marine Park - Marine National Park   - MNP-19-1110,44.4,5,2,1,0,18.9,3.5,0,0,10
AIAUS275,Australia,Bull Island Nature Reserve,64.1,25,22,0,1,29.1,7.0,0,0,8
AIAUS2750,Australia,Great Barrier Reef Marine Park - Marine National Park   - MNP-20-1112,44.4,5,2,1,0,18.9,3.5,0,0,10
AIAUS2751,Australia,Great Barrier Reef Marine Park - Marine National Park   - MNP-20-1120,44.4,5,2,1,0,18.9,3.5,0,0,10
AIAUS2752,Australia,Great Barrier Reef Marine Park - Marine National Park   - MNP-20-1122,44.4,5,2,1,0,18.9,3.5,0,0,10
AIAUS2753,Australia,Great Barrier Reef Marine Park - Marine National Park   - MNP-20-1124,44.4,5,2,1,0,18.9,3.5,0,0,10
AIAUS2754,Australia,Great Barrier Reef Marine Park - Marine National Park   - MNP-20-1125,44.4,5,2,1,0,18.9,3.5,0,0,10
AIAUS2755,Australia,Great Barrier Reef Marine Park - Marine National Park   - MNP-20-1128,44.4,5,2,1,0,18.9,3.5,0,0,10
AIAUS2756,Australia,Great Barrier Reef Marine Park - Marine National Park   - MNP-20-1134,44.4,5,2,1,0,18.9,3.5,0,0,10
AIAUS2757,Australia,Great Barrier Reef Marine Park - Marine National Park   - MNP-20-1135,44.4,5,2,1,0,18.9,3.5,0,0,10
AIAUS2758,Australia,Great Barrier Reef Marine Park - Marine National Park   - MNP-20-1137,44.4,5,2,1,0,18.9,3.5,0,0,10
AIAUS2759,Australia,Great Barrier Reef Marine Park - Marine National Park   - MNP-21-1140,44.4,5,2,1,0,18.9,3.5,0,0,10
AIAUS276,Australia,Bull Rock Conservation Area,60.4,11,8,1,0,27.4,5.0,0,0,8
AIAUS2760,Australia,Great Barrier Reef Marine Park - Marine National Park   - MNP-21-1141,44.4,5,2,1,0,18.9,3.5,0,0,10
AIAUS2761,Australia,Great Barrier Reef Marine Park - Marine National Park   - MNP-21-1142,44.4,5,2,1,0,18.9,3.5,0,0,10
AIAUS2762,Australia,Great Barrier Reef Marine Park - Marine National Park   - MNP-21-1145,44.4,5,2,1,0,18.9,3.5,0,0,10
AIAUS2763,Australia,Great Barrier Reef Marine Park - Marine National Park   - MNP-21-1149,44.4,5,2,1,0,18.9,3.5,0,0,10
AIAUS2764,Australia,Great Barrier Reef Marine Park - Marine National Park   - MNP-22-1151,44.4,5,2,1,0,18.9,3.5,0,0,10
AIAUS2765,Australia,Great Barrier Reef Marine Park - Marine National Park   - MNP-22-1153,44.4,5,2,1,0,18.9,3.5,0,0,10
AIAUS2766,Australia,Great Barrier Reef Marine Park - Marine National Park   - MNP-22-1154,44.4,5,2,1,0,18.9,3.5,0,0,10
AIAUS2767,Australia,Great Barrier Reef Marine Park - Marine National Park   - MNP-23-1155,44.4,5,2,1,0,18.9,3.5,0,0,10
AIAUS2768,Australia,Great Barrier Reef Marine Park - Marine National Park   - MNP-23-1160,44.4,5,2,1,0,18.9,3.5,0,0,10
AIAUS2769,Australia,Great Barrier Reef Marine Park - Marine National Park   - MNP-23-1167,44.4,5,2,1,0,18.9,3.5,0,0,10
AIAUS277,Australia,"Buller, Whittell And Green Islands Nature Reserve",61.7,24,20,0,1,28.7,7.0,0,0,8
AIAUS2770,Australia,Great Barrier Reef Marine Park - Marine National Park   - MNP-23-1169,44.4,5,2,1,0,18.9,3.5,0,0,10
AIAUS2771,Australia,Great Barrier Reef Marine Park - Marine National Park   - MNP-23-1170,44.4,5,2,1,0,18.9,3.5,0,0,10
AIAUS2772,Australia,Great Barrier Reef Marine Park - Marine National Park   - MNP-24-1171,44.4,5,2,1,0,18.9,3.5,0,0,10
AIAUS2773,Australia,Great Barrier Reef Marine Park - Marine National Park   - MNP-24-1172,44.4,5,2,1,0,18.9,3.5,0,0,10
AIAUS2774,Australia,Great Barrier Reef Marine Park - Marine National Park   - MNP-24-1173,44.4,5,2,1,0,18.9,3.5,0,0,10
AIAUS2775,Australia,Great Barrier Reef Marine Park - Commonwealth Island (Other)   - Ranken Island (22809100),41.8,3,1,1,0,19.2,2.5,0,0,10
AIAUS2776,Australia,Great Barrier Reef Marine Park - Commonwealth Island (Other)   - Raynham Island (22073100),41.8,3,1,1,0,19.2,2.5,0,0,10
AIAUS2777,Australia,Great Barrier Reef Marine Park - Commonwealth Island (Other)   - Round Island (22163101),41.8,3,1,1,0,19.2,2.5,0,0,10
AIAUS2778,Australia,Great Barrier Reef Marine Park - Commonwealth Island (Other)   - Round Rock (22065102),41.8,3,1,1,0,19.2,2.5,0,0,10
AIAUS2779,Australia,Great Barrier Reef Marine Park - Commonwealth Island (Other)   - Round Rock (22065104),41.8,3,1,1,0,19.2,2.5,0,0,10
AIAUS2780,Australia,Great Barrier Reef Marine Park - Commonwealth Island (GBRMPA)   - South Island (18008103),41.8,3,1,1,0,19.2,2.5,0,0,10
AIAUS2781,Australia,Great Barrier Reef Marine Park - Commonwealth Island (Other)   - Sun Island (22061100),41.8,3,1,1,0,19.2,2.5,0,0,10
AIAUS2782,Australia,Great Barrier Reef Marine Park - Commonwealth Island (Other)   - Swan Island (22062100),41.8,3,1,1,0,19.2,2.5,0,0,10
AIAUS2783,Australia,Great Barrier Reef Marine Park - Commonwealth Island (Other)   - Townshend Island (22805100),41.8,3,1,1,0,19.2,2.5,0,0,10
AIAUS2784,Australia,Great Barrier Reef Marine Park - Commonwealth Island (Other)   - U/N Island (22815100),41.8,3,1,1,0,19.2,2.5,0,0,10
AIAUS2785,Australia,Great Barrier Reef Marine Park - Commonwealth Island (Other)   - U/N Island (99000100),41.8,3,1,1,0,19.2,2.5,0,0,10
AIAUS2786,Australia,Great Barrier Reef Marine Park - Marine National Park   - MNP-20-1131,44.4,5,2,1,0,18.9,3.5,0,0,10
AIAUS2786a,Australia,Great Barrier Reef Marine Park - Marine National Park   - MNP-20-1132,44.4,5,2,1,0,18.9,3.5,0,0,10
AIAUS2787,Australia,Great Barrier Reef Marine Park - Buffer   - B-14-3005,44.8,3,1,1,0,19.2,3.5,0,0,10
AIAUS2788,Australia,Great Barrier Reef Marine Park - Buffer   - B-15-3007,44.8,3,1,1,0,19.2,3.5,0,0,10
AIAUS2789,Australia,Great Barrier Reef Marine Park - Buffer   - B-15-3008,44.8,3,1,1,0,19.2,3.5,0,0,10
AIAUS279,Australia,Bundegi Coastal Park 5(1)(h) Reserve,61.8,23,19,0,2,28.8,7.0,0,0,8
AIAUS2790,Australia,Great Barrier Reef Marine Park - Buffer   - B-15-3009,44.8,3,1,1,0,19.2,3.5,0,0,10
AIAUS2791,Australia,Great Barrier Reef Marine Park - Buffer   - B-15-3010,44.8,3,1,1,0,19.2,3.5,0,0,10
AIAUS2792,Australia,Great Barrier Reef Marine Park - Buffer   - B-17-3011,44.8,3,1,1,0,19.2,3.5,0,0,10
AIAUS2793,Australia,Great Barrier Reef Marine Park - Buffer   - B-22-3012,44.8,3,1,1,0,19.2,3.5,0,0,10
AIAUS2794,Australia,Great Barrier Reef Marine Park - Commonwealth Island (GBRMPA)   - Coquet Island (14097100),41.8,3,1,1,0,19.2,2.5,0,0,10
AIAUS2795,Australia,Great Barrier Reef Marine Park - Conservation Park   - CP-14-4010,43.2,7,2,1,1,14.2,7.0,0,0,10
AIAUS2796,Australia,Great Barrier Reef Marine Park - Conservation Park   - CP-14-4017,43.2,7,2,1,1,14.2,7.0,0,0,10
AIAUS2797,Australia,Great Barrier Reef Marine Park - Conservation Park   - CP-15-4022,43.2,7,2,1,1,14.2,7.0,0,0,10
AIAUS2798,Australia,Great Barrier Reef Marine Park - Conservation Park   - CP-15-4025,43.2,7,2,1,1,14.2,7.0,0,0,10
AIAUS2799,Australia,Great Barrier Reef Marine Park - Conservation Park   - CP-15-4026,43.2,7,2,1,1,14.2,7.0,0,0,10
AIAUS28,Australia,Houtman Abrolhos Islands National Park,60.4,22,19,0,1,29.9,5.5,0,0,7
AIAUS280,Australia,Bundjalung National Park,62.7,25,21,0,3,27.7,7.0,0,0,8
AIAUS2800,Australia,Great Barrier Reef Marine Park - Conservation Park   - CP-16-4029,43.2,7,2,1,1,14.2,7.0,0,0,10
AIAUS2801,Australia,Great Barrier Reef Marine Park - Conservation Park   - CP-16-4032,43.2,7,2,1,1,14.2,7.0,0,0,10
AIAUS2802,Australia,Great Barrier Reef Marine Park - Conservation Park   - CP-16-4033,43.2,7,2,1,1,14.2,7.0,0,0,10
AIAUS2803,Australia,Great Barrier Reef Marine Park - Conservation Park   - CP-16-4035,43.2,7,2,1,1,14.2,7.0,0,0,10
AIAUS2804,Australia,Great Barrier Reef Marine Park - Conservation Park   - CP-16-4036,43.2,7,2,1,1,14.2,7.0,0,0,10
AIAUS2805,Australia,Great Barrier Reef Marine Park - Conservation Park   - CP-16-4037,43.2,7,2,1,1,14.2,7.0,0,0,10
AIAUS2806,Australia,Great Barrier Reef Marine Park - Conservation Park   - CP-16-4038,43.2,7,2,1,1,14.2,7.0,0,0,10
AIAUS2807,Australia,Great Barrier Reef Marine Park - Conservation Park   - CP-16-4039,43.2,7,2,1,1,14.2,7.0,0,0,10
AIAUS2808,Australia,Great Barrier Reef Marine Park - Conservation Park   - CP-17-4040,43.2,7,2,1,1,14.2,7.0,0,0,10
AIAUS2809,Australia,Great Barrier Reef Marine Park - Conservation Park   - CP-17-4041,43.2,7,2,1,1,14.2,7.0,0,0,10
AIAUS281,Australia,Bunurong Marine National Park,39.4,5,2,0,1,15.4,6.0,0,0,8
AIAUS2810,Australia,Great Barrier Reef Marine Park - Conservation Park   - CP-17-4044,43.2,7,2,1,1,14.2,7.0,0,0,10
AIAUS2811,Australia,Great Barrier Reef Marine Park - Conservation Park   - CP-17-4045,43.2,7,2,1,1,14.2,7.0,0,0,10
AIAUS2812,Australia,Great Barrier Reef Marine Park - Conservation Park   - CP-18-4046,43.2,7,2,1,1,14.2,7.0,0,0,10
AIAUS2813,Australia,Great Barrier Reef Marine Park - Conservation Park   - CP-18-4047,43.2,7,2,1,1,14.2,7.0,0,0,10
AIAUS2814,Australia,Great Barrier Reef Marine Park - Conservation Park   - CP-18-4048,43.2,7,2,1,1,14.2,7.0,0,0,10
AIAUS2815,Australia,Great Barrier Reef Marine Park - Conservation Park   - CP-18-4050,43.2,7,2,1,1,14.2,7.0,0,0,10
AIAUS2816,Australia,Great Barrier Reef Marine Park - Conservation Park   - CP-18-4051,43.2,7,2,1,1,14.2,7.0,0,0,10
AIAUS2817,Australia,Great Barrier Reef Marine Park - Conservation Park   - CP-18-4052,43.2,7,2,1,1,14.2,7.0,0,0,10
AIAUS2818,Australia,Great Barrier Reef Marine Park - Conservation Park   - CP-18-4053,43.2,7,2,1,1,14.2,7.0,0,0,10
AIAUS2819,Australia,Great Barrier Reef Marine Park - Conservation Park   - CP-18-4054,43.2,7,2,1,1,14.2,7.0,0,0,10
AIAUS282,Australia,Bunurong Marine Park,52.8,11,6,0,1,18.8,8.0,0,0,8
AIAUS2820,Australia,Great Barrier Reef Marine Park - Conservation Park   - CP-18-4056,43.2,7,2,1,1,14.2,7.0,0,0,10
AIAUS2821,Australia,Great Barrier Reef Marine Park - Conservation Park   - CP-19-4062,43.2,7,2,1,1,14.2,7.0,0,0,10
AIAUS2822,Australia,Great Barrier Reef Marine Park - Conservation Park   - CP-19-4067,43.2,7,2,1,1,14.2,7.0,0,0,10
AIAUS2823,Australia,Great Barrier Reef Marine Park - Conservation Park   - CP-19-4074,43.2,7,2,1,1,14.2,7.0,0,0,10
AIAUS2824,Australia,Great Barrier Reef Marine Park - Conservation Park   - CP-20-4075,43.2,7,2,1,1,14.2,7.0,0,0,10
AIAUS2825,Australia,Great Barrier Reef Marine Park - Conservation Park   - CP-20-4077,43.2,7,2,1,1,14.2,7.0,0,0,10
AIAUS2826,Australia,Great Barrier Reef Marine Park - Conservation Park   - CP-20-4081,43.2,7,2,1,1,14.2,7.0,0,0,10
AIAUS2827,Australia,Great Barrier Reef Marine Park - Conservation Park   - CP-20-4095,43.2,7,2,1,1,14.2,7.0,0,0,10
AIAUS2828,Australia,Great Barrier Reef Marine Park - Conservation Park   - CP-23-4100,43.2,7,2,1,1,14.2,7.0,0,0,10
AIAUS2829,Australia,Great Barrier Reef Marine Park - Conservation Park   - CP-23-4108,43.2,7,2,1,1,14.2,7.0,0,0,10
AIAUS283,Australia,Burdekin Fish Habitat Area (B),36.3,11,3,0,0,10.8,2.5,0,0,8
AIAUS2830,Australia,Great Barrier Reef Marine Park - Conservation Park   - CP-23-4110,43.2,7,2,1,1,14.2,7.0,0,0,10
AIAUS2831,Australia,Great Barrier Reef Marine Park - Conservation Park   - CP-23-4111,43.2,7,2,1,1,14.2,7.0,0,0,10
AIAUS2832,Australia,Great Barrier Reef Marine Park - Commonwealth Island (Other)   - Island Head (22078100),41.8,3,1,1,0,19.2,2.5,0,0,10
AIAUS2833,Australia,Great Barrier Reef Marine Park - Commonwealth Island (GBRMPA)   - Kent Island (17043104),41.8,3,1,1,0,19.2,2.5,0,0,10
AIAUS2834,Australia,Great Barrier Reef Marine Park - Commonwealth Island (Other)   - Little Fitzroy Island (16055101),41.8,3,1,1,0,19.2,2.5,0,0,10
AIAUS2835,Australia,Great Barrier Reef Marine Park - Commonwealth Island (GBRMPA)   - Penrith Island (21025102),41.8,3,1,1,0,19.2,2.5,0,0,10
AIAUS2836,Australia,Great Barrier Reef Marine Park - Commonwealth Island (GBRMPA)   - Rocky Island (15054100),41.8,3,1,1,0,19.2,2.5,0,0,10
AIAUS2837,Australia,Great Barrier Reef Marine Park - Commonwealth Island (GBRMPA)   - Russell Island (17013101),41.8,3,1,1,0,19.2,2.5,0,0,10
AIAUS2838,Australia,Great Barrier Reef Marine Park - Commonwealth Island (Other)   - Triangular Islands (22077101),41.8,3,1,1,0,19.2,2.5,0,0,10
AIAUS2839,Australia,Great Barrier Reef Marine Park - Commonwealth Island (Other)   - Triangular Islands (22077102),41.8,3,1,1,0,19.2,2.5,0,0,10
AIAUS284,Australia,Burleigh Head National Park,8.5,8,0,0,1,2.0,1.5,0,0,5
AIAUS2840,Australia,Great Barrier Reef Marine Park - Commonwealth Island (Other)   - Triangular Islands (22077103),41.8,3,1,1,0,19.2,2.5,0,0,10
AIAUS2841,Australia,Great Barrier Reef Marine Park - Commonwealth Island (Other)   - Triangular Islands (22077104),41.8,3,1,1,0,19.2,2.5,0,0,10
AIAUS2842,Australia,Great Barrier Reef Marine Park - Commonwealth Island (Other)    - Acheron Island (18066100),41.8,3,1,1,0,19.2,2.5,0,0,10
AIAUS2843,Australia,Great Barrier Reef Marine Park - Commonwealth Island (GBRMPA)    - Albany Rock (10321100),41.8,3,1,1,0,19.2,2.5,0,0,10
AIAUS2844,Australia,Great Barrier Reef Marine Park - Commonwealth Island (GBRMPA)    - Bailey Islet (21026100),41.8,3,1,1,0,19.2,2.5,0,0,10
AIAUS2845,Australia,Great Barrier Reef Marine Park - Commonwealth Island (Other)    - Brown Rock (22076100),41.8,3,1,1,0,19.2,2.5,0,0,10
AIAUS2846,Australia,Great Barrier Reef Marine Park - Commonwealth Island (Other)    - Clara Group (No 1) (22075102),41.8,3,1,1,0,19.2,2.5,0,0,10
AIAUS2847,Australia,Great Barrier Reef Marine Park - Commonwealth Island (Other)    - Clara Group (No 2) (22075101),41.8,3,1,1,0,19.2,2.5,0,0,10
AIAUS2848,Australia,Great Barrier Reef Marine Park - Commonwealth Island (GBRMPA)    - Clerke Island (11188100),41.8,3,1,1,0,19.2,2.5,0,0,10
AIAUS2849,Australia,Great Barrier Reef Marine Park - Commonwealth Island (Other)    - Delcomyn Island (22082100),41.8,3,1,1,0,19.2,2.5,0,0,10
AIAUS2850,Australia,Great Barrier Reef Marine Park - Commonwealth Island (GBRMPA)    - Dent Island (22058103),41.8,3,1,1,0,19.2,2.5,0,0,10
AIAUS2851,Australia,Great Barrier Reef Marine Park - Commonwealth Island (Other)    - Dome Island (22080100),41.8,3,1,1,0,19.2,2.5,0,0,10
AIAUS2852,Australia,Great Barrier Reef Marine Park - General Use    - GU-11-6002,51.2,3,1,1,0,19.2,10.0,0,0,10
AIAUS2853,Australia,Great Barrier Reef Marine Park - General Use    - GU-16-6004,51.2,3,1,1,0,19.2,10.0,0,0,10
AIAUS2854,Australia,Great Barrier Reef Marine Park - General Use    - GU-16-6005,51.2,3,1,1,0,19.2,10.0,0,0,10
AIAUS2855,Australia,Great Barrier Reef Marine Park - General Use    - GU-18-6007,51.2,3,1,1,0,19.2,10.0,0,0,10
AIAUS2856,Australia,Great Barrier Reef Marine Park - General Use    - GU-19-6008,51.2,3,1,1,0,19.2,10.0,0,0,10
AIAUS2857,Australia,Great Barrier Reef Marine Park - General Use    - GU-19-6009,51.2,3,1,1,0,19.2,10.0,0,0,10
AIAUS2858,Australia,Great Barrier Reef Marine Park - General Use    - GU-19-6011,51.2,3,1,1,0,19.2,10.0,0,0,10
AIAUS2859,Australia,Great Barrier Reef Marine Park - General Use    - GU-21-6016,51.2,3,1,1,0,19.2,10.0,0,0,10
AIAUS286,Australia,Burnside And Simpson Island Nature Reserve,61.7,24,20,0,1,28.7,7.0,0,0,8
AIAUS2860,Australia,Great Barrier Reef Marine Park - General Use    - GU-21-6017,51.2,3,1,1,0,19.2,10.0,0,0,10
AIAUS2861,Australia,Great Barrier Reef Marine Park - General Use    - GU-22-6018,51.2,3,1,1,0,19.2,10.0,0,0,10
AIAUS2862,Australia,Great Barrier Reef Marine Park - Commonwealth Island (GBRMPA)    - Hannah Island (13097100),41.8,3,1,1,0,19.2,2.5,0,0,10
AIAUS2863,Australia,Great Barrier Reef Marine Park - Commonwealth Island (Other)    - Harrison Island (22048101),41.8,3,1,1,0,19.2,2.5,0,0,10
AIAUS2864,Australia,Great Barrier Reef Marine Park - Commonwealth Island (Other)    - Herald Island (19002100),41.8,3,1,1,0,19.2,2.5,0,0,10
AIAUS2865,Australia,Great Barrier Reef Marine Park - Commonwealth Island (GBRMPA)    - High Peak Island (21428101),41.8,3,1,1,0,19.2,2.5,0,0,10
AIAUS2866,Australia,Great Barrier Reef Marine Park - Habitat Protection    - HP-10-5001,49.8,3,1,1,0,19.2,8.5,0,0,10
AIAUS2867,Australia,Great Barrier Reef Marine Park - Habitat Protection    - HP-10-5002,49.8,3,1,1,0,19.2,8.5,0,0,10
AIAUS2868,Australia,Great Barrier Reef Marine Park - Habitat Protection    - HP-10-5003,49.8,3,1,1,0,19.2,8.5,0,0,10
AIAUS2869,Australia,Great Barrier Reef Marine Park - Habitat Protection    - HP-10-5004,49.8,3,1,1,0,19.2,8.5,0,0,10
AIAUS287,Australia,Burrum Fish Habitat Area (A),36.3,11,3,0,0,10.8,2.5,0,0,8
AIAUS2870,Australia,Great Barrier Reef Marine Park - Habitat Protection    - HP-10-5005,49.8,3,1,1,0,19.2,8.5,0,0,10
AIAUS2871,Australia,Great Barrier Reef Marine Park - Habitat Protection    - HP-10-5006,49.8,3,1,1,0,19.2,8.5,0,0,10
AIAUS2872,Australia,Great Barrier Reef Marine Park - Habitat Protection    - HP-10-5007,49.8,3,1,1,0,19.2,8.5,0,0,10
AIAUS2873,Australia,Great Barrier Reef Marine Park - Habitat Protection    - HP-10-5008,49.8,3,1,1,0,19.2,8.5,0,0,10
AIAUS2874,Australia,Great Barrier Reef Marine Park - Habitat Protection    - HP-10-5009,49.8,3,1,1,0,19.2,8.5,0,0,10
AIAUS2875,Australia,Great Barrier Reef Marine Park - Habitat Protection    - HP-10-5011,49.8,3,1,1,0,19.2,8.5,0,0,10
AIAUS2876,Australia,Great Barrier Reef Marine Park - Habitat Protection    - HP-10-5012,49.8,3,1,1,0,19.2,8.5,0,0,10
AIAUS2877,Australia,Great Barrier Reef Marine Park - Habitat Protection    - HP-10-5013,49.8,3,1,1,0,19.2,8.5,0,0,10
AIAUS2878,Australia,Great Barrier Reef Marine Park - Habitat Protection    - HP-10-5014,49.8,3,1,1,0,19.2,8.5,0,0,10
AIAUS2879,Australia,Great Barrier Reef Marine Park - Habitat Protection    - HP-10-5015,49.8,3,1,1,0,19.2,8.5,0,0,10
AIAUS288,Australia,Burrum Fish Habitat Area (B),36.3,11,3,0,0,10.8,2.5,0,0,8
AIAUS2880,Australia,Great Barrier Reef Marine Park - Habitat Protection    - HP-10-5016,49.8,3,1,1,0,19.2,8.5,0,0,10
AIAUS2881,Australia,Great Barrier Reef Marine Park - Habitat Protection    - HP-10-5017,49.8,3,1,1,0,19.2,8.5,0,0,10
AIAUS2882,Australia,Great Barrier Reef Marine Park - Habitat Protection    - HP-10-5018,49.8,3,1,1,0,19.2,8.5,0,0,10
AIAUS2883,Australia,Great Barrier Reef Marine Park - Habitat Protection    - HP-10-5019,49.8,3,1,1,0,19.2,8.5,0,0,10
AIAUS2884,Australia,Great Barrier Reef Marine Park - Habitat Protection    - HP-10-5021,49.8,3,1,1,0,19.2,8.5,0,0,10
AIAUS2885,Australia,Great Barrier Reef Marine Park - Habitat Protection    - HP-10-5022,49.8,3,1,1,0,19.2,8.5,0,0,10
AIAUS2886,Australia,Great Barrier Reef Marine Park - Habitat Protection    - HP-10-5023,49.8,3,1,1,0,19.2,8.5,0,0,10
AIAUS2887,Australia,Great Barrier Reef Marine Park - Habitat Protection    - HP-10-5024,49.8,3,1,1,0,19.2,8.5,0,0,10
AIAUS2888,Australia,Great Barrier Reef Marine Park - Habitat Protection    - HP-10-5025,49.8,3,1,1,0,19.2,8.5,0,0,10
AIAUS2889,Australia,Great Barrier Reef Marine Park - Habitat Protection    - HP-10-5026,49.8,3,1,1,0,19.2,8.5,0,0,10
AIAUS289,Australia,Burrum Coast National Park,8.5,8,0,0,1,2.0,1.5,0,0,5
AIAUS2890,Australia,Great Barrier Reef Marine Park - Habitat Protection    - HP-10-5027,49.8,3,1,1,0,19.2,8.5,0,0,10
AIAUS2891,Australia,Great Barrier Reef Marine Park - Habitat Protection    - HP-10-5028,49.8,3,1,1,0,19.2,8.5,0,0,10
AIAUS2892,Australia,Great Barrier Reef Marine Park - Habitat Protection    - HP-10-5029,49.8,3,1,1,0,19.2,8.5,0,0,10
AIAUS2893,Australia,Great Barrier Reef Marine Park - Habitat Protection    - HP-10-5030,49.8,3,1,1,0,19.2,8.5,0,0,10
AIAUS2894,Australia,Great Barrier Reef Marine Park - Habitat Protection    - HP-10-5031,49.8,3,1,1,0,19.2,8.5,0,0,10
AIAUS2895,Australia,Great Barrier Reef Marine Park - Habitat Protection    - HP-10-5032,49.8,3,1,1,0,19.2,8.5,0,0,10
AIAUS2896,Australia,Great Barrier Reef Marine Park - Habitat Protection    - HP-10-5033,49.8,3,1,1,0,19.2,8.5,0,0,10
AIAUS2897,Australia,Great Barrier Reef Marine Park - Habitat Protection    - HP-10-5034,49.8,3,1,1,0,19.2,8.5,0,0,10
AIAUS2898,Australia,Great Barrier Reef Marine Park - Habitat Protection    - HP-10-5035,49.8,3,1,1,0,19.2,8.5,0,0,10
AIAUS2899,Australia,Great Barrier Reef Marine Park - Habitat Protection    - HP-11-5037,49.8,3,1,1,0,19.2,8.5,0,0,10
AIAUS29,Australia,Acraman Creek Conservation Park,54.5,11,8,0,1,25.5,3.0,0,0,8
AIAUS290,Australia,Bushrangers Bay Aquatic Reserve (Sanctuary),11.3,3,0,0,1,2.3,4.0,0,0,5
AIAUS2900,Australia,Great Barrier Reef Marine Park - Habitat Protection    - HP-11-5038,49.8,3,1,1,0,19.2,8.5,0,0,10
AIAUS2901,Australia,Great Barrier Reef Marine Park - Habitat Protection    - HP-11-5039,49.8,3,1,1,0,19.2,8.5,0,0,10
AIAUS2902,Australia,Great Barrier Reef Marine Park - Habitat Protection    - HP-11-5040,49.8,3,1,1,0,19.2,8.5,0,0,10
AIAUS2903,Australia,Great Barrier Reef Marine Park - Habitat Protection    - HP-11-5041,49.8,3,1,1,0,19.2,8.5,0,0,10
AIAUS2904,Australia,Great Barrier Reef Marine Park - Habitat Protection    - HP-11-5042,49.8,3,1,1,0,19.2,8.5,0,0,10
AIAUS2905,Australia,Great Barrier Reef Marine Park - Habitat Protection    - HP-11-5043,49.8,3,1,1,0,19.2,8.5,0,0,10
AIAUS2906,Australia,Great Barrier Reef Marine Park - Habitat Protection    - HP-11-5045,49.8,3,1,1,0,19.2,8.5,0,0,10
AIAUS2907,Australia,Great Barrier Reef Marine Park - Habitat Protection    - HP-11-5046,49.8,3,1,1,0,19.2,8.5,0,0,10
AIAUS2908,Australia,Great Barrier Reef Marine Park - Habitat Protection    - HP-12-5059,49.8,3,1,1,0,19.2,8.5,0,0,10
AIAUS2909,Australia,Great Barrier Reef Marine Park - Habitat Protection    - HP-12-5061,49.8,3,1,1,0,19.2,8.5,0,0,10
AIAUS291,Australia,Bushy Island Nature Reserve,64.1,25,22,0,1,29.1,7.0,0,0,8
AIAUS2910,Australia,Great Barrier Reef Marine Park - Habitat Protection    - HP-12-5063,49.8,3,1,1,0,19.2,8.5,0,0,10
AIAUS2911,Australia,Great Barrier Reef Marine Park - Habitat Protection    - HP-12-5064,49.8,3,1,1,0,19.2,8.5,0,0,10
AIAUS2912,Australia,Great Barrier Reef Marine Park - Habitat Protection    - HP-12-5065,49.8,3,1,1,0,19.2,8.5,0,0,10
AIAUS2913,Australia,Great Barrier Reef Marine Park - Habitat Protection    - HP-12-5069,49.8,3,1,1,0,19.2,8.5,0,0,10
AIAUS2914,Australia,Great Barrier Reef Marine Park - Habitat Protection    - HP-13-5070,49.8,3,1,1,0,19.2,8.5,0,0,10
AIAUS2915,Australia,Great Barrier Reef Marine Park - Habitat Protection    - HP-13-5071,49.8,3,1,1,0,19.2,8.5,0,0,10
AIAUS2916,Australia,Great Barrier Reef Marine Park - Habitat Protection    - HP-13-5075,49.8,3,1,1,0,19.2,8.5,0,0,10
AIAUS2917,Australia,Great Barrier Reef Marine Park - Habitat Protection    - HP-13-5077,49.8,3,1,1,0,19.2,8.5,0,0,10
AIAUS2918,Australia,Great Barrier Reef Marine Park - Habitat Protection    - HP-13-5079,49.8,3,1,1,0,19.2,8.5,0,0,10
AIAUS2919,Australia,Great Barrier Reef Marine Park - Habitat Protection    - HP-13-5080,49.8,3,1,1,0,19.2,8.5,0,0,10
AIAUS292,Australia,Butcher Gap Conservation Park,54.5,11,8,0,1,25.5,3.0,0,0,8
AIAUS2920,Australia,Great Barrier Reef Marine Park - Habitat Protection    - HP-13-5082,49.8,3,1,1,0,19.2,8.5,0,0,10
AIAUS2921,Australia,Great Barrier Reef Marine Park - Habitat Protection    - HP-13-5083,49.8,3,1,1,0,19.2,8.5,0,0,10
AIAUS2922,Australia,Great Barrier Reef Marine Park - Habitat Protection    - HP-13-5084,49.8,3,1,1,0,19.2,8.5,0,0,10
AIAUS2923,Australia,Great Barrier Reef Marine Park - Habitat Protection    - HP-13-5086,49.8,3,1,1,0,19.2,8.5,0,0,10
AIAUS2924,Australia,Great Barrier Reef Marine Park - Habitat Protection    - HP-13-5088,49.8,3,1,1,0,19.2,8.5,0,0,10
AIAUS2925,Australia,Great Barrier Reef Marine Park - Habitat Protection    - HP-13-5380,49.8,3,1,1,0,19.2,8.5,0,0,10
AIAUS2926,Australia,Great Barrier Reef Marine Park - Habitat Protection    - HP-14-5093,49.8,3,1,1,0,19.2,8.5,0,0,10
AIAUS2927,Australia,Great Barrier Reef Marine Park - Habitat Protection    - HP-14-5094,49.8,3,1,1,0,19.2,8.5,0,0,10
AIAUS2928,Australia,Great Barrier Reef Marine Park - Habitat Protection    - HP-14-5097,49.8,3,1,1,0,19.2,8.5,0,0,10
AIAUS2929,Australia,Great Barrier Reef Marine Park - Habitat Protection    - HP-15-5113,49.8,3,1,1,0,19.2,8.5,0,0,10
AIAUS293,Australia,Byfield National Park,8.5,6,0,0,1,2.0,1.5,0,0,5
AIAUS2930,Australia,Great Barrier Reef Marine Park - Habitat Protection    - HP-15-5121,49.8,3,1,1,0,19.2,8.5,0,0,10
AIAUS2931,Australia,Great Barrier Reef Marine Park - Habitat Protection    - HP-15-5122,49.8,3,1,1,0,19.2,8.5,0,0,10
AIAUS2932,Australia,Great Barrier Reef Marine Park - Habitat Protection    - HP-16-5124,49.8,3,1,1,0,19.2,8.5,0,0,10
AIAUS2933,Australia,Great Barrier Reef Marine Park - Habitat Protection    - HP-16-5125,49.8,3,1,1,0,19.2,8.5,0,0,10
AIAUS2934,Australia,Great Barrier Reef Marine Park - Habitat Protection    - HP-16-5126,49.8,3,1,1,0,19.2,8.5,0,0,10
AIAUS2935,Australia,Great Barrier Reef Marine Park - Habitat Protection    - HP-16-5127,49.8,3,1,1,0,19.2,8.5,0,0,10
AIAUS2936,Australia,Great Barrier Reef Marine Park - Habitat Protection    - HP-16-5128,49.8,3,1,1,0,19.2,8.5,0,0,10
AIAUS2937,Australia,Great Barrier Reef Marine Park - Habitat Protection    - HP-16-5129,49.8,3,1,1,0,19.2,8.5,0,0,10
AIAUS2938,Australia,Great Barrier Reef Marine Park - Habitat Protection    - HP-16-5133,49.8,3,1,1,0,19.2,8.5,0,0,10
AIAUS2939,Australia,Great Barrier Reef Marine Park - Habitat Protection    - HP-16-5135,49.8,3,1,1,0,19.2,8.5,0,0,10
AIAUS294,Australia,Byfield Conservation Park,54.3,26,14,1,1,19.8,4.5,0,0,10
AIAUS2940,Australia,Great Barrier Reef Marine Park - Habitat Protection    - HP-17-5139,49.8,3,1,1,0,19.2,8.5,0,0,10
AIAUS2941,Australia,Great Barrier Reef Marine Park - Habitat Protection    - HP-17-5140,49.8,3,1,1,0,19.2,8.5,0,0,10
AIAUS2942,Australia,Great Barrier Reef Marine Park - Habitat Protection    - HP-17-5141,49.8,3,1,1,0,19.2,8.5,0,0,10
AIAUS2943,Australia,Great Barrier Reef Marine Park - Habitat Protection    - HP-17-5142,49.8,3,1,1,0,19.2,8.5,0,0,10
AIAUS2944,Australia,Great Barrier Reef Marine Park - Habitat Protection    - HP-18-5143,49.8,3,1,1,0,19.2,8.5,0,0,10
AIAUS2945,Australia,Great Barrier Reef Marine Park - Habitat Protection    - HP-18-5144,49.8,3,1,1,0,19.2,8.5,0,0,10
AIAUS2946,Australia,Great Barrier Reef Marine Park - Habitat Protection    - HP-18-5145,49.8,3,1,1,0,19.2,8.5,0,0,10
AIAUS2947,Australia,Great Barrier Reef Marine Park - Habitat Protection    - HP-18-5146,49.8,3,1,1,0,19.2,8.5,0,0,10
AIAUS2948,Australia,Great Barrier Reef Marine Park - Habitat Protection    - HP-18-5147,49.8,3,1,1,0,19.2,8.5,0,0,10
AIAUS2949,Australia,Great Barrier Reef Marine Park - Habitat Protection    - HP-18-5149,49.8,3,1,1,0,19.2,8.5,0,0,10
AIAUS295,Australia,Cabbage Tree Bay Aquatic Reserve (Sanctuary),37.4,2,1,0,0,18.4,3.0,0,0,6
AIAUS2950,Australia,Great Barrier Reef Marine Park - Habitat Protection    - HP-18-5150,49.8,3,1,1,0,19.2,8.5,0,0,10
AIAUS2951,Australia,Great Barrier Reef Marine Park - Habitat Protection    - HP-18-5151,49.8,3,1,1,0,19.2,8.5,0,0,10
AIAUS2952,Australia,Great Barrier Reef Marine Park - Habitat Protection    - HP-18-5152,49.8,3,1,1,0,19.2,8.5,0,0,10
AIAUS2953,Australia,Great Barrier Reef Marine Park - Habitat Protection    - HP-18-5153,49.8,3,1,1,0,19.2,8.5,0,0,10
AIAUS2954,Australia,Great Barrier Reef Marine Park - Habitat Protection    - HP-18-5378,49.8,3,1,1,0,19.2,8.5,0,0,10
AIAUS2955,Australia,Great Barrier Reef Marine Park - Habitat Protection    - HP-19-5157,49.8,3,1,1,0,19.2,8.5,0,0,10
AIAUS2956,Australia,Great Barrier Reef Marine Park - Habitat Protection    - HP-19-5161,49.8,3,1,1,0,19.2,8.5,0,0,10
AIAUS2957,Australia,Great Barrier Reef Marine Park - Habitat Protection    - HP-19-5162,49.8,3,1,1,0,19.2,8.5,0,0,10
AIAUS2958,Australia,Great Barrier Reef Marine Park - Habitat Protection    - HP-19-5163,49.8,3,1,1,0,19.2,8.5,0,0,10
AIAUS2959,Australia,Great Barrier Reef Marine Park - Habitat Protection    - HP-19-5164,49.8,3,1,1,0,19.2,8.5,0,0,10
AIAUS296,Australia,Cabbage Tree Point Conservation Park,54.3,26,14,1,1,19.8,4.5,0,0,10
AIAUS2960,Australia,Great Barrier Reef Marine Park - Habitat Protection    - HP-19-5165,49.8,3,1,1,0,19.2,8.5,0,0,10
AIAUS2961,Australia,Great Barrier Reef Marine Park - Habitat Protection    - HP-19-5167,49.8,3,1,1,0,19.2,8.5,0,0,10
AIAUS2962,Australia,Great Barrier Reef Marine Park - Habitat Protection    - HP-19-5168,49.8,3,1,1,0,19.2,8.5,0,0,10
AIAUS2963,Australia,Great Barrier Reef Marine Park - Habitat Protection    - HP-19-5169,49.8,3,1,1,0,19.2,8.5,0,0,10
AIAUS2964,Australia,Great Barrier Reef Marine Park - Habitat Protection    - HP-19-5170,49.8,3,1,1,0,19.2,8.5,0,0,10
AIAUS2965,Australia,Great Barrier Reef Marine Park - Habitat Protection    - HP-19-5172,49.8,3,1,1,0,19.2,8.5,0,0,10
AIAUS2966,Australia,Great Barrier Reef Marine Park - Habitat Protection    - HP-19-5173,49.8,3,1,1,0,19.2,8.5,0,0,10
AIAUS2967,Australia,Great Barrier Reef Marine Park - Habitat Protection    - HP-19-5175,49.8,3,1,1,0,19.2,8.5,0,0,10
AIAUS2968,Australia,Great Barrier Reef Marine Park - Habitat Protection    - HP-19-5177,49.8,3,1,1,0,19.2,8.5,0,0,10
AIAUS2969,Australia,Great Barrier Reef Marine Park - Habitat Protection    - HP-19-5178,49.8,3,1,1,0,19.2,8.5,0,0,10
AIAUS2970,Australia,Great Barrier Reef Marine Park - Habitat Protection    - HP-19-5181,49.8,3,1,1,0,19.2,8.5,0,0,10
AIAUS2971,Australia,Great Barrier Reef Marine Park - Habitat Protection    - HP-19-5182,49.8,3,1,1,0,19.2,8.5,0,0,10
AIAUS2972,Australia,Great Barrier Reef Marine Park - Habitat Protection    - HP-19-5183,49.8,3,1,1,0,19.2,8.5,0,0,10
AIAUS2973,Australia,Great Barrier Reef Marine Park - Habitat Protection    - HP-19-5184,49.8,3,1,1,0,19.2,8.5,0,0,10
AIAUS2974,Australia,Great Barrier Reef Marine Park - Habitat Protection    - HP-19-5185,49.8,3,1,1,0,19.2,8.5,0,0,10
AIAUS2975,Australia,Great Barrier Reef Marine Park - Habitat Protection    - HP-20-5186,49.8,3,1,1,0,19.2,8.5,0,0,10
AIAUS2976,Australia,Great Barrier Reef Marine Park - Habitat Protection    - HP-20-5187,49.8,3,1,1,0,19.2,8.5,0,0,10
AIAUS2977,Australia,Great Barrier Reef Marine Park - Habitat Protection    - HP-20-5188,49.8,3,1,1,0,19.2,8.5,0,0,10
AIAUS2978,Australia,Great Barrier Reef Marine Park - Habitat Protection    - HP-20-5191,49.8,3,1,1,0,19.2,8.5,0,0,10
AIAUS2979,Australia,Great Barrier Reef Marine Park - Habitat Protection    - HP-20-5192,49.8,3,1,1,0,19.2,8.5,0,0,10
AIAUS298,Australia,Cambridge Conservation Covenant,8.7,4,0,0,1,2.2,1.5,0,0,5
AIAUS2980,Australia,Great Barrier Reef Marine Park - Habitat Protection    - HP-20-5197,49.8,3,1,1,0,19.2,8.5,0,0,10
AIAUS2981,Australia,Great Barrier Reef Marine Park - Habitat Protection    - HP-20-5198,49.8,3,1,1,0,19.2,8.5,0,0,10
AIAUS2982,Australia,Great Barrier Reef Marine Park - Habitat Protection    - HP-20-5199,49.8,3,1,1,0,19.2,8.5,0,0,10
AIAUS2983,Australia,Great Barrier Reef Marine Park - Habitat Protection    - HP-20-5200,49.8,3,1,1,0,19.2,8.5,0,0,10
AIAUS2984,Australia,Great Barrier Reef Marine Park - Habitat Protection    - HP-20-5201,49.8,3,1,1,0,19.2,8.5,0,0,10
AIAUS2985,Australia,Great Barrier Reef Marine Park - Habitat Protection    - HP-20-5202,49.8,3,1,1,0,19.2,8.5,0,0,10
AIAUS2986,Australia,Great Barrier Reef Marine Park - Habitat Protection    - HP-20-5206,49.8,3,1,1,0,19.2,8.5,0,0,10
AIAUS2987,Australia,Great Barrier Reef Marine Park - Habitat Protection    - HP-20-5210,49.8,3,1,1,0,19.2,8.5,0,0,10
AIAUS2988,Australia,Great Barrier Reef Marine Park - Habitat Protection    - HP-20-5212,49.8,3,1,1,0,19.2,8.5,0,0,10
AIAUS2989,Australia,Great Barrier Reef Marine Park - Habitat Protection    - HP-20-5213,49.8,3,1,1,0,19.2,8.5,0,0,10
AIAUS2990,Australia,Great Barrier Reef Marine Park - Habitat Protection    - HP-20-5217,49.8,3,1,1,0,19.2,8.5,0,0,10
AIAUS2991,Australia,Great Barrier Reef Marine Park - Habitat Protection    - HP-20-5219,49.8,3,1,1,0,19.2,8.5,0,0,10
AIAUS2992,Australia,Great Barrier Reef Marine Park - Habitat Protection    - HP-20-5225,49.8,3,1,1,0,19.2,8.5,0,0,10
AIAUS2993,Australia,Great Barrier Reef Marine Park - Habitat Protection    - HP-20-5226,49.8,3,1,1,0,19.2,8.5,0,0,10
AIAUS2994,Australia,Great Barrier Reef Marine Park - Habitat Protection    - HP-20-5230,49.8,3,1,1,0,19.2,8.5,0,0,10
AIAUS2995,Australia,Great Barrier Reef Marine Park - Habitat Protection    - HP-20-5231,49.8,3,1,1,0,19.2,8.5,0,0,10
AIAUS2996,Australia,Great Barrier Reef Marine Park - Habitat Protection    - HP-21-5233,49.8,3,1,1,0,19.2,8.5,0,0,10
AIAUS2997,Australia,Great Barrier Reef Marine Park - Habitat Protection    - HP-21-5234,49.8,3,1,1,0,19.2,8.5,0,0,10
AIAUS2998,Australia,Great Barrier Reef Marine Park - Habitat Protection    - HP-21-5237,49.8,3,1,1,0,19.2,8.5,0,0,10
AIAUS2999,Australia,Great Barrier Reef Marine Park - Habitat Protection    - HP-21-5238,49.8,3,1,1,0,19.2,8.5,0,0,10
AIAUS3000,Australia,Great Barrier Reef Marine Park - Habitat Protection    - HP-21-5239,49.8,3,1,1,0,19.2,8.5,0,0,10
AIAUS3001,Australia,Great Barrier Reef Marine Park - Habitat Protection    - HP-21-5240,49.8,3,1,1,0,19.2,8.5,0,0,10
AIAUS3002,Australia,Great Barrier Reef Marine Park - Habitat Protection    - HP-21-5241,49.8,3,1,1,0,19.2,8.5,0,0,10
AIAUS3003,Australia,Great Barrier Reef Marine Park - Habitat Protection    - HP-21-5242,49.8,3,1,1,0,19.2,8.5,0,0,10
AIAUS3004,Australia,Great Barrier Reef Marine Park - Habitat Protection    - HP-21-5249,49.8,3,1,1,0,19.2,8.5,0,0,10
AIAUS3005,Australia,Great Barrier Reef Marine Park - Habitat Protection    - HP-21-5258,49.8,3,1,1,0,19.2,8.5,0,0,10
AIAUS3006,Australia,Great Barrier Reef Marine Park - Habitat Protection    - HP-21-5260,49.8,3,1,1,0,19.2,8.5,0,0,10
AIAUS3007,Australia,Great Barrier Reef Marine Park - Habitat Protection    - HP-21-5261,49.8,3,1,1,0,19.2,8.5,0,0,10
AIAUS3008,Australia,Great Barrier Reef Marine Park - Habitat Protection    - HP-21-5262,49.8,3,1,1,0,19.2,8.5,0,0,10
AIAUS3009,Australia,Great Barrier Reef Marine Park - Habitat Protection    - HP-21-5263,49.8,3,1,1,0,19.2,8.5,0,0,10
AIAUS3010,Australia,Great Barrier Reef Marine Park - Habitat Protection    - HP-21-5264,49.8,3,1,1,0,19.2,8.5,0,0,10
AIAUS3011,Australia,Great Barrier Reef Marine Park - Habitat Protection    - HP-21-5267,49.8,3,1,1,0,19.2,8.5,0,0,10
AIAUS3012,Australia,Great Barrier Reef Marine Park - Habitat Protection    - HP-21-5271,49.8,3,1,1,0,19.2,8.5,0,0,10
AIAUS3013,Australia,Great Barrier Reef Marine Park - Habitat Protection    - HP-21-5272,49.8,3,1,1,0,19.2,8.5,0,0,10
AIAUS3014,Australia,Great Barrier Reef Marine Park - Habitat Protection    - HP-21-5279,49.8,3,1,1,0,19.2,8.5,0,0,10
AIAUS3015,Australia,Great Barrier Reef Marine Park - Habitat Protection    - HP-21-5280,49.8,3,1,1,0,19.2,8.5,0,0,10
AIAUS3016,Australia,Great Barrier Reef Marine Park - Habitat Protection    - HP-21-5281,49.8,3,1,1,0,19.2,8.5,0,0,10
AIAUS3017,Australia,Great Barrier Reef Marine Park - Habitat Protection    - HP-21-5282,49.8,3,1,1,0,19.2,8.5,0,0,10
AIAUS3018,Australia,Great Barrier Reef Marine Park - Habitat Protection    - HP-21-5283,49.8,3,1,1,0,19.2,8.5,0,0,10
AIAUS3019,Australia,Great Barrier Reef Marine Park - Habitat Protection    - HP-21-5285,49.8,3,1,1,0,19.2,8.5,0,0,10
AIAUS302,Australia,Canunda National Park,56.8,12,9,0,1,26.2,4.5,0,0,8
AIAUS3020,Australia,Great Barrier Reef Marine Park - Habitat Protection    - HP-21-5289,49.8,3,1,1,0,19.2,8.5,0,0,10
AIAUS3021,Australia,Great Barrier Reef Marine Park - Habitat Protection    - HP-21-5290,49.8,3,1,1,0,19.2,8.5,0,0,10
AIAUS3022,Australia,Great Barrier Reef Marine Park - Habitat Protection    - HP-21-5291,49.8,3,1,1,0,19.2,8.5,0,0,10
AIAUS3023,Australia,Great Barrier Reef Marine Park - Habitat Protection    - HP-21-5292,49.8,3,1,1,0,19.2,8.5,0,0,10
AIAUS3024,Australia,Great Barrier Reef Marine Park - Habitat Protection    - HP-21-5296,49.8,3,1,1,0,19.2,8.5,0,0,10
AIAUS3025,Australia,Great Barrier Reef Marine Park - Habitat Protection    - HP-21-5297,49.8,3,1,1,0,19.2,8.5,0,0,10
AIAUS3026,Australia,Great Barrier Reef Marine Park - Habitat Protection    - HP-22-5304,49.8,3,1,1,0,19.2,8.5,0,0,10
AIAUS3027,Australia,Great Barrier Reef Marine Park - Habitat Protection    - HP-22-5305,49.8,3,1,1,0,19.2,8.5,0,0,10
AIAUS3028,Australia,Great Barrier Reef Marine Park - Habitat Protection    - HP-22-5306,49.8,3,1,1,0,19.2,8.5,0,0,10
AIAUS3029,Australia,Great Barrier Reef Marine Park - Habitat Protection    - HP-22-5307,49.8,3,1,1,0,19.2,8.5,0,0,10
AIAUS303,Australia,Cap Island Conservation Park,56.8,12,9,0,1,26.2,4.5,0,0,8
AIAUS3030,Australia,Great Barrier Reef Marine Park - Habitat Protection    - HP-22-5310,49.8,3,1,1,0,19.2,8.5,0,0,10
AIAUS3031,Australia,Great Barrier Reef Marine Park - Habitat Protection    - HP-22-5312,49.8,3,1,1,0,19.2,8.5,0,0,10
AIAUS3032,Australia,Great Barrier Reef Marine Park - Habitat Protection    - HP-22-5313,49.8,3,1,1,0,19.2,8.5,0,0,10
AIAUS3033,Australia,Great Barrier Reef Marine Park - Habitat Protection    - HP-22-5314,49.8,3,1,1,0,19.2,8.5,0,0,10
AIAUS3034,Australia,Great Barrier Reef Marine Park - Habitat Protection    - HP-22-5318,49.8,3,1,1,0,19.2,8.5,0,0,10
AIAUS3035,Australia,Great Barrier Reef Marine Park - Habitat Protection    - HP-22-5321,49.8,3,1,1,0,19.2,8.5,0,0,10
AIAUS3036,Australia,Great Barrier Reef Marine Park - Habitat Protection    - HP-22-5323,49.8,3,1,1,0,19.2,8.5,0,0,10
AIAUS3037,Australia,Great Barrier Reef Marine Park - Habitat Protection    - HP-22-5324,49.8,3,1,1,0,19.2,8.5,0,0,10
AIAUS3038,Australia,Great Barrier Reef Marine Park - Habitat Protection    - HP-22-5328,49.8,3,1,1,0,19.2,8.5,0,0,10
AIAUS3039,Australia,Great Barrier Reef Marine Park - Habitat Protection    - HP-22-5330,49.8,3,1,1,0,19.2,8.5,0,0,10
AIAUS304,Australia,Cape Arid National Park,61.7,23,19,0,1,28.7,7.0,0,0,8
AIAUS3040,Australia,Great Barrier Reef Marine Park - Habitat Protection    - HP-22-5333,49.8,3,1,1,0,19.2,8.5,0,0,10
AIAUS3041,Australia,Great Barrier Reef Marine Park - Habitat Protection    - HP-22-5334,49.8,3,1,1,0,19.2,8.5,0,0,10
AIAUS3042,Australia,Great Barrier Reef Marine Park - Habitat Protection    - HP-22-5335,49.8,3,1,1,0,19.2,8.5,0,0,10
AIAUS3043,Australia,Great Barrier Reef Marine Park - Habitat Protection    - HP-22-5337,49.8,3,1,1,0,19.2,8.5,0,0,10
AIAUS3044,Australia,Great Barrier Reef Marine Park - Habitat Protection    - HP-22-5340,49.8,3,1,1,0,19.2,8.5,0,0,10
AIAUS3045,Australia,Great Barrier Reef Marine Park - Habitat Protection    - HP-22-5342,49.8,3,1,1,0,19.2,8.5,0,0,10
AIAUS3046,Australia,Great Barrier Reef Marine Park - Habitat Protection    - HP-22-5344,49.8,3,1,1,0,19.2,8.5,0,0,10
AIAUS3047,Australia,Great Barrier Reef Marine Park - Habitat Protection    - HP-22-5345,49.8,3,1,1,0,19.2,8.5,0,0,10
AIAUS3048,Australia,Great Barrier Reef Marine Park - Habitat Protection    - HP-23-5347,49.8,3,1,1,0,19.2,8.5,0,0,10
AIAUS3049,Australia,Great Barrier Reef Marine Park - Habitat Protection    - HP-23-5351,49.8,3,1,1,0,19.2,8.5,0,0,10
AIAUS305,Australia,Cape Banks Aquatic Reserve,29.0,6,1,0,1,7.0,4.0,0,0,8
AIAUS3050,Australia,Great Barrier Reef Marine Park - Habitat Protection    - HP-23-5367,49.8,3,1,1,0,19.2,8.5,0,0,10
AIAUS3051,Australia,Great Barrier Reef Marine Park - Habitat Protection    - HP-23-5370,49.8,3,1,1,0,19.2,8.5,0,0,10
AIAUS3052,Australia,Great Barrier Reef Marine Park - Habitat Protection    - HP-23-5371,49.8,3,1,1,0,19.2,8.5,0,0,10
AIAUS3053,Australia,Great Barrier Reef Marine Park - Habitat Protection    - HP-23-5372,49.8,3,1,1,0,19.2,8.5,0,0,10
AIAUS3054,Australia,Great Barrier Reef Marine Park - Habitat Protection    - HP-23-5373,49.8,3,1,1,0,19.2,8.5,0,0,10
AIAUS3055,Australia,Great Barrier Reef Marine Park - Habitat Protection    - HP-24-5375,49.8,3,1,1,0,19.2,8.5,0,0,10
AIAUS3056,Australia,Great Barrier Reef Marine Park - Commonwealth Island (Other)    - Lindquist Island (17040102),41.8,3,1,1,0,19.2,2.5,0,0,10
AIAUS3057,Australia,Great Barrier Reef Marine Park - Commonwealth Island (Other)    - Osborn Island (22056100),41.8,3,1,1,0,19.2,2.5,0,0,10
AIAUS3058,Australia,Great Barrier Reef Marine Park - Commonwealth Island (GBRMPA)    - Pine Islets (No 3) (21391103),41.8,3,1,1,0,19.2,2.5,0,0,10
AIAUS3059,Australia,Great Barrier Reef Marine Park - Commonwealth Island (Other)    - Quion Island (22149100),41.8,3,1,1,0,19.2,2.5,0,0,10
AIAUS306,Australia,Cape Bernier Nature Reserve,60.4,11,8,1,0,27.4,5.0,0,0,8
AIAUS3060,Australia,Great Barrier Reef Marine Park - Commonwealth Island (Other)    - Rattlesnake Island (19003100),41.8,3,1,1,0,19.2,2.5,0,0,10
AIAUS3061,Australia,Great Barrier Reef Marine Park - Commonwealth Island (Other)    - Ripple Islands (22047101),41.8,3,1,1,0,19.2,2.5,0,0,10
AIAUS3062,Australia,Great Barrier Reef Marine Park - Commonwealth Island (Other)    - Ripple Islands (22047102),41.8,3,1,1,0,19.2,2.5,0,0,10
AIAUS3063,Australia,Great Barrier Reef Marine Park - Commonwealth Island (Other)    - Ripple Islands (22047103),41.8,3,1,1,0,19.2,2.5,0,0,10
AIAUS3064,Australia,Great Barrier Reef Marine Park - Commonwealth Island (Other)    - Split Island (22079100),41.8,3,1,1,0,19.2,2.5,0,0,10
AIAUS3065,Australia,Great Barrier Reef Marine Park - Commonwealth Island (GBRMPA)    - U/N Island (14038105),41.8,3,1,1,0,19.2,2.5,0,0,10
AIAUS3066,Australia,Great Barrier Reef Marine Park - Commonwealth Island (Other)    - U/N Island (22081101),41.8,3,1,1,0,19.2,2.5,0,0,10
AIAUS3067,Australia,Great Barrier Reef Marine Park - Commonwealth Island (Other)    - U/N Island (22081102),41.8,3,1,1,0,19.2,2.5,0,0,10
AIAUS3068,Australia,Great Barrier Reef Marine Park - Commonwealth Island (Other)    - U/N Island (22081103),41.8,3,1,1,0,19.2,2.5,0,0,10
AIAUS3069,Australia,Great Barrier Reef Marine Park - Preservation    - P-20-21,41.2,4,1,1,1,16.2,7.0,0,0,8
AIAUS307,Australia,Cape Blanche Conservation Park,54.5,11,8,0,1,25.5,3.0,0,0,8
AIAUS3070,Australia,Great Barrier Reef Marine Park - General Use    - GU-10-6001,51.2,3,1,1,0,19.2,10.0,0,0,10
AIAUS3071,Australia,Great Barrier Reef Marine Park - Commonwealth Island (GBRMPA)    - Pipon Island (14038100),41.8,3,1,1,0,19.2,2.5,0,0,10
AIAUS3072,Australia,Great Barrier Reef Coast Marine Park - Estuarine Conservation   -  ,15.4,3,0,0,2,2.9,5.5,0,0,7
AIAUS3073,Australia,Great Barrier Reef Coast Marine Park - General Use   -  ,12.4,3,0,0,2,2.9,4.5,0,0,5
AIAUS3074,Australia,Great Barrier Reef Coast Marine Park - Marine National Park   -  ,48.7,4,2,1,0,23.2,3.5,0,0,10
AIAUS308,Australia,Cape Bouguer Wilderness Protection Area,49.7,17,11,0,2,22.2,1.5,0,0,8
AIAUS310,Australia,Cape Byron Marine Park - Broken Head Sanctuary Zone,61.0,12,7,1,1,23.5,11.5,0,0,8
AIAUS310_P,Australia,Cape Byron Marine Park,5.8,2,0,0,0,1.8,1.0,0,0,3
AIAUS311,Australia,Cape Byron Marine Park - Lennox Head Sanctuary Zone,65.1,9,7,1,0,30.1,9.0,0,0,8
AIAUS312,Australia,Cape Byron Marine Park - Simpsons Creek Sanctuary Zone,61.0,12,7,1,1,23.5,11.5,0,0,8
AIAUS313,Australia,Cape Byron Marine Park - Byron Bay Sanctuary Zone,60.6,15,8,2,1,23.1,11.5,0,0,8
AIAUS315,Australia,"Cape Byron Marine Park - Belongil Beach, Main Beach and Clarkes Beach Habitat Protection Zone",51.8,16,5,1,2,13.8,10.0,0,0,8
AIAUS316,Australia,Cape Byron Marine Park - Brunswick River Habitat Protection Zone,51.8,16,5,1,2,13.8,10.0,0,0,8
AIAUS317,Australia,Cape Byron Marine Park - Brunswick River Offshore Habitat Protection Zone,51.8,16,5,1,2,13.8,10.0,0,0,8
AIAUS318,Australia,Cape Byron Marine Park - Cape Byron Offshore Habitat Protection Zone,48.1,14,4,1,2,13.1,10.0,0,0,8
AIAUS319,Australia,Cape Byron Marine Park - Grays Lane Habitat Protection Zone,47.6,15,4,1,2,12.6,10.0,0,0,8
AIAUS32,Australia,Adelaide Dolphin Sanctuary,46.9,6,3,0,0,18.4,5.5,0,0,8
AIAUS320,Australia,Cape Byron Marine Park - Seven Mile Beach Habitat Protection Zone,47.1,16,4,1,2,12.1,10.0,0,0,8
AIAUS321,Australia,Cape Byron Marine Park - Tallow Beach Habitat Protection Zone,48.1,14,4,1,2,13.1,10.0,0,0,8
AIAUS322,Australia,Cape Byron Marine Park - Tyagarah Beach North Habitat Protection Zone,48.1,14,4,1,2,13.1,10.0,0,0,8
AIAUS323,Australia,Cape Byron Marine Park - Wilsons Reef and Bait Reef Habitat Protection Zone,55.0,17,7,1,2,17.0,10.0,0,0,8
AIAUS325,Australia,Cape Byron Marine Park - Little Wategos Beach,55.0,17,7,1,2,17.0,10.0,0,0,8
AIAUS326,Australia,Cape Byron Marine Park - Tyagarah Beach (South) Habitat Protection Zone,55.9,14,6,1,2,17.9,10.0,0,0,8
AIAUS327,Australia,Cape Byron Marine Park - East Cape Byron Habitat Protection Zone,55.8,12,5,1,2,17.8,10.0,0,0,8
AIAUS329,Australia,Cape Byron Marine Park - General Use Zone,55.0,14,5,1,0,15.5,11.5,0,0,8
AIAUS33,Australia,Adelaide International Bird Sanctuary  - Winaityinaityi Pangkara National Park,9.4,3,0,0,0,2.9,1.5,0,0,5
AIAUS330,Australia,Cape Byron Marine Park  - Belongil Creek Special Purpose Zone,46.3,8,3,1,1,17.3,6.0,0,0,8
AIAUS331,Australia,Cape Byron Marine Park  - Brunswick River Boat Harbour Special Purpose Zone,48.8,7,3,1,0,19.8,6.0,0,0,8
AIAUS332,Australia,Cape Byron Marine Park  - Marshalls Creek Oyster Leases Special Purpose Zone,46.3,8,3,1,1,17.3,6.0,0,0,8
AIAUS333,Australia,Cape Byron Marine Park  - Tallow Creek Special Purpose Zone,48.5,7,3,1,1,19.5,6.0,0,0,8
AIAUS334,Australia,Cape Byron Marine Park - Lennox Head Boulder Foreshore Habitat Protection Zone,57.1,13,6,1,2,19.1,10.0,0,0,8
AIAUS335,Australia,Cape Byron Marine Park - Mackerel Boulder Habitat Protection Zone,58.0,16,7,1,3,18.0,10.0,0,0,10
AIAUS336,Australia,Cape Byron Marine Park - Marshalls Creek Sanctuary Zone,61.0,12,7,1,1,23.5,11.5,0,0,8
AIAUS337,Australia,Cape Byron Marine Park - The Moat/Bream Hole Sanctuary Zone,61.0,12,7,1,1,23.5,11.5,0,0,8
AIAUS338,Australia,Cape Byron Marine Park  - Lennox Head Special Purpose Zone,51.2,7,3,2,1,23.8,4.5,0,0,8
AIAUS339,Australia,Cape Byron Headland Reserve,63.8,24,18,1,4,27.3,8.5,0,0,8
AIAUS34,Australia,Adele Island Nature Reserve,61.7,24,20,0,1,28.7,7.0,0,0,8
AIAUS341,Australia,Cape Contrariety Private Sanctuary,58.2,12,8,1,0,25.2,5.0,0,0,8
AIAUS342,Australia,Cape de la Sortie Conservation Area,60.4,11,8,1,0,27.4,5.0,0,0,8
AIAUS343,Australia,Cape Deslacs Nature Reserve,60.4,11,8,1,0,27.4,5.0,0,0,8
AIAUS344,Australia,Cape Gantheaume Conservation Park,54.5,11,8,0,1,25.5,3.0,0,0,8
AIAUS345,Australia,Cape Gantheaume Wilderness Protection Area,49.7,17,11,0,2,22.2,1.5,0,0,8
AIAUS346,Australia,Cape Hillsborough National Park,8.5,6,0,0,1,2.0,1.5,0,0,5
AIAUS347,Australia,Cape Howe Marine National Park,29.4,33,1,0,1,2.9,8.5,0,0,8
AIAUS348,Australia,Cape Jaffa Rock Lobster Sanctuary,32.9,3,1,0,1,13.4,1.5,0,0,8
AIAUS349,Australia,Cape Le Grand National Park,61.7,23,19,0,1,28.7,7.0,0,0,8
AIAUS35,Australia,Aire River Heritage River,27.4,10,1,0,2,5.4,4.0,0,0,8
AIAUS350,Australia,Cape Liptrap Coastal Park ,60.3,41,29,1,4,24.8,7.5,0,0,8
AIAUS351,Australia,Cape Melville (Cape York Peninsula Aboriginal Land) National Park Aboriginal,25.2,7,1,0,1,5.8,1.5,0,0,8
AIAUS352,Australia,Cape Nelson State Park,65.4,30,27,0,2,29.9,7.5,0,0,8
AIAUS353,Australia,Cape Pallarenda Conservation Park,54.3,26,14,1,1,19.8,4.5,0,0,10
AIAUS354,Australia,Cape Palmerston National Park,8.5,7,0,0,1,2.0,1.5,0,0,5
AIAUS355,Australia,Cape Palmerston-Rocky Dam Fish Habitat Area (A),36.3,11,3,0,0,10.8,2.5,0,0,8
AIAUS356,Australia,Ince Bay (Cape Palmerston-Allom Point) Dugong Protection Area (A),36.5,7,1,1,1,11.0,7.5,0,0,8
AIAUS357,Australia,Cape Palmerston-Rocky Dam Fish Habitat Area (B),36.3,11,3,0,0,10.8,2.5,0,0,8
AIAUS359,Australia,Cape Range National Park,61.7,23,19,0,1,28.7,7.0,0,0,8
AIAUS36,Australia,Airlie Island Nature Reserve,61.7,24,20,0,1,28.7,7.0,0,0,8
AIAUS361,Australia,Cape Torrens Wilderness Protection Area,49.7,17,11,0,2,22.2,1.5,0,0,8
AIAUS362,Australia,Cape Upstart National Park,53.6,27,14,1,1,19.1,4.5,0,0,10
AIAUS363,Australia,Cape Wickham Conservation Area,60.4,11,8,1,0,27.4,5.0,0,0,8
AIAUS364,Australia,Cape Willoughby Conservation Park,54.5,11,8,0,1,25.5,3.0,0,0,8
AIAUS365,Australia,Capricorn Coast National Park,53.6,27,14,1,1,19.1,4.5,0,0,10
AIAUS366,Australia,Capricornia Cays National Park,54.2,28,15,1,1,19.7,4.5,0,0,10
AIAUS367,Australia,Capricornia Cays National Park (Scientific),53.9,28,15,1,1,19.4,4.5,0,0,10
AIAUS368,Australia,Carnac Island Nature Reserve,61.7,24,20,0,1,28.7,7.0,0,0,8
AIAUS369,Australia,Carnarvon Canyon Australian Marine Park - Habitat Protection Zone - North-west,51.5,14,4,0,4,13.0,11.5,0,0,10
AIAUS37,Australia,Albatross Island Nature Reserve,9.4,3,0,0,0,2.9,1.5,0,0,5
AIAUS370,Australia,Cartier Island Australian Marine Park - Sanctuary Zone - North-west,31.2,3,1,0,0,11.7,1.5,0,0,8
AIAUS371,Australia,Casuarina Coastal Reserve,38.8,4,2,0,0,19.2,1.5,0,0,8
AIAUS372,Australia,Cat Island Conservation Area,60.4,11,8,1,0,27.4,5.0,0,0,8
AIAUS374,Australia,Cattle-Palm Creek Fish Habitat Area (B),36.3,11,3,0,0,10.8,2.5,0,0,8
AIAUS375,Australia,Cawarral Creek Fish Habitat Area (A),36.3,11,3,0,0,10.8,2.5,0,0,8
AIAUS376,Australia,Cemetery Point Historic Site,58.2,12,8,1,0,25.2,5.0,0,0,8
AIAUS377,Australia,Central Channel Marine Conservation Area,60.4,11,8,1,0,27.4,5.0,0,0,8
AIAUS378,Australia,Central Eastern Australian Marine Park - Habitat Protection Zone - Temperate East,52.2,13,4,0,3,13.7,11.5,0,0,10
AIAUS378_P,Australia,Central Eastern Australian Marine Park,6.2,2,0,0,0,1.8,1.5,0,0,3
AIAUS379,Australia,Central Eastern Australian Marine Park - National Park Zone - Temperate East,56.3,11,6,0,2,20.8,7.5,0,0,10
AIAUS380,Australia,Central Eastern Australian Marine Park - Multiple Use Zone - Temperate East,42.2,13,2,0,6,8.8,11.5,0,0,10
AIAUS381,Australia,Cervantes Islands Nature Reserve ,61.7,24,20,0,1,28.7,7.0,0,0,8
AIAUS382,Australia,Chadinga Conservation Park,54.5,11,8,0,1,25.5,3.0,0,0,8
AIAUS383,Australia,Chalky Island Conservation Area,60.4,11,8,1,0,27.4,5.0,0,0,8
AIAUS384,Australia,Channel Point Coastal Reserve,45.4,8,3,1,0,17.9,2.5,0,0,8
AIAUS385,Australia,Chappell Islands Nature Reserve,60.4,11,8,1,0,27.4,5.0,0,0,8
AIAUS386,Australia,Charles Darwin National Park,35.3,3,1,0,0,12.8,2.5,0,0,8
AIAUS387,Australia,Charon Point Conservation Park,54.3,26,14,1,1,19.8,4.5,0,0,10
AIAUS388,Australia,Chatham Island Nature Reserve,61.7,24,20,0,1,28.7,7.0,0,0,8
AIAUS389,Australia,Cheverton Conservation Covenant,8.7,4,0,0,1,2.2,1.5,0,0,5
AIAUS39,Australia,Alfred Cove Nature Reserve,61.7,24,20,0,1,28.7,7.0,0,0,8
AIAUS390,Australia,Cheyne Island Nature Reserve,61.7,24,20,0,1,28.7,7.0,0,0,8
AIAUS391,Australia,Christmas Island National Park (Commonwealth),32.0,5,2,0,0,15.0,0.0,0,0,7
AIAUS395,Australia,Chronicle Point Conservation Area,60.4,11,8,1,0,27.4,5.0,0,0,8
AIAUS396,Australia,Chuckle Head Conservation Area,60.4,11,8,1,0,27.4,5.0,0,0,8
AIAUS397,Australia,City of Melbourne Bay Conservation Area,60.4,11,8,1,0,27.4,5.0,0,0,8
AIAUS398,Australia,Clairview Bluff-Carmilla Creek Dugong Protection Area (B)  ,43.0,10,1,4,1,16.4,8.5,0,0,8
AIAUS399,Australia,Claremont Isles National Park,53.6,27,14,1,1,19.1,4.5,0,0,10
AIAUS4,Australia,Christmas Island National Waters,8.7,4,0,0,1,2.2,1.5,0,0,5
AIAUS40,Australia,Althorpe Islands Conservation Park,54.5,11,8,0,1,25.5,3.0,0,0,8
AIAUS400,Australia,Clarence Estuary Nature Reserve,64.1,25,22,0,1,29.1,7.0,0,0,8
AIAUS4000,Australia,Hinchinbrook Plan of Management Area,44.3,12,4,1,4,15.3,7.0,0,0,7
AIAUS4001,Australia,Hinchinbrook Plan of Management Area - No-Anchoring Areas,51.0,1,1,0,0,35.0,1.0,0,0,5
AIAUS401,Australia,Cleveland Bay Fish Habitat Area (A),36.3,11,3,0,0,10.8,2.5,0,0,8
AIAUS4010,Australia,Cairns Area Plan of Management,48.5,13,6,0,0,15.5,6.0,0,0,7
AIAUS402,Australia,Cleveland Bay-Magnetic Island Dugong Protection Area (A),36.5,7,1,1,1,11.0,7.5,0,0,8
AIAUS4022,Australia,Michaelmas Cay Locality,47.9,4,3,0,0,24.9,1.0,0,0,7
AIAUS4030,Australia,Whitsundays Plan of Management Area,28.1,4,1,0,0,10.1,1.0,0,0,7
AIAUS4031,Australia,Whitsundays Plan of Management Area - Setting 1 Areas,58.8,7,6,0,0,26.2,5.5,0,0,7
AIAUS4032,Australia,Whitsundays Plan of Management Area - Setting 2 Areas,56.6,15,10,0,4,21.6,8.0,0,0,7
AIAUS4033,Australia,Whitsundays Plan of Management Area - Setting 3 Areas,56.4,14,10,0,3,22.9,6.5,0,0,7
AIAUS4034,Australia,Whitsundays Plan of Management Area - Setting 4 Areas,56.4,14,10,0,3,22.9,6.5,0,0,7
AIAUS4035,Australia,Whitsundays Plan of Management Area - Setting 5 Areas,57.3,13,10,0,2,23.8,6.5,0,0,7
AIAUS4036,Australia,Bird Island significant bird site,43.9,3,2,0,0,23.9,3.0,0,0,7
AIAUS4037,Australia,East Rock significant bird site,51.7,4,3,0,0,26.7,3.0,0,0,7
AIAUS4038,Australia,Edwin Rock significant bird site,51.7,4,3,0,0,26.7,3.0,0,0,7
AIAUS4039,Australia,Eshelby Islands significant bird site,35.4,2,1,0,0,18.4,2.0,0,0,5
AIAUS404,Australia,Clinton Conservation Park,54.5,11,8,0,1,25.5,3.0,0,0,8
AIAUS4040,Australia,Armit Island (southern beach only) significant bird site,43.9,3,2,0,0,23.9,3.0,0,0,7
AIAUS4041,Australia,Double Cone Island (western island only) significant bird site,43.9,3,2,0,0,23.9,3.0,0,0,7
AIAUS4042,Australia,Grassy Island (southern beach only) significant bird site,43.9,3,2,0,0,23.9,3.0,0,0,7
AIAUS4043,Australia,Armit Islets (No 1) significant bird site,43.9,3,2,0,0,23.9,3.0,0,0,7
AIAUS4044,Australia,Olden Rock (south of Olden Island) significant bird site,34.4,2,1,0,0,18.4,1.0,0,0,5
AIAUS4045,Australia,Shaw Island (beach east of Burning Point) significant bird site,43.9,3,2,0,0,23.9,3.0,0,0,7
AIAUS4046,Australia,South Repulse Island (western beach only) significant bird site,43.9,3,2,0,0,23.9,3.0,0,0,7
AIAUS4047,Australia,Shoalwater Bay Plan of Management Area,49.9,5,4,0,1,25.9,2.0,0,0,7
AIAUS406,Australia,Cloudy Bay Lagoon Marine Conservation Area,60.4,11,8,1,0,27.4,5.0,0,0,8
AIAUS407,Australia,Clump Mountain National Park,53.6,27,14,1,1,19.1,4.5,0,0,10
AIAUS408,Australia,Clybucca Historic Site,64.5,22,20,0,1,29.5,7.0,0,0,8
AIAUS409,Australia,Clybucca Aboriginal Area,64.2,16,15,0,0,30.7,5.5,0,0,8
AIAUS41,Australia,Southern Spencer Gulf Marine Park - Restricted Access Zone (Existing),55.0,6,3,0,0,19.5,8.5,0,0,10
AIAUS410,Australia,Clyde River National Park,61.2,24,19,0,3,26.2,7.0,0,0,8
AIAUS411,Australia,Coal Mines Historic Site,58.2,12,8,1,0,25.2,5.0,0,0,8
AIAUS412,Australia,Coal Point Conservation Area,60.4,11,8,1,0,27.4,5.0,0,0,8
AIAUS414,Australia,Cockers Creek Conservation Covenant,8.7,4,0,0,1,2.2,1.5,0,0,5
AIAUS415,Australia,Cockle Bay Nature Reserve,64.1,25,22,0,1,29.1,7.0,0,0,8
AIAUS416,Australia,Cod Grounds Australian Marine Park - National Park Zone - Temperate East,56.3,11,6,0,2,20.8,7.5,0,0,10
AIAUS417,Australia,Coffin Bay National Park,54.9,13,9,0,1,24.4,4.5,0,0,8
AIAUS418,Australia,Coffs Coast Regional Park,61.9,20,16,0,3,26.9,7.0,0,0,8
AIAUS42,Australia,Anderson Islands Conservation Area,56.6,13,8,1,1,23.6,5.0,0,0,8
AIAUS420,Australia,Colosseum Inlet Fish Habitat Area (A),8.5,12,0,0,0,2.0,1.5,0,0,5
AIAUS421,Australia,Colosseum Inlet Fish Habitat Area (B),8.5,12,0,0,0,2.0,1.5,0,0,5
AIAUS422,Australia,Comerong Island Nature Reserve,64.1,25,22,0,1,29.1,7.0,0,0,8
AIAUS424,Australia,Coningham Nature Recreation Area,60.4,11,8,1,0,27.4,5.0,0,0,8
AIAUS425,Australia,Conjola National Park,63.4,22,19,0,2,28.4,7.0,0,0,8
AIAUS426,Australia,Conway National Park,53.6,27,14,1,1,19.1,4.5,0,0,10
AIAUS427,Australia,Conway Conservation Park,54.3,26,14,1,1,19.8,4.5,0,0,10
AIAUS428,Australia,Coobowie Aquatic Reserve ,34.3,9,2,0,1,11.3,5.0,0,0,8
AIAUS429,Australia,Coocumbac Island Nature Reserve,64.1,25,22,0,1,29.1,7.0,0,0,8
AIAUS430,Australia,Cook Island Nature Reserve,64.1,25,22,0,1,29.1,7.0,0,0,8
AIAUS431,Australia,Cook Island Aquatic Reserve,31.5,7,2,0,1,11.0,2.5,0,0,8
AIAUS432,Australia,Cook Island Aquatic Reserve (Sanctuary),35.4,3,1,0,1,13.4,4.0,0,0,8
AIAUS433,Australia,Coolongolook Nature Reserve,64.1,25,22,0,1,29.1,7.0,0,0,8
AIAUS434,Australia,Coombabah Fish Habitat Area (B),36.3,11,3,0,0,10.8,2.5,0,0,8
AIAUS435,Australia,Coomera Fish Habitat Area (B),36.3,11,3,0,0,10.8,2.5,0,0,8
AIAUS438,Australia,Coorong National Park,56.4,15,11,0,2,25.9,4.5,0,0,8
AIAUS439,Australia,Coral Sea Australian Marine Park - Habitat Protection Zone,51.7,13,4,0,5,13.2,11.5,0,0,10
AIAUS439_P,Australia,Coral Sea Australian Marine Park,6.2,2,0,0,0,1.8,1.5,0,0,3
AIAUS440,Australia,Coral Sea Australian Marine Park - Special Purpose Zone (Trawl),47.5,13,3,0,6,11.0,11.5,0,0,10
AIAUS441,Australia,Coral Sea Australian Marine Park - National Park Zone,53.5,13,6,0,3,18.0,7.5,0,0,10
AIAUS442,Australia,Coral Sea Australian Marine Park - Habitat Protection Zone (Reefs),51.7,13,4,0,5,13.2,11.5,0,0,10
AIAUS444,Australia,Corio Bay Fish Habitat Area (A),36.3,11,3,0,0,10.8,2.5,0,0,8
AIAUS446,Australia,Corner Inlet Marine National Park,53.5,6,4,0,1,23.0,7.5,0,0,8
AIAUS448,Australia,Corramy Regional Park,61.8,20,16,0,2,26.8,7.0,0,0,8
AIAUS449,Australia,Corrie Island Nature Reserve,64.1,25,22,0,1,29.1,7.0,0,0,8
AIAUS450,Australia,Coswell Beach Conservation Area,60.4,11,8,1,0,27.4,5.0,0,0,8
AIAUS451,Australia,Cottesloe Reef Fish Habitat Protection Area,54.4,14,7,0,2,18.9,7.5,0,0,10
AIAUS452,Australia,Coulomb Point Nature Reserve,61.7,24,20,0,1,28.7,7.0,0,0,8
AIAUS453,Australia,Councillor Island Nature Reserve,60.4,11,8,1,0,27.4,5.0,0,0,8
AIAUS455,Australia,Creery Island Nature Reserve,61.7,24,20,0,1,28.7,7.0,0,0,8
AIAUS456,Australia,Cressy Beach Conservation Area,60.4,11,8,1,0,27.4,5.0,0,0,8
AIAUS457,Australia,Croajingolong National Park,63.7,38,30,0,1,26.7,9.0,0,0,8
AIAUS46,Australia,Annan River Fish Habitat Area (B),36.3,11,3,0,0,10.8,2.5,0,0,8
AIAUS460,Australia,East Gippsland Coastal streams Natural Catchment Area,26.6,9,1,0,1,5.6,3.0,0,0,8
AIAUS464,Australia,Crowdy Bay National Park,61.2,24,19,0,3,26.2,7.0,0,0,8
AIAUS465,Australia,Cudgen Nature Reserve,64.1,25,22,0,1,29.1,7.0,0,0,8
AIAUS466,Australia,Cullendulla Creek Nature Reserve,64.1,25,22,0,1,29.1,7.0,0,0,8
AIAUS467,Australia,Cumbebin Swamp Nature Reserve,64.1,25,22,0,1,29.1,7.0,0,0,8
AIAUS468,Australia,Currency Creek Game Reserve,52.8,12,8,0,1,23.8,3.0,0,0,8
AIAUS469,Australia,Currimundi Lake (Kathleen McArthur) Conservation Park,54.3,26,14,1,1,19.8,4.5,0,0,10
AIAUS47,Australia,Annan River Fish Habitat Area (A),36.3,11,3,0,0,10.8,2.5,0,0,8
AIAUS470,Australia,Currumbin Creek Fish Habitat Area (B),36.3,11,3,0,0,10.8,2.5,0,0,8
AIAUS471,Australia,Curtis Island National Park,8.5,7,0,0,1,2.0,1.5,0,0,5
AIAUS473,Australia,Cygnet Estuary Conservation Park,54.5,11,8,0,1,25.5,3.0,0,0,8
AIAUS474,Australia,D'Entrecasteaux National Park,61.7,23,19,0,1,28.7,7.0,0,0,8
AIAUS476,Australia,D'Entrecasteaux Watering Place Historic Site,58.2,12,8,1,0,25.2,5.0,0,0,8
AIAUS477,Australia,D?-r?l-l? (Calliope River) Fish Habitat Area (B),36.3,11,3,0,0,10.8,2.5,0,0,8
AIAUS478,Australia,Daintree National Park,8.5,7,0,0,1,2.0,1.5,0,0,5
AIAUS479,Australia,Dallachy Creek Fish Habitat Area (A),36.3,11,3,0,0,10.8,2.5,0,0,8
AIAUS48,Australia,Annan River (Yuku Baja-Muliku) National Park,8.2,5,0,0,0,1.8,1.5,0,0,5
AIAUS482,Australia,Dampier Australian Marine Park - Multiple Use Zone - North-west,42.2,13,2,0,6,8.8,11.5,0,0,10
AIAUS482_P,Australia,Dampier Australian Marine Park,6.2,2,0,0,0,1.8,1.5,0,0,3
AIAUS483,Australia,Dampier Australian Marine Park - National Park Zone - North-west,57.5,12,7,0,2,22.0,7.5,0,0,10
AIAUS484,Australia,Dampier Australian Marine Park - Habitat Protection Zone - North-west,51.5,14,4,0,4,13.0,11.5,0,0,10
AIAUS485,Australia,Darawank Nature Reserve,64.1,25,22,0,1,29.1,7.0,0,0,8
AIAUS486,Australia,Dart Island State Reserve,60.4,11,8,1,0,27.4,5.0,0,0,8
AIAUS487,Australia,Deception Bay Fish Habitat Area (A),36.3,11,3,0,0,10.8,2.5,0,0,8
AIAUS488,Australia,Deception Bay Fish Habitat Area (B),36.3,11,3,0,0,10.8,2.5,0,0,8
AIAUS489,Australia,Deep Creek National Park,56.8,12,9,0,1,26.2,4.5,0,0,8
AIAUS490,Australia,Denham Group National Park,53.6,27,14,1,1,19.1,4.5,0,0,10
AIAUS491,Australia,Denison Rivulet Conservation Area,60.4,11,8,1,0,27.4,5.0,0,0,8
AIAUS495,Australia,Diamond Island Nature Reserve,60.4,11,8,1,0,27.4,5.0,0,0,8
AIAUS497,Australia,Dirk Hartog Island National Park,60.6,24,19,0,1,27.6,7.0,0,0,8
AIAUS499,Australia,Discovery Bay Marine National Park,28.9,20,1,0,0,3.4,7.5,0,0,8
AIAUS4a,Australia,Christmas Island Marine Park - National Park Zone,29.9,14,1,0,4,4.9,7.0,0,0,8
AIAUS4a_P,Australia,Christmas Island Marine Park,6.2,2,0,0,0,1.8,1.5,0,0,3
AIAUS4b,Australia,Christmas Island Marine Park - Habitat Protection Zone,29.5,14,1,0,5,4.5,7.0,0,0,8
AIAUS5,Australia,Christmas Island Territorial Sea,8.7,4,0,0,1,2.2,1.5,0,0,5
AIAUS503,Australia,Don Heads Conservation Area,60.4,11,8,1,0,27.4,5.0,0,0,8
AIAUS505,Australia,Doughboy Island Conservation Area,60.4,11,8,1,0,27.4,5.0,0,0,8
AIAUS506,Australia,Douglas Point Conservation Park,54.5,11,8,0,1,25.5,3.0,0,0,8
AIAUS507,Australia,Dromana Recreation Reserve,65.4,30,27,0,2,29.9,7.5,0,0,8
AIAUS508,Australia,Dryander National Park,53.6,27,14,1,1,19.1,4.5,0,0,10
AIAUS509,Australia,Durands Island Nature Reserve,64.1,25,22,0,1,29.1,7.0,0,0,8
AIAUS51,Australia,Ansons Bay Conservation Area,60.4,11,8,1,0,27.4,5.0,0,0,8
AIAUS510,Australia,Eagle Point Gippsland Lakes Reserve ,65.4,30,27,0,2,29.9,7.5,0,0,8
AIAUS511,Australia,Eagle Rock Marine Sanctuary,37.2,7,2,0,0,11.8,7.5,0,0,8
AIAUS512,Australia,Eaglehawk Bay State Reserve,60.4,11,8,1,0,27.4,5.0,0,0,8
AIAUS513,Australia,Eaglehawk Bay-Flinders Bay Conservation Area,60.4,11,8,1,0,27.4,5.0,0,0,8
AIAUS514,Australia,Eaglehawk Neck Historic Site,58.2,12,8,1,0,25.2,5.0,0,0,8
AIAUS515,Australia,Eagles Claw Nature Reserve,64.1,25,22,0,1,29.1,7.0,0,0,8
AIAUS517,Australia,East Gippsland Australian Marine Park - Multiple Use Zone - South-east,39.1,9,2,0,1,10.1,9.0,0,0,8
AIAUS518,Australia,East Kangaroo Island Nature Reserve,60.4,11,8,1,0,27.4,5.0,0,0,8
AIAUS520,Australia,East Risdon State Reserve,60.4,11,8,1,0,27.4,5.0,0,0,8
AIAUS523,Australia,Eastern Recherche Australian Marine Park - Special Purpose Zone - South-west,41.2,10,2,0,4,10.2,9.0,0,0,10
AIAUS524,Australia,Eastern Recherche Australian Marine Park - National Park Zone - South-west,56.2,11,6,0,3,20.7,7.5,0,0,10
AIAUS526,Australia,Eastern Spencer Gulf Marine Park - Sanctuary Zone 1,51.9,11,4,0,0,15.4,9.5,0,0,10
AIAUS526_P,Australia,Eastern Spencer Gulf Marine Park,6.2,2,0,0,0,1.8,1.5,0,0,3
AIAUS527,Australia,Eastern Spencer Gulf Marine Park - Sanctuary Zone 2,51.9,11,4,0,0,15.4,9.5,0,0,10
AIAUS528,Australia,Eastern Spencer Gulf Marine Park - Sanctuary Zone 3,51.9,11,4,0,0,15.4,9.5,0,0,10
AIAUS529,Australia,Goose Island Conservation Park,54.5,11,8,0,1,25.5,3.0,0,0,8
AIAUS531,Australia,Eastern Spencer Gulf Marine Park - Habitat Protection Zone 2,34.1,20,1,0,0,3.6,10.5,0,0,10
AIAUS532,Australia,Eastern Spencer Gulf Marine Park - Habitat Protection Zone 1,34.1,20,1,0,0,3.6,10.5,0,0,10
AIAUS534,Australia,Eastern Spencer Gulf Marine Park - General Managed Use Zone 1,18.5,17,0,0,0,2.0,9.5,0,0,7
AIAUS535,Australia,Eastern Spencer Gulf Marine Park - General Managed Use Zone 2,18.5,17,0,0,0,2.0,9.5,0,0,7
AIAUS536,Australia,Eastern Spencer Gulf Marine Park - General Managed Use Zone 3,18.5,17,0,0,0,2.0,9.5,0,0,7
AIAUS538,Australia,Eba Island Conservation Park,54.5,11,8,0,1,25.5,3.0,0,0,8
AIAUS539,Australia,Echo Sugarloaf State Reserve,60.4,11,8,1,0,27.4,5.0,0,0,8
AIAUS54,Australia,Apollo Australian Marine Park - Multiple Use Zone - South-east,39.1,9,2,0,1,10.1,9.0,0,0,8
AIAUS540,Australia,Eclipse Island Nature Reserve,61.7,24,20,0,1,28.7,7.0,0,0,8
AIAUS541,Australia,Eddystone Point Lighthouse Historic Site,58.2,12,8,1,0,25.2,5.0,0,0,8
AIAUS544,Australia,Edgecumbe Bay Fish Habitat Area (A),36.3,11,3,0,0,10.8,2.5,0,0,8
AIAUS545,Australia,Edgecumbe Bay Fish Habitat Area (B),36.3,11,3,0,0,10.8,2.5,0,0,8
AIAUS546,Australia,Edgecumbe Bay-Bowen Dugong Protection Area (B),43.0,10,1,4,1,16.4,8.5,0,0,8
AIAUS547,Australia,Egg Beach Conservation Area,60.4,11,8,1,0,27.4,5.0,0,0,8
AIAUS550,Australia,Jinmarnkur Conservation Park,61.8,23,19,0,2,28.8,7.0,0,0,8
AIAUS551,Australia,Jarrkunpungu Nature Reserve,61.7,24,20,0,1,28.7,7.0,0,0,8
AIAUS552,Australia,Jinmarnkur Kulja Nature Reserve,61.7,24,20,0,1,28.7,7.0,0,0,8
AIAUS553,Australia,Unnamed WA52366 Nature Reserve,61.7,24,20,0,1,28.7,7.0,0,0,8
AIAUS554,Australia,Unnamed WA53015 Nature Reserve,61.7,24,20,0,1,28.7,7.0,0,0,8
AIAUS555,Australia,Kujungurru Warrarn Conservation Park,61.8,23,19,0,2,28.8,7.0,0,0,8
AIAUS556,Australia,Kujungurru Warrarn Nature Reserve,61.7,24,20,0,1,28.7,7.0,0,0,8
AIAUS558,Australia,Eight Mile Creek Fish Habitat Area (A),36.3,11,3,0,0,10.8,2.5,0,0,8
AIAUS560,Australia,Eighty Mile Beach Australian Marine Park - Multiple Use Zone - North-west,42.2,13,2,0,6,8.8,11.5,0,0,10
AIAUS562,Australia,Eighty Mile Beach Marine Park - Eighty Mile Beach General Use Zone,35.2,5,1,0,1,10.2,7.0,0,0,8
AIAUS562_P,Australia,Eighty Mile Beach Marine Park,6.2,2,0,0,0,1.8,1.5,0,0,3
AIAUS563,Australia,Eighty Mile Beach Marine Park - Pananykarra Sanctuary Zone,39.0,3,1,0,0,14.0,7.0,0,0,8
AIAUS564,Australia,Eighty Mile Beach Marine Park - Kurtamparanya Sanctuary Zone,39.0,3,1,0,0,14.0,7.0,0,0,8
AIAUS566,Australia,Eighty Mile Beach Marine Park - Paruwuturr Special Purpose Zone (Cultural Heritage),36.6,8,2,0,3,11.6,7.0,0,0,8
AIAUS567,Australia,Eighty Mile Beach Marine Park - Wallal Recreation Zone,40.0,5,2,0,0,16.4,5.5,0,0,8
AIAUS568,Australia,Eighty Mile Beach Marine Park - Waru Special Purpose Zone (Cultural Heritage),36.6,8,2,0,3,11.6,7.0,0,0,8
AIAUS569,Australia,Eighty Mile Beach Marine Park - Pilyarlkarra Special Purpose Zone (Cultural Heritage),36.6,8,2,0,3,11.6,7.0,0,0,8
AIAUS57,Australia,Arafura Australian Marine Park - Multiple Use Zone - North,42.5,12,2,0,6,9.0,11.5,0,0,10
AIAUS570,Australia,Eighty Mile Beach Marine Park - Anna Plains Sanctuary Zone,39.0,3,1,0,0,14.0,7.0,0,0,8
AIAUS571,Australia,Eighty Mile Beach Marine Park - Jangyjartiny Special Purpose Zone (Cultural Heritage),36.6,8,2,0,3,11.6,7.0,0,0,8
AIAUS572,Australia,Eighty Mile Beach Marine Park - Pananykarra Special Purpose Zone (Shore-based Activities),44.2,9,3,0,3,14.2,7.0,0,0,8
AIAUS573,Australia,Eighty Mile Beach Marine Park - Banningarra Creek Special Purpose Zone (Shore-based Activities),44.2,9,3,0,3,14.2,7.0,0,0,8
AIAUS574,Australia,Eighty Mile Beach Marine Park - Malamalajungunya Special Purpose Zone (Mangrove Protection),41.5,5,2,0,0,16.4,7.0,0,0,8
AIAUS577,Australia,Ella Bay National Park,53.6,27,14,1,1,19.1,4.5,0,0,10
AIAUS578,Australia,Elliott River Fish Habitat Area (A),36.3,11,3,0,0,10.8,2.5,0,0,8
AIAUS579,Australia,Emita Nature Recreation Area,60.4,11,8,1,0,27.4,5.0,0,0,8
AIAUS58,Australia,Arafura Australian Marine Park - Special Purpose Zone - North,42.5,12,2,0,6,9.0,11.5,0,0,10
AIAUS581,Australia,Encounter Marine Park - Habitat Protection Zone 2,34.1,20,1,0,0,3.6,10.5,0,0,10
AIAUS581_P,Australia,Encounter Marine Park,6.2,2,0,0,0,1.8,1.5,0,0,3
AIAUS582,Australia,Encounter Marine Park - Habitat Protection Zone 4,34.1,20,1,0,0,3.6,10.5,0,0,10
AIAUS583,Australia,Encounter Marine Park - Habitat Protection Zone 5,34.1,20,1,0,0,3.6,10.5,0,0,10
AIAUS584,Australia,Encounter Marine Park - Habitat Protection Zone 6,34.1,20,1,0,0,3.6,10.5,0,0,10
AIAUS586,Australia,Encounter Marine Park - Sanctuary Zone 1,51.9,11,4,0,0,15.4,9.5,0,0,10
AIAUS587,Australia,Encounter Marine Park - Sanctuary Zone 10,51.9,11,4,0,0,15.4,9.5,0,0,10
AIAUS588,Australia,Encounter Marine Park - Sanctuary Zone 11,51.9,11,4,0,0,15.4,9.5,0,0,10
AIAUS589,Australia,Encounter Marine Park - Sanctuary Zone 2,51.9,11,4,0,0,15.4,9.5,0,0,10
AIAUS59,Australia,Arafura Australian Marine Park - Special Purpose Zone (Trawl)    - North,40.5,12,2,0,6,9.0,11.5,0,0,10
AIAUS590,Australia,Encounter Marine Park - Sanctuary Zone 3,51.9,11,4,0,0,15.4,9.5,0,0,10
AIAUS591,Australia,Encounter Marine Park - Sanctuary Zone 4,51.9,11,4,0,0,15.4,9.5,0,0,10
AIAUS592,Australia,Encounter Marine Park - Sanctuary Zone 5,51.9,11,4,0,0,15.4,9.5,0,0,10
AIAUS593,Australia,Encounter Marine Park - Sanctuary Zone 6,51.9,11,4,0,0,15.4,9.5,0,0,10
AIAUS594,Australia,Encounter Marine Park - Sanctuary Zone 8,51.9,11,4,0,0,15.4,9.5,0,0,10
AIAUS595,Australia,Encounter Marine Park - Sanctuary Zone 9   -  ,51.9,11,4,0,0,15.4,9.5,0,0,10
AIAUS596,Australia,Encounter Marine Park - Sanctuary Zone 7,51.9,11,4,0,0,15.4,9.5,0,0,10
AIAUS598,Australia,"Encounter Marine Park - Restricted Access Zone (Existing) 1, Busby Islet Conservation Park",55.0,6,3,0,0,19.5,8.5,0,0,10
AIAUS599,Australia,Encounter Marine Park - Restricted Access Zone (Existing) 2,55.0,6,3,0,0,19.5,8.5,0,0,10
AIAUS6,Australia,Cocos Islands National Waters,8.7,4,0,0,1,2.2,1.5,0,0,5
AIAUS60,Australia,Arakoon National Park,62.3,23,19,0,3,27.3,7.0,0,0,8
AIAUS600,Australia,Encounter Marine Park - Restricted Access Zone (Existing) 3,55.0,6,3,0,0,19.5,8.5,0,0,10
AIAUS601,Australia,Encounter Marine Park - Restricted Access Zone (Existing) 4,55.0,6,3,0,0,19.5,8.5,0,0,10
AIAUS603,Australia,Encounter Marine Park - General Managed Use Zone 1,34.1,20,1,0,0,3.6,10.5,0,0,10
AIAUS604,Australia,Encounter Marine Park - General Managed Use Zone 2,34.1,20,1,0,0,3.6,10.5,0,0,10
AIAUS605,Australia,Encounter Marine Park - General Managed Use Zone 3,34.1,20,1,0,0,3.6,10.5,0,0,10
AIAUS606,Australia,Encounter Marine Park - General Managed Use Zone 4,34.1,20,1,0,0,3.6,10.5,0,0,10
AIAUS607,Australia,Encounter Marine Park - General Managed Use Zone 5,34.1,20,1,0,0,3.6,10.5,0,0,10
AIAUS608,Australia,Encounter Marine Park - General Managed Use Zone 6,34.1,20,1,0,0,3.6,10.5,0,0,10
AIAUS609,Australia,Encounter Marine Park - General Managed Use Zone 7,34.1,20,1,0,0,3.6,10.5,0,0,10
AIAUS61,Australia,Arakwal National Park,63.4,22,19,0,2,28.4,7.0,0,0,8
AIAUS610,Australia,HMAS Hobart Shipwreck Reserve,33.5,3,1,0,2,14.0,2.5,0,0,7
AIAUS611,Australia,Encounter Marine Park - Habitat Protection Zone 1,34.1,20,1,0,0,3.6,10.5,0,0,10
AIAUS612,Australia,Encounter Marine Park - Habitat Protection Zone 3,34.1,20,1,0,0,3.6,10.5,0,0,10
AIAUS613,Australia,Encounter Marine Park - Habitat Protection Zone 7,34.1,20,1,0,0,3.6,10.5,0,0,10
AIAUS615,Australia,Endeavour River National Park,53.6,27,14,1,1,19.1,4.5,0,0,10
AIAUS616,Australia,Enstone Park Conservation Covenant,8.7,4,0,0,1,2.2,1.5,0,0,5
AIAUS618,Australia,Escape Island Nature Reserve,60.3,23,20,0,1,29.8,5.5,0,0,7
AIAUS619,Australia,Escape River Fish Habitat Area (A),36.3,11,3,0,0,10.8,2.5,0,0,8
AIAUS62,Australia,Archer Point Conservation Park,54.3,26,14,1,1,19.8,4.5,0,0,10
AIAUS621,Australia,Essex Rocks Nature Reserve ,61.7,24,20,0,1,28.7,7.0,0,0,8
AIAUS622,Australia,Eucla National Park,61.7,23,19,0,1,28.7,7.0,0,0,8
AIAUS623,Australia,Eurimbula National Park,53.6,27,14,1,1,19.1,4.5,0,0,10
AIAUS624,Australia,Eurimbula Fish Habitat Area (A),36.3,11,3,0,0,10.8,2.5,0,0,8
AIAUS625,Australia,Eurimbula Resources Reserve,54.3,26,14,1,1,19.8,4.5,0,0,10
AIAUS626,Australia,Eurobodalla National Park,55.5,32,19,0,4,20.5,7.0,0,0,8
AIAUS627,Australia,Ewing Morass Wildlife Reserve,65.4,30,27,0,2,29.9,7.5,0,0,8
AIAUS628,Australia,Ex-HMAS Brisbane Conservation Park,53.6,29,15,1,1,19.1,4.5,0,0,10
AIAUS629,Australia,Family Islands National Park,53.6,27,14,1,1,19.1,4.5,0,0,10
AIAUS63,Australia,Argo-Rowley Terrace Australian Marine Park - National Park Zone - North-west,57.5,12,7,0,2,22.0,7.5,0,0,10
AIAUS631,Australia,Far West Coast Marine Park - Restricted Access Zone 2,55.0,6,3,0,0,19.5,8.5,0,0,10
AIAUS631_P,Australia,Far West Coast Marine Park,8.8,3,0,0,1,2.3,1.5,0,0,5
AIAUS633,Australia,Far West Coast Marine Park - Sanctuary Zone 1,51.9,11,4,0,0,15.4,9.5,0,0,10
AIAUS634,Australia,Far West Coast Marine Park - Sanctuary Zone 2,51.9,11,4,0,0,15.4,9.5,0,0,10
AIAUS635,Australia,Far West Coast Marine Park - Sanctuary Zone 3,51.9,11,4,0,0,15.4,9.5,0,0,10
AIAUS637,Australia,Far West Coast Marine Park - Habitat Protection Zone 1,34.1,20,1,0,0,3.6,10.5,0,0,10
AIAUS638,Australia,Far West Coast Marine Park - Habitat Protection Zone 2,34.1,20,1,0,0,3.6,10.5,0,0,10
AIAUS639,Australia,Far West Coast Marine Park - Restricted Access Zone 1,55.0,6,3,0,0,19.5,8.5,0,0,10
AIAUS63_P,Australia,Argo-Rowley Terrace Australian Marine Park,6.2,2,0,0,0,1.8,1.5,0,0,3
AIAUS64,Australia,Argo-Rowley Terrace Australian Marine Park - Multiple Use Zone - North-west,42.2,13,2,0,6,8.8,11.5,0,0,10
AIAUS640,Australia,Farm Cove Game Reserve,60.4,11,8,1,0,27.4,5.0,0,0,8
AIAUS642,Australia,Finucane Island National Park,53.6,27,14,1,1,19.1,4.5,0,0,10
AIAUS643,Australia,First and Second Islands Flora Reserve,65.4,30,27,0,2,29.9,7.5,0,0,8
AIAUS644,Australia,Fisherman Islands Nature Reserve,61.7,24,20,0,1,28.7,7.0,0,0,8
AIAUS645,Australia,Fishermans Bend Nature Reserve,64.1,25,22,0,1,29.1,7.0,0,0,8
AIAUS647,Australia,Fitzgerald River National Park,61.7,23,19,0,1,28.7,7.0,0,0,8
AIAUS648,Australia,Doubtful Islands Nature Reserve,61.7,24,20,0,1,28.7,7.0,0,0,8
AIAUS649,Australia,Fitzroy Island National Park,53.6,27,14,1,1,19.1,4.5,0,0,10
AIAUS65,Australia,Argo-Rowley Terrace Australian Marine Park - Special Purpose Zone (Trawl) - North-west,40.2,13,2,0,6,8.8,11.5,0,0,10
AIAUS650,Australia,Fitzroy River Fish Habitat Area (A),36.3,11,3,0,0,10.8,2.5,0,0,8
AIAUS652,Australia,Five Islands Nature Reserve,64.1,25,22,0,1,29.1,7.0,0,0,8
AIAUS653,Australia,Five Mile Bluff Conservation Area,60.4,11,8,1,0,27.4,5.0,0,0,8
AIAUS654,Australia,Flannagan Island Gippsland Lakes Reserve,65.4,30,27,0,2,29.9,7.5,0,0,8
AIAUS655,Australia,Flat Island Nature Reserve,64.1,25,22,0,1,29.1,7.0,0,0,8
AIAUS656,Australia,Flinders Australian Marine Park - Multiple Use Zone - South-east,36.2,11,2,0,1,9.2,9.0,0,0,8
AIAUS656_P,Australia,Flinders Australian Marine Park,6.2,2,0,0,0,1.8,1.5,0,0,3
AIAUS657,Australia,Flinders Australian Marine Park - Marine National Park Zone - South-east,49.3,8,4,0,0,18.8,5.5,0,0,10
AIAUS658,Australia,Flinders Chase National Park,56.8,12,9,0,1,26.2,4.5,0,0,8
AIAUS659,Australia,Flinders Group (Cape York Peninsula Aboriginal Land) National Park Aboriginal,25.6,8,1,0,1,6.1,1.5,0,0,8
AIAUS66,Australia,Arnhem Australian Marine Park - Special Purpose Zone - North,42.5,12,2,0,6,9.0,11.5,0,0,10
AIAUS661,Australia,Foochow Conservation Area,60.4,11,8,1,0,27.4,5.0,0,0,8
AIAUS664,Australia,Forsyth Island Conservation Area,60.4,11,8,1,0,27.4,5.0,0,0,8
AIAUS666,Australia,Fossil Beach Geological Reserve,65.4,30,27,0,2,29.9,7.5,0,0,8
AIAUS667,Australia,Fossil Bluff Conservation Area,60.4,11,8,1,0,27.4,5.0,0,0,8
AIAUS668,Australia,Fossil Cove Conservation Area,60.4,11,8,1,0,27.4,5.0,0,0,8
AIAUS67,Australia,Arthur Bay Conservation Area,60.4,11,8,1,0,27.4,5.0,0,0,8
AIAUS670,Australia,Fotheringate Bay Conservation Area,60.4,11,8,1,0,27.4,5.0,0,0,8
AIAUS674,Australia,Fowlers Bay Conservation Park,54.5,11,8,0,1,25.5,3.0,0,0,8
AIAUS675,Australia,Francois Peron National Park,61.7,23,19,0,1,28.7,7.0,0,0,8
AIAUS676,Australia,Frankland Group National Park,53.6,27,14,1,1,19.1,4.5,0,0,10
AIAUS677,Australia,Franklin Australian Marine Park - Multiple Use Zone - South-east,39.1,9,2,0,1,10.1,9.0,0,0,8
AIAUS678,Australia,Franklin Harbor Conservation Park,54.5,11,8,0,1,25.5,3.0,0,0,8
AIAUS680,Australia,Franklin Harbor Marine Park - General Managed Use Zone 1,18.5,17,0,0,0,2.0,9.5,0,0,7
AIAUS680_P,Australia,Franklin Harbor Marine Park,6.2,2,0,0,0,1.8,1.5,0,0,3
AIAUS681,Australia,Franklin Harbor Marine Park - General Managed Use Zone 2,18.5,17,0,0,0,2.0,9.5,0,0,7
AIAUS683,Australia,Franklin Harbor Marine Park - Sanctuary Zone 1,51.9,11,4,0,0,15.4,9.5,0,0,10
AIAUS684,Australia,Franklin Harbor Marine Park - Sanctuary Zone 2,51.9,11,4,0,0,15.4,9.5,0,0,10
AIAUS685,Australia,Franklin Harbor Marine Park - Sanctuary Zone 3,51.9,11,4,0,0,15.4,9.5,0,0,10
AIAUS686,Australia,Franklin Harbor Marine Park - Sanctuary Zone 4,51.9,11,4,0,0,15.4,9.5,0,0,10
AIAUS688,Australia,Franklin Harbor Marine Park - Habitat Protection Zone 1,34.1,20,1,0,0,3.6,10.5,0,0,10
AIAUS689,Australia,Franklin Harbor Marine Park - Habitat Protection Zone 2,34.1,20,1,0,0,3.6,10.5,0,0,10
AIAUS690,Australia,Fraser Island Fish Habitat Area (B),36.3,11,3,0,0,10.8,2.5,0,0,8
AIAUS692,Australia,Great Sandy National Park,53.6,27,14,1,1,19.1,4.5,0,0,10
AIAUS693,Australia,Fraser Island Gippsland Lakes Reserve,65.4,30,27,0,2,29.9,7.5,0,0,8
AIAUS694,Australia,French Island National Park,61.9,37,29,0,1,26.4,7.5,0,0,8
AIAUS695,Australia,French Island National Park - East Reference Area,4.8,2,0,0,0,1.8,0.0,0,0,3
AIAUS697,Australia,Freycinet Australian Marine Park - Multiple Use Zone - South-east,39.1,9,2,0,1,10.1,9.0,0,0,8
AIAUS697_P,Australia,Freycinet Australian Marine Park,6.2,2,0,0,0,1.8,1.5,0,0,3
AIAUS698,Australia,Freycinet Australian Marine Park - Recreational Use Zone - South-east,43.6,8,3,0,0,15.1,5.5,0,0,8
AIAUS699,Australia,Freycinet Australian Marine Park - Marine National Park Zone - South-east,49.3,8,4,0,0,18.8,5.5,0,0,10
AIAUS6a,Australia,Cocos (Keeling) Islands Marine Park - National Park Zone,29.9,14,1,0,4,4.9,7.0,0,0,8
AIAUS6a_P,Australia,Cocos (Keeling) Islands Marine Park,6.2,2,0,0,0,1.8,1.5,0,0,3
AIAUS6b,Australia,Cocos (Keeling) Islands Marine Park - National Park Zone - The Rip,29.9,14,1,0,4,4.9,7.0,0,0,8
AIAUS6c,Australia,Cocos (Keeling) Islands Marine Park - National Park Zone - Trannies Beach,29.9,14,1,0,4,4.9,7.0,0,0,8
AIAUS6d,Australia,Cocos (Keeling) Islands Marine Park - Habitat Protection Zone,29.5,14,1,0,5,4.5,7.0,0,0,8
AIAUS7,Australia,Cocos Islands Territorial Sea,8.7,4,0,0,1,2.2,1.5,0,0,5
AIAUS70,Australia,Ashmore Reef Australian Marine Park - Recreational Use Zone - North-west,55.3,9,5,0,3,20.8,8.5,0,0,8
AIAUS700,Australia,"Freycinet, Double Islands etc Nature Reserve",61.7,24,20,0,1,28.7,7.0,0,0,8
AIAUS701,Australia,Gaagal Wanggaan (South Beach) National Park,63.4,22,19,0,2,28.4,7.0,0,0,8
AIAUS702,Australia,Gambier Islands Conservation Park,54.5,11,8,0,1,25.5,3.0,0,0,8
AIAUS703,Australia,Gambier Islands Group Marine Park - Habitat Protection Zone 1,34.1,20,1,0,0,3.6,10.5,0,0,10
AIAUS704,Australia,Couburg (Garig Gunak Barlu) Marine Park,35.9,6,2,0,0,13.4,4.5,0,0,8
AIAUS70_P,Australia,Ashmore Reef Australian Marine Park,6.2,2,0,0,0,1.8,1.5,0,0,3
AIAUS71,Australia,Ashmore Reef Australian Marine Park - Sanctuary Zone - North-west,31.2,3,1,0,0,11.7,1.5,0,0,8
AIAUS712,Australia,Garig Gunak Barlu,30.9,9,1,1,0,8.4,2.5,0,0,8
AIAUS715,Australia,Garigal National Park,63.9,24,21,0,2,28.9,7.0,0,0,8
AIAUS716,Australia,Gascoyne Australian Marine Park - Habitat Protection Zone - North-west,51.5,14,4,0,4,13.0,11.5,0,0,10
AIAUS716_P,Australia,Gascoyne Australian Marine Park,6.2,2,0,0,0,1.8,1.5,0,0,3
AIAUS717,Australia,Gascoyne Australian Marine Park - Multiple Use Zone - North-west,42.2,13,2,0,6,8.8,11.5,0,0,10
AIAUS718,Australia,Gascoyne Australian Marine Park - National Park Zone - North-west,57.5,12,7,0,2,22.0,7.5,0,0,10
AIAUS719,Australia,Gellibrand Point Nature Recreation Area,60.4,11,8,1,0,27.4,5.0,0,0,8
AIAUS72,Australia,Austin Bay Nature Reserve,61.7,24,20,0,1,28.7,7.0,0,0,8
AIAUS720,Australia,Geographe Australian Marine Park - Habitat Protection Zone - South-west,49.1,10,3,0,4,13.1,9.0,0,0,10
AIAUS721,Australia,Geographe Australian Marine Park - National Park Zone - South-west,56.2,11,6,0,3,20.7,7.5,0,0,10
AIAUS722,Australia,Geographe Australian Marine Park,6.2,2,0,0,0,1.8,1.5,0,0,3
AIAUS723,Australia,Geographe Australian Marine Park - Multiple Use Zone - South-west,41.2,10,2,0,4,10.2,9.0,0,0,10
AIAUS724,Australia,Geographe Australian Marine Park - Special Purpose Zone,49.9,11,3,0,4,12.4,10.5,0,0,10
AIAUS725,Australia,George III Monument Historic Site,56.4,13,8,1,0,23.4,5.0,0,0,8
AIAUS727,Australia,George Town Conservation Area,60.4,11,8,1,0,27.4,5.0,0,0,8
AIAUS728,Australia,Gifford Australian Marine Park - Habitat Protection Zone - Temperate East,52.2,13,4,0,3,13.7,11.5,0,0,10
AIAUS730,Australia,Backwater Morass Gippsland Lakes Reserve,65.4,30,27,0,2,29.9,7.5,0,0,8
AIAUS731,Australia,Bancroft Bay - Kalimna Gippsland Lakes Reserve,65.4,30,27,0,2,29.9,7.5,0,0,8
AIAUS732,Australia,Baxter Island Gippsland Lakes Reserve,65.4,30,27,0,2,29.9,7.5,0,0,8
AIAUS733,Australia,Blond Bay Gippsland Lakes Reserve,65.4,30,27,0,2,29.9,7.5,0,0,8
AIAUS734,Australia,Blond Bay Wildlife Reserve,65.4,30,27,0,2,29.9,7.5,0,0,8
AIAUS735,Australia,Gippsland Lakes Coastal Park ,63.9,32,27,0,2,28.4,7.5,0,0,8
AIAUS736,Australia,Hollands Landing Gippsland Lakes Reserve,65.4,30,27,0,2,29.9,7.5,0,0,8
AIAUS737,Australia,Holbourne Island National Park,8.5,6,0,0,1,2.0,1.5,0,0,5
AIAUS738,Australia,Jones Bay Gippsland Lakes Reserve,65.4,30,27,0,2,29.9,7.5,0,0,8
AIAUS74,Australia,Avoid Bay Islands Conservation Park,56.8,12,9,0,1,26.2,4.5,0,0,8
AIAUS740,Australia,Mitchell River Silt Jetties Gippsland Lakes Reserve,65.4,30,27,0,2,29.9,7.5,0,0,8
AIAUS741,Australia,Nyerimilang Park Gippsland Lakes Reserve,65.4,30,27,0,2,29.9,7.5,0,0,8
AIAUS742,Australia,Point Fullarton Gippsland Lakes Reserve,65.4,30,27,0,2,29.9,7.5,0,0,8
AIAUS743,Australia,Raymond Island Gippsland Lakes Reserve,65.4,30,27,0,2,29.9,7.5,0,0,8
AIAUS744,Australia,Rigby Island Gippsland Lakes Reserve,65.4,30,27,0,2,29.9,7.5,0,0,8
AIAUS745,Australia,Salt Lake - Backwater Morass Gippsland Lakes Reserve,65.4,30,27,0,2,29.9,7.5,0,0,8
AIAUS746,Australia,Steel Bay - Newland Backwater Gippsland Lakes Reserve,65.4,30,27,0,2,29.9,7.5,0,0,8
AIAUS747,Australia,Swan Reach Bay Gippsland Lakes Reserve,65.4,30,27,0,2,29.9,7.5,0,0,8
AIAUS748,Australia,Tambo Delta - Metung Gippsland Lakes Reserve,65.4,30,27,0,2,29.9,7.5,0,0,8
AIAUS749,Australia,The Lakes National Park,63.9,32,27,0,2,28.4,7.5,0,0,8
AIAUS75,Australia,Awabakal Nature Reserve,64.1,25,22,0,1,29.1,7.0,0,0,8
AIAUS750,Australia,Wattle Point Gippsland Lakes Reserve,65.4,30,27,0,2,29.9,7.5,0,0,8
AIAUS751,Australia,Gir-um-bit National Park,63.4,22,19,0,2,28.4,7.0,0,0,8
AIAUS752,Australia,Gir-um-bit State Conservation Area,64.4,21,18,0,2,29.4,7.0,0,0,8
AIAUS754,Australia,Girramay National Park,8.5,6,0,0,1,2.0,1.5,0,0,5
AIAUS755,Australia,Girringun National Park,8.5,6,0,0,1,2.0,1.5,0,0,5
AIAUS759,Australia,Gulngay National Park,8.5,6,0,0,1,2.0,1.5,0,0,5
AIAUS761,Australia,Glasse Island Nature Reserve,61.7,24,20,0,1,28.7,7.0,0,0,8
AIAUS762,Australia,Gleeson's Landing Rock Lobster Sanctuary   -  ,33.5,3,1,0,2,14.0,1.5,0,0,8
AIAUS764,Australia,Discovery Bay Coastal Park Conservation Park,65.7,35,28,0,4,27.2,10.5,0,0,8
AIAUS766,Australia,Glenrock State Conservation Area,63.2,22,18,0,3,28.2,7.0,0,0,8
AIAUS767,Australia,Gloucester Island National Park,53.6,27,14,1,1,19.1,4.5,0,0,10
AIAUS768,Australia,Gnandaroo Island Nature Reserve,61.7,24,20,0,1,28.7,7.0,0,0,8
AIAUS769,Australia,Goolawah Regional Park,63.0,18,16,0,1,29.5,5.5,0,0,8
AIAUS770,Australia,Goolawah National Park,63.4,22,19,0,2,28.4,7.0,0,0,8
AIAUS771,Australia,Goold Island National Park,53.6,27,14,1,1,19.1,4.5,0,0,10
AIAUS772,Australia,Goose Island Conservation Area,60.4,11,8,1,0,27.4,5.0,0,0,8
AIAUS773,Australia,Governor Island Marine Nature Reserve,30.9,6,1,0,0,7.9,3.0,0,0,10
AIAUS775,Australia,Granite Island Recreation Park,54.5,11,8,0,1,25.5,3.0,0,0,8
AIAUS777,Australia,Great Australian Bight Australian Marine Park - National Park Zone - South-west,56.2,11,6,0,3,20.7,7.5,0,0,10
AIAUS777_P,Australia,Great Australian Bight Australian Marine Park,6.2,2,0,0,0,1.8,1.5,0,0,3
AIAUS778,Australia,Great Australian Bight Australian Marine Park - Multiple Use Zone - South-west,41.2,10,2,0,4,10.2,9.0,0,0,10
AIAUS779,Australia,Great Australian Bight Australian Marine Park - Special Purpose Zone - South-west,41.2,10,2,0,4,10.2,9.0,0,0,10
AIAUS78,Australia,Baffle Creek Fish Habitat Area (A),36.3,11,3,0,0,10.8,2.5,0,0,8
AIAUS781,Australia,Great Australian Bight Australian Marine Park - Special Purpose Zone (Mining Exclusion) - South-west,49.9,11,3,0,4,12.4,10.5,0,0,10
AIAUS785,Australia,Great Otway National Park,65.7,39,33,0,1,28.7,9.0,0,0,8
AIAUS788,Australia,Great Sandy Marine Park - General Use Zone,36.1,18,2,0,4,5.1,11.0,0,0,10
AIAUS788_P,Australia,Great Sandy Marine Park,8.2,5,0,0,0,1.8,1.5,0,0,5
AIAUS789,Australia,Great Sandy Marine Park - Habitat Protection Zone,44.8,18,3,0,3,6.8,11.0,0,0,10
AIAUS79,Australia,Baird Bay Islands Conservation Park,56.8,12,9,0,1,26.2,4.5,0,0,8
AIAUS790,Australia,Great Sandy Marine Park - Conservation Park Zone,45.5,16,4,0,2,9.0,9.5,0,0,10
AIAUS792,Australia,Great Sandy Marine Park - Marine National Park Zone,46.4,10,3,1,2,14.4,7.0,0,0,10
AIAUS793,Australia,Great Sandy Marine Park - Turtle Protection Area (TPA),28.9,5,1,0,0,8.4,2.5,0,0,8
AIAUS794,Australia,Great Sandy Marine Park - Mon Repos Area (MRA),42.6,9,4,0,0,16.1,1.5,0,0,10
AIAUS795,Australia,Great Sandy Marine Park - Ex-HMAS Tobruk Area (TOB),10.8,7,0,0,0,1.8,4.0,0,0,5
AIAUS796,Australia,Great Sandy Marine Park - Go Slow Areas (GSA),27.8,6,1,0,0,7.3,2.5,0,0,8
AIAUS797_a,Australia,Great Sandy Marine Park - Seasonal Shorebird Closure Areas,38.3,8,3,0,1,11.8,1.5,0,0,10
AIAUS798,Australia,Great Sandy Marine Park - Grey Nurse Shark Area (GNS),38.7,9,3,0,0,11.7,4.0,0,0,8
AIAUS799_a,Australia,Great Sandy Marine Park - Platypus Bay area,27.2,6,1,0,0,6.7,2.5,0,0,8
AIAUS799_b,Australia,Great Sandy Marine Park - No-anchoring areas,28.1,6,1,0,0,6.1,4.0,0,0,8
AIAUS799_c,Australia,Great Sandy Marine Park - No-motorised vessel areas,26.6,6,1,0,0,6.1,2.5,0,0,8
AIAUS799_d,Australia,Great Sandy Marine Park - Fish trap area,30.8,6,1,0,0,7.3,3.5,0,0,8
AIAUS8,Australia,Heard and McDonald Islands National Waters,8.7,4,0,0,1,2.2,1.5,0,0,5
AIAUS80,Australia,Bakers Creek Conservation Park,54.3,26,14,1,1,19.8,4.5,0,0,10
AIAUS800,Australia,Hervey Bay - Tin Can Bay Dugong Protection Area (A),30.1,6,1,0,1,7.6,4.5,0,0,8
AIAUS805,Australia,Tin Can Inlet Fish Habitat Area (A),36.3,11,3,0,0,10.8,2.5,0,0,8
AIAUS806,Australia,Maaroom Fish Habitat Area (A),36.3,11,3,0,0,10.8,2.5,0,0,8
AIAUS807,Australia,Kauri Creek Fish Habitat Area (A),36.3,11,3,0,0,10.8,2.5,0,0,8
AIAUS808,Australia,Great Sandy Conservation Park,54.3,26,14,1,1,19.8,4.5,0,0,10
AIAUS809,Australia,Susan River Fish Habitat Area (A),36.3,11,3,0,0,10.8,2.5,0,0,8
AIAUS810,Australia,O'Regan Creek Conservation Park,54.3,26,14,1,1,19.8,4.5,0,0,10
AIAUS811,Australia,Poona National Park,53.6,27,14,1,1,19.1,4.5,0,0,10
AIAUS812,Australia,Great Sandy Island Nature Reserve,60.3,23,20,0,1,29.8,5.5,0,0,7
AIAUS813,Australia,Green Island National Park,55.7,28,15,1,1,19.7,6.0,0,0,10
AIAUS814,Australia,Green Island Nature Reserve,60.4,11,8,1,0,27.4,5.0,0,0,8
AIAUS815,Australia,Green Island Nature Reserve,60.3,23,20,0,1,29.8,5.5,0,0,7
AIAUS816,Australia,Rottnest Island Marine Reserve,55.0,27,11,2,0,17.5,9.5,0,0,8
AIAUS817,Australia,Armstrong-North Point Sanctuary Area,32.2,3,1,0,0,11.7,2.5,0,0,8
AIAUS818,Australia,Green Island Sanctuary Area,31.4,3,1,0,1,13.4,0.0,0,0,8
AIAUS819,Australia,Salmon-Parker Point Sanctuary Area ,31.4,3,1,0,1,13.4,0.0,0,0,8
AIAUS820,Australia,Thomson Bay Sanctuary Area,31.4,3,1,0,1,13.4,0.0,0,0,8
AIAUS821,Australia,West End Sanctuary Area,35.6,4,1,0,0,10.1,2.5,5,0,8
AIAUS821_a,Australia,Rottnest Island Reserve - no spearfishing zone,31.4,3,1,0,1,13.4,0.0,0,0,8
AIAUS827,Australia,Greenly Island Conservation Park,56.8,12,9,0,1,26.2,4.5,0,0,8
AIAUS828,Australia,Greens Beach Conservation Area,60.4,11,8,1,0,27.4,5.0,0,0,8
AIAUS829,Australia,Guichen Bay Conservation Park,54.5,11,8,0,1,25.5,3.0,0,0,8
AIAUS83,Australia,Balban Dara Guya (Leekes Creek) Fish Habitat Area (B),36.3,11,3,0,0,10.8,2.5,0,0,8
AIAUS830,Australia,Gulaga National Park,63.4,22,19,0,2,28.4,7.0,0,0,8
AIAUS831,Australia,Gulf of Carpentaria Australian Marine Park - National Park Zone - North,57.4,12,7,0,3,21.9,7.5,0,0,10
AIAUS832,Australia,Gulf of Carpentaria Australian Marine Park - Special Purpose Zone (Trawl) - North,40.5,12,2,0,6,9.0,11.5,0,0,10
AIAUS833,Australia,Gull Island Conservation Area,60.4,11,8,1,0,27.4,5.0,0,0,8
AIAUS834,Australia,Gull Rock National Park,61.7,23,19,0,1,28.7,7.0,0,0,8
AIAUS837,Australia,Half Moon Creek Fish Habitat Area (B),36.3,11,3,0,0,10.8,2.5,0,0,8
AIAUS838,Australia,Halifax Fish Habitat Area (B),36.3,11,3,0,0,10.8,2.5,0,0,8
AIAUS839,Australia,Halifax Bay Wetlands National Park,8.5,6,0,0,1,2.0,1.5,0,0,5
AIAUS84,Australia,Balban Dara Guya (Leekes Creek) Fish Habitat Area (A),36.3,11,3,0,0,10.8,2.5,0,0,8
AIAUS840,Australia,Hallett Cove Conservation Park,54.5,11,8,0,1,25.5,3.0,0,0,8
AIAUS841,Australia,Hamelin Pool Marine Nature Reserve,31.0,6,1,0,0,8.5,4.5,0,0,8
AIAUS842,Australia,Hamelin Station Reserve,21.6,2,0,1,0,16.6,0.0,0,0,5
AIAUS844,Australia,Harcus Island Conservation Area,60.4,11,8,1,0,27.4,5.0,0,0,8
AIAUS846,Australia,Hat Head National Park,62.3,23,19,0,3,27.3,7.0,0,0,8
AIAUS847,Australia,Hay's Inlet Fish Habitat Area (A),36.3,11,3,0,0,10.8,2.5,0,0,8
AIAUS848,Australia,Hays Inlet 1 Conservation Park,54.3,26,14,1,1,19.8,4.5,0,0,10
AIAUS849,Australia,Heard Island and McDonald Islands Commonwealth Marine Reserve - Sanctuary Zone,53.9,8,6,0,0,24.9,3.0,0,0,8
AIAUS85,Australia,Bald Island Nature Reserve,61.7,24,20,0,1,28.7,7.0,0,0,8
AIAUS852,Australia,Henderson Park Conservation Covenant,8.7,4,0,0,1,2.2,1.5,0,0,5
AIAUS853,Australia,Hinchinbrook Fish Habitat Area (A),36.3,11,3,0,0,10.8,2.5,0,0,8
AIAUS854,Australia,Hinchinbrook Island National Park,8.8,10,0,0,1,2.3,1.5,0,0,5
AIAUS855,Australia,Hinchinbrook Island area Dugong Protection Area (A),29.1,6,1,0,1,7.6,3.5,0,0,8
AIAUS856,Australia,Hippolyte Rocks Marine Conservation Area,60.4,11,8,1,0,27.4,5.0,0,0,8
AIAUS859,Australia,Holts Point Conservation Area,60.4,11,8,1,0,27.4,5.0,0,0,8
AIAUS860,Australia,Hope Island Nature Recreation Area,60.4,11,8,1,0,27.4,5.0,0,0,8
AIAUS861,Australia,Hope Islands National Park,8.4,9,0,0,1,1.9,1.5,0,0,5
AIAUS862,Australia,Howick Group (Cape York Peninsula Aboriginal Land) National Park Aboriginal,8.5,6,0,0,1,2.0,1.5,0,0,5
AIAUS863,Australia,Howie Island Conservation Area,60.4,11,8,1,0,27.4,5.0,0,0,8
AIAUS864,Australia,Hull River National Park,8.5,7,0,0,1,2.0,1.5,0,0,5
AIAUS865,Australia,Hull River Fish Habitat Area (A),36.3,11,3,0,0,10.8,2.5,0,0,8
AIAUS867,Australia,Hunter Australian Marine Park - Habitat Protection Zone - Temperate East,52.2,13,4,0,3,13.7,11.5,0,0,10
AIAUS867_P,Australia,Hunter Australian Marine Park,6.2,2,0,0,0,1.8,1.5,0,0,3
AIAUS868,Australia,Hunter Australian Marine Park - Special Purpose Zone (Trawl) - Temperate East,42.2,13,2,0,6,8.8,11.5,0,0,10
AIAUS869,Australia,Hunter Wetlands National Park,62.3,23,19,0,3,27.3,7.0,0,0,8
AIAUS87,Australia,Ball Bay - Sand Bay Dugong Protection Area (B),43.0,10,1,4,1,16.4,8.5,0,0,8
AIAUS871,Australia,Hunter Island Conservation Area,60.4,11,8,1,0,27.4,5.0,0,0,8
AIAUS872,Australia,Huon Australian Marine Park - Multiple Use Zone - South-east,39.1,9,2,0,1,10.1,9.0,0,0,8
AIAUS872_P,Australia,Huon Australian Marine Park,6.2,2,0,0,0,1.8,1.5,0,0,3
AIAUS873,Australia,Huon Australian Marine Park - Habitat Protection Zone - South-east,44.6,10,3,0,1,12.6,9.0,0,0,8
AIAUS874,Australia,Huon Estuary Marine Conservation Area,60.4,11,8,1,0,27.4,5.0,0,0,8
AIAUS876,Australia,Ile des Phoques Nature Reserve,32.3,3,1,0,0,12.8,1.5,0,0,8
AIAUS877,Australia,Dhilba Guuranda-Innes National Park,56.5,14,9,1,2,25.0,5.5,0,0,8
AIAUS879,Australia,Investigator Marine Park - General Managed Use Zone 1,18.5,17,0,0,0,2.0,9.5,0,0,7
AIAUS879_P,Australia,Investigator Marine Park,6.2,2,0,0,0,1.8,1.5,0,0,3
AIAUS88,Australia,Bandicoot Island Nature Reserve,64.1,25,22,0,1,29.1,7.0,0,0,8
AIAUS880,Australia,Investigator Marine Park - General Managed Use Zone 3,18.5,17,0,0,0,2.0,9.5,0,0,7
AIAUS881,Australia,Investigator Marine Park - General Managed Use Zone 2,18.5,17,0,0,0,2.0,9.5,0,0,7
AIAUS883,Australia,Investigator Marine Park - Sanctuary Zone 1,51.9,11,4,0,0,15.4,9.5,0,0,10
AIAUS884,Australia,Investigator Marine Park - Sanctuary Zone 3,51.9,11,4,0,0,15.4,9.5,0,0,10
AIAUS886,Australia,Investigator Marine Park - Habitat Protection Zone 1,34.1,20,1,0,0,3.6,10.5,0,0,10
AIAUS887,Australia,Investigator Marine Park - Habitat Protection Zone 2,34.1,20,1,0,0,3.6,10.5,0,0,10
AIAUS888,Australia,Investigator Marine Park - Habitat Protection Zone 3,34.1,20,1,0,0,3.6,10.5,0,0,10
AIAUS889,Australia,Investigator Marine Park - Habitat Protection Zone 4,34.1,20,1,0,0,3.6,10.5,0,0,10
AIAUS890,Australia,Investigator Marine Park - Habitat Protection Zone 5,34.1,20,1,0,0,3.6,10.5,0,0,10
AIAUS891,Australia,Investigator Group Wilderness Protection Area,49.7,17,11,0,2,22.2,1.5,0,0,8
AIAUS892,Australia,Investigator Island Nature Reserve,61.7,24,20,0,1,28.7,7.0,0,0,8
AIAUS893,Australia,Iron Pot State Reserve,60.4,11,8,1,0,27.4,5.0,0,0,8
AIAUS894,Australia,Isabella Island Nature Reserve,60.4,11,8,1,0,27.4,5.0,0,0,8
AIAUS895,Australia,Isle of Caves Nature Reserve,60.4,11,8,1,0,27.4,5.0,0,0,8
AIAUS897,Australia,Jagun Nature Reserve,64.1,25,22,0,1,29.1,7.0,0,0,8
AIAUS898,Australia,Jardine River National Park,8.5,7,0,0,1,2.0,1.5,0,0,5
AIAUS899,Australia,Jardine River Resources Reserve,54.3,26,14,1,1,19.8,4.5,0,0,10
AIAUS9,Australia,Heard and McDonald Islands Territorial Sea,8.7,4,0,0,1,2.2,1.5,0,0,5
AIAUS90,Australia,Bangor - Musk Gully Conservation Covenant,8.7,4,0,0,1,2.2,1.5,0,0,5
AIAUS900,Australia,Jawbone Marine Sanctuary,51.7,11,5,0,0,17.2,8.5,0,0,8
AIAUS901,Australia,Jawbone Flora and Fauna Reserve ,65.9,33,30,0,2,30.4,7.5,0,0,8
AIAUS902,Australia,Jervis Australian Marine Park - Special Purpose Zone (Trawl) - Temperate East,42.2,13,2,0,6,8.8,11.5,0,0,10
AIAUS902_P,Australia,Jervis Australian Marine Park,6.2,2,0,0,0,1.8,1.5,0,0,3
AIAUS903,Australia,Jervis Australian Marine Park - Habitat Protection Zone - Temperate East,52.2,13,4,0,3,13.7,11.5,0,0,10
AIAUS904_P,Australia,Jervis Bay Marine Park,5.8,2,0,0,0,1.8,1.0,0,0,3
AIAUS905,Australia,Jervis Bay Marine Park - Jervis Bay Habitat Protection Zone,32.4,14,1,0,0,4.4,10.0,0,0,8
AIAUS906,Australia,Jervis Bay Marine Park - Hyams Beach Habitat Protection Zone,34.4,15,2,0,0,6.4,10.0,0,0,8
AIAUS907,Australia,Jervis Bay Marine Park - The Tubes Seasonal Anchoring Area Habitat Protection Zone,32.3,15,1,0,1,4.3,10.0,0,0,8
AIAUS909,Australia,Jervis Bay Marine Park - Hammer Head/Crookhaven Bight General Use Zone,32.6,13,1,0,0,4.6,10.0,0,0,8
AIAUS910,Australia,Jervis Bay Marine Park - Wreck Bay General Use Zone,32.6,13,1,0,0,4.6,10.0,0,0,8
AIAUS911,Australia,Jervis Bay Marine Park - HMAS Creswell Special Purpose Zone,32.8,12,1,0,0,4.8,10.0,0,0,8
AIAUS912,Australia,Jervis Bay Marine Park - Huskisson Wharf Special Purpose Zone,32.8,12,1,0,0,4.8,10.0,0,0,8
AIAUS914,Australia,Jervis Bay Marine Park - Blacks Cave Creek Sanctuary Zone,28.9,12,1,0,0,5.4,5.5,0,0,8
AIAUS915,Australia,Jervis Bay Marine Park - Red Point Sanctuary Zone,28.9,12,1,0,0,5.4,5.5,0,0,8
AIAUS916,Australia,Jervis Bay Marine Park - Groper Coast Sanctuary Zone,28.9,12,1,0,0,5.4,5.5,0,0,8
AIAUS917,Australia,Jervis Bay Marine Park - Bowen Island Sanctuary Zone,28.9,12,1,0,0,5.4,5.5,0,0,8
AIAUS918,Australia,Jervis Bay Marine Park - Currambene Creek Mudflats Sanctuary Zone,28.9,12,1,0,0,5.4,5.5,0,0,8
AIAUS919,Australia,Jervis Bay Marine Park - Drum and Drum Sticks Sanctuary Zone,28.9,12,1,0,0,5.4,5.5,0,0,8
AIAUS920,Australia,Jervis Bay Marine Park - Hammer Head Sanctuary Zone,28.9,12,1,0,0,5.4,5.5,0,0,8
AIAUS921,Australia,Jervis Bay Marine Park - Hare Bay Sanctuary Zone,28.9,12,1,0,0,5.4,5.5,0,0,8
AIAUS922,Australia,Jervis Bay Marine Park - Huskisson Sanctuary Zone,28.9,12,1,0,0,5.4,5.5,0,0,8
AIAUS923,Australia,Jervis Bay Marine Park - Hyams Beach Sanctuary Zone,28.9,12,1,0,0,5.4,5.5,0,0,8
AIAUS924,Australia,Jervis Bay Marine Park - Moona Moona Creek Sanctuary Zone,28.9,12,1,0,0,5.4,5.5,0,0,8
AIAUS925,Australia,Jervis Bay Marine Park - Point Perpendicular - Crocodile Head Sanctuary Zone,28.9,12,1,0,0,5.4,5.5,0,0,8
AIAUS926,Australia,Jervis Bay Marine Park - Shark Net Beach Sanctuary Zone,28.9,12,1,0,0,5.4,5.5,0,0,8
AIAUS927,Australia,Jervis Bay Marine Park - St Georges Head-Steamers Head Sanctuary Zone,28.9,12,1,0,0,5.4,5.5,0,0,8
AIAUS928,Australia,Jervis Bay Marine Park - The Docks Sanctuary Zone,28.9,12,1,0,0,5.4,5.5,0,0,8
AIAUS929,Australia,Jervis Bay Marine Park - Upper Currambene Creek Sanctuary Zone,28.9,12,1,0,0,5.4,5.5,0,0,8
AIAUS93,Australia,Barker Inlet-St Kilda Aquatic Reserve,29.2,6,1,0,0,6.7,4.5,0,0,8
AIAUS930,Australia,Jervis Bay Marine Park - Wowly Gully Sanctuary Zone,28.9,12,1,0,0,5.4,5.5,0,0,8
AIAUS931,Australia,Jervis Bay National Park,58.8,27,19,0,3,23.8,7.0,0,0,8
AIAUS932,Australia,John Gould Nature Reserve,64.1,25,22,0,1,29.1,7.0,0,0,8
AIAUS933,Australia,Joseph Banks (Round Hill Head) Conservation Park,54.3,26,14,1,1,19.8,4.5,0,0,10
AIAUS935,Australia,Joseph Bonaparte Gulf Australian Marine Park - Multiple Use Zone - North,42.5,12,2,0,6,9.0,11.5,0,0,10
AIAUS935_P,Australia,Joseph Bonaparte Gulf Australian Marine Park,6.2,2,0,0,0,1.8,1.5,0,0,3
AIAUS936,Australia,Joseph Bonaparte Gulf Australian Marine Park - Special Purpose Zone - North,42.5,12,2,0,6,9.0,11.5,0,0,10
AIAUS939,Australia,Julian Rocks Nguthungulli Nature Reserve,64.1,25,22,0,1,29.1,7.0,0,0,8
AIAUS94,Australia,Barnard Island Group National Park,8.4,9,0,0,1,1.9,1.5,0,0,5
AIAUS940,Australia,Jumpinpin-Broadwater Fish Habitat Area (A) ,36.3,11,3,0,0,10.8,2.5,0,0,8
AIAUS941,Australia,Jumpinpin-Broadwater Fish Habitat Area (B),36.3,11,3,0,0,10.8,2.5,0,0,8
AIAUS942,Australia,Jurabi Coastal Park 5(1)(h) Reserve,61.8,23,19,0,2,28.8,7.0,0,0,8
AIAUS943,Australia,Jurien Australian Marine Park - National Park Zone - South-west,56.2,11,6,0,3,20.7,7.5,0,0,10
AIAUS943_P,Australia,Jurien Australian Marine Park,6.2,2,0,0,0,1.8,1.5,0,0,3
AIAUS944,Australia,Jurien Australian Marine Park - Special Purpose Zone - South-west,41.2,10,2,0,4,10.2,9.0,0,0,10
AIAUS945,Australia,Jurien Bay Marine Park ,6.2,2,0,0,0,1.8,1.5,0,0,3
AIAUS946,Australia,Jurien Bay Marine Park - Boullanger Island Special Purpose Zone 3 (Shore-based Activities),36.0,7,2,0,1,12.0,6.0,0,0,8
AIAUS947,Australia,Ronsard Rocks Nature Reserve ,61.7,24,20,0,1,28.7,7.0,0,0,8
AIAUS948,Australia,Jurien Bay Marine Park - Fisherman Islands Special Purpose Zone (Scientific Reference),36.0,7,2,0,1,12.0,6.0,0,0,8
AIAUS949,Australia,Jurien Bay Marine Park - General Use,31.9,4,1,0,0,10.9,3.0,0,0,8
AIAUS95,Australia,Barr Creek Fish Habitat Area (B),36.3,11,3,0,0,10.8,2.5,0,0,8
AIAUS950,Australia,Jurien Bay Marine Park - Hill River Special Purpose Zone (Scientific Reference),36.0,7,2,0,1,12.0,6.0,0,0,8
AIAUS951,Australia,Jurien Bay Marine Park - North Head Special Purpose Zone 1 (Shore-based Activities),36.0,7,2,0,1,12.0,6.0,0,0,8
AIAUS952,Australia,Jurien Bay Marine Park - North Head Special Purpose Zone 2 (Shore-based Activities),36.0,7,2,0,1,12.0,6.0,0,0,8
AIAUS953,Australia,Jurien Bay Marine Park - Nambung Bay Special Purpose Zone 4 (Shore-based Activities),36.0,7,2,0,1,12.0,6.0,0,0,8
AIAUS955,Australia,Jurien Bay Marine Park - Main Special Purpose Zone (Puerulus),31.2,6,1,0,1,8.2,5.0,0,0,8
AIAUS956,Australia,Jurien Bay Marine Park - North Head Sanctuary Zone,28.9,6,1,0,0,7.9,3.0,0,0,8
AIAUS957,Australia,Jurien Bay Marine Park - Cavanagh Reef Sanctuary Zone,28.9,6,1,0,0,7.9,3.0,0,0,8
AIAUS958,Australia,Jurien Bay Marine Park - Booker Rocks Sanctuary Zone,28.9,6,1,0,0,7.9,3.0,0,0,8
AIAUS959,Australia,Jurien Bay Marine Park - Boullanger Island Sanctuary Zone,28.9,6,1,0,0,7.9,3.0,0,0,8
AIAUS96,Australia,Barrenjoey Aquatic Reserve,27.5,6,1,0,1,7.0,2.5,0,0,8
AIAUS961,Australia,Jurien Bay Marine Park - Fisherman Islands Sanctuary Zone,28.9,6,1,0,0,7.9,3.0,0,0,8
AIAUS962,Australia,Jurien Bay Marine Park - Grey Sanctuary Zone,28.9,6,1,0,0,7.9,3.0,0,0,8
AIAUS963,Australia,Jurien Bay Marine Park - Nambung Bay Sanctuary Zone,28.9,6,1,0,0,7.9,3.0,0,0,8
AIAUS964,Australia,Jurien Bay Marine Park - Pumpkin Hollow Sanctuary Zone,28.9,6,1,0,0,7.9,3.0,0,0,8
AIAUS965,Australia,Jurien Bay Marine Park - Target Rock Sanctuary Zone,28.9,6,1,0,0,7.9,3.0,0,0,8
AIAUS966,Australia,Jurien Bay Marine Park - Wedge Island Sanctuary Zone,28.9,6,1,0,0,7.9,3.0,0,0,8
AIAUS968,Australia,Jurien Bay Marine Park - Boullanger Island Special Purpose Zone 3 (Shore-based Activities),36.0,7,2,0,1,12.0,6.0,0,0,8
AIAUS969,Australia,Jurien Bay Marine Park - Emu Rocks Special Purpose Zone (Aquaculture),31.9,4,1,0,0,10.9,3.0,0,0,8
AIAUS97,Australia,Barrow Island Nature Reserve,61.7,24,20,0,1,28.7,7.0,0,0,8
AIAUS970,Australia,Jurien Bay Marine Park - Hill River Special Purpose Zone (Aquaculture),31.9,4,1,0,0,10.9,3.0,0,0,8
AIAUS971,Australia,Jurien Bay Marine Park - Seaward Ledge Special Purpose Zone (Aquaculture),31.9,4,1,0,0,10.9,3.0,0,0,8
AIAUS972,Australia,Jurien Bay Marine Park - Special Purpose Zone (Puerulus)    - Minor Special Purpose Zone (Puerulus),31.2,6,1,0,1,8.2,5.0,0,0,8
AIAUS973,Australia,Jurien Bay Marine Park - Green Islands Special Purpose Zone (Scientific Reference),36.0,7,2,0,1,12.0,6.0,0,0,8
AIAUS974,Australia,Kakadu National Park (Commonwealth),51.0,30,8,3,6,13.5,7.5,0,0,10
AIAUS977,Australia,Kalbarri National Park,61.7,23,19,0,1,28.7,7.0,0,0,8
AIAUS978,Australia,Kalbarri Blue Holes Fish Habitat Protection Area,36.8,5,2,0,0,15.8,3.0,0,0,8
AIAUS98,Australia,Barrow Island Marine Park - Western Barrow Island Sanctuary Zone,37.5,6,2,0,0,14.0,5.5,0,0,8
AIAUS980,Australia,Kamay Botany Bay National Park,63.5,23,19,1,2,28.5,7.0,0,0,8
AIAUS981,Australia,Kangaroo Island Conservation Area,60.4,11,8,1,0,27.4,5.0,0,0,8
AIAUS983,Australia,Karuah Nature Reserve,64.1,25,22,0,1,29.1,7.0,0,0,8
AIAUS984,Australia,Karuah National Park,63.4,22,19,0,2,28.4,7.0,0,0,8
AIAUS985,Australia,Kattang Nature Reserve,64.1,25,22,0,1,29.1,7.0,0,0,8
AIAUS986,Australia,Keanes Point Reserve,61.8,23,19,0,2,28.8,7.0,0,0,8
AIAUS988,Australia,Kellidie Bay Conservation Park,54.5,11,8,0,1,25.5,3.0,0,0,8
AIAUS989,Australia,Kelvedon Beach Conservation Area,60.4,11,8,1,0,27.4,5.0,0,0,8
AIAUS99,Australia,Barrow Island Marine Management Area,32.8,10,1,0,0,5.8,9.0,0,0,8
AIAUS990,Australia,Kent Group National Park,60.4,11,8,1,0,27.4,5.0,0,0,8
AIAUS992,Australia,Kent Group Marine Reserve Habitat Protection Zone,37.0,5,2,0,0,15.0,4.0,0,0,8
AIAUS994,Australia,Keppel Bay Islands National Park,8.5,8,0,0,1,2.0,1.5,0,0,5
AIAUS995,Australia,Keppel Bay Islands National Park (Scientific),54.8,29,15,1,1,18.8,6.0,0,0,10
AIAUS996,Australia,Khappinghat Nature Reserve,64.1,25,22,0,1,29.1,7.0,0,0,8
AIAUS999,Australia,Killora Road #2 Conservation Covenant,8.7,4,0,0,1,2.2,1.5,0,0,5
AIAUSEEZ,Australia,Australia EEZ,8.6,5,0,0,1,2.1,1.5,0,0,5
AICAN1,Canada,Anguniaqvia niqiqyuam Marine Protected Area - Zone 1,29.8,7,1,0,5,7.8,4.0,0,0,8
AICAN10,Canada,Gilbert Bay Marine Protected Area - Zone 1A,24.4,8,1,0,0,5.9,1.5,0,0,7
AICAN100,Canada,Rockfish Conservation Area 14 - Lasqueti Island South,33.4,5,1,0,0,8.4,7.0,0,0,8
AICAN101,Canada,Rockfish Conservation Area 15 - Pendrell Sound,33.4,5,1,0,0,8.4,7.0,0,0,8
AICAN102,Canada,Rockfish Conservation Area 15 - Teakerne Arm,33.4,5,1,0,0,8.4,7.0,0,0,8
AICAN103,Canada,Rockfish Conservation Area 15 - Desolation Sound,33.4,5,1,0,0,8.4,7.0,0,0,8
AICAN104,Canada,Rockfish Conservation Area 15 - Copeland Islands,33.4,5,1,0,0,8.4,7.0,0,0,8
AICAN105,Canada,Rockfish Conservation Area 15 - Dinner Rock,33.4,5,1,0,0,8.4,7.0,0,0,8
AICAN106,Canada,Rockfish Conservation Area 16 - Queens Reach East,33.4,5,1,0,0,8.4,7.0,0,0,8
AICAN107,Canada,Rockfish Conservation Area 16 - Princess Louisa Inlet,33.4,5,1,0,0,8.4,7.0,0,0,8
AICAN108,Canada,Rockfish Conservation Area 16 - Queens Reach West,33.4,5,1,0,0,8.4,7.0,0,0,8
AICAN109,Canada,Rockfish Conservation Area 16 - Hotham Sound,33.4,5,1,0,0,8.4,7.0,0,0,8
AICAN11,Canada,Gilbert Bay Marine Protected Area - Zone 1B,24.4,8,1,0,0,5.9,1.5,0,0,7
AICAN110,Canada,Rockfish Conservation Area 16 - Sinclair Bank,33.4,5,1,0,0,8.4,7.0,0,0,8
AICAN111,Canada,Rockfish Conservation Area 16 - Hardy Island & Nelson Island,33.4,5,1,0,0,8.4,7.0,0,0,8
AICAN112,Canada,Rockfish Conservation Area 16 - Skookumchuck Narrows,33.4,5,1,0,0,8.4,7.0,0,0,8
AICAN113,Canada,Rockfish Conservation Area 16 - Salmon Inlet,33.4,5,1,0,0,8.4,7.0,0,0,8
AICAN114,Canada,Rockfish Conservation Area 16 - Davie Bay,33.4,5,1,0,0,8.4,7.0,0,0,8
AICAN115,Canada,Rockfish Conservation Area 16 - Malaspina Strait,33.4,5,1,0,0,8.4,7.0,0,0,8
AICAN116,Canada,Rockfish Conservation Area 16 - McNaughton Point,33.4,5,1,0,0,8.4,7.0,0,0,8
AICAN117,Canada,Rockfish Conservation Area 16 - Thormanby Island,33.4,5,1,0,0,8.4,7.0,0,0,8
AICAN118,Canada,Rockfish Conservation Area 16 - Sabine Channel - Jervis - Jedediah Islands,33.4,5,1,0,0,8.4,7.0,0,0,8
AICAN119,Canada,Rockfish Conservation Area 17 - Lasqueti South - Young Point,33.4,5,1,0,0,8.4,7.0,0,0,8
AICAN12,Canada,Gilbert Bay Marine Protected Area - Zone 2,23.9,9,1,0,0,5.4,1.5,0,0,7
AICAN120,Canada,Rockfish Conservation Area 17 - Ballenas Island,33.4,5,1,0,0,8.4,7.0,0,0,8
AICAN121,Canada,Rockfish Conservation Area 17 - Nanoose - Schooner Cove,33.4,5,1,0,0,8.4,7.0,0,0,8
AICAN122,Canada,Rockfish Conservation Area 17 - Departure Bay,33.4,5,1,0,0,8.4,7.0,0,0,8
AICAN123,Canada,Rockfish Conservation Area 17 - Northumberland Channel,33.4,5,1,0,0,8.4,7.0,0,0,8
AICAN124,Canada,Rockfish Conservation Area 17 - De Courcy Island North & Reynolds Point,33.4,5,1,0,0,8.4,7.0,0,0,8
AICAN125,Canada,Rockfish Conservation Area 17 - Gabriola Passage,33.4,5,1,0,0,8.4,7.0,0,0,8
AICAN126,Canada,Rockfish Conservation Area 17 - Danger Reefs,33.4,5,1,0,0,8.4,7.0,0,0,8
AICAN127,Canada,Rockfish Conservation Area 17 - Ruxton - Pylades Islands,33.4,5,1,0,0,8.4,7.0,0,0,8
AICAN128,Canada,Rockfish Conservation Area 17 - Coffin Point,33.4,5,1,0,0,8.4,7.0,0,0,8
AICAN129,Canada,Rockfish Conservation Area 17 - Thetis - Kuper Islands,33.4,5,1,0,0,8.4,7.0,0,0,8
AICAN13,Canada,Gilbert Bay Marine Protected Area - Zone 3,23.9,9,1,0,0,5.4,1.5,0,0,7
AICAN130,Canada,Rockfish Conservation Area 17 - Saltspring Island North,33.4,5,1,0,0,8.4,7.0,0,0,8
AICAN131,Canada,Rockfish Conservation Area 17 - Trincomali Channel,33.4,5,1,0,0,8.4,7.0,0,0,8
AICAN132,Canada,Rockfish Conservation Areas 18 and 29 - Mayne Island North,33.4,5,1,0,0,8.4,7.0,0,0,8
AICAN133,Canada,Rockfish Conservation Area 18 - Prevost Island North,33.4,5,1,0,0,8.4,7.0,0,0,8
AICAN134,Canada,Rockfish Conservation Area 18 - Navy Channel,33.4,5,1,0,0,8.4,7.0,0,0,8
AICAN135,Canada,Rockfish Conservation Area 18 - Bell Chain Islets,33.4,5,1,0,0,8.4,7.0,0,0,8
AICAN136,Canada,Rockfish Conservation Area 18 - Maple Bay & Burgoyne Bay,33.4,5,1,0,0,8.4,7.0,0,0,8
AICAN137,Canada,Rockfish Conservation Area 18 - Russell Island,33.4,5,1,0,0,8.4,7.0,0,0,8
AICAN138,Canada,Rockfish Conservation Area 18 - Portland Island,33.4,5,1,0,0,8.4,7.0,0,0,8
AICAN139,Canada,Rockfish Conservation Area 18 - Bedwell Harbour,33.4,5,1,0,0,8.4,7.0,0,0,8
AICAN14,Canada,Gully Marine Protected Area - Zone 1,27.1,4,1,0,0,10.1,0.0,0,0,7
AICAN140,Canada,Rockfish Conservation Area 18 - South Saturna,33.4,5,1,0,0,8.4,7.0,0,0,8
AICAN141,Canada,Rockfish Conservation Area 18 - Patey Rock,33.4,5,1,0,0,8.4,7.0,0,0,8
AICAN142,Canada,Rockfish Conservation Area 18 - Coal Island,33.4,5,1,0,0,8.4,7.0,0,0,8
AICAN143,Canada,"Rockfish Conservation Area 19 - Brethour, Domville, Forrest, Gooch Islands",33.4,5,1,0,0,8.4,7.0,0,0,8
AICAN144,Canada,Rockfish Conservation Area 19 - Brentwood Bay,33.4,5,1,0,0,8.4,7.0,0,0,8
AICAN145,Canada,Rockfish Conservation Area 19 - Mid Finlayson Arm,33.4,5,1,0,0,8.4,7.0,0,0,8
AICAN146,Canada,Rockfish Conservation Area 19 - D'Arcy Island to Beaumont Shoal,33.4,5,1,0,0,8.4,7.0,0,0,8
AICAN147,Canada,Rockfish Conservation Area 19 - Duntze Head (Royal Roads),33.4,5,1,0,0,8.4,7.0,0,0,8
AICAN148,Canada,Rockfish Conservation Area 19 - Trial Island,33.4,5,1,0,0,8.4,7.0,0,0,8
AICAN149,Canada,Rockfish Conservation Area 19 - Discovery - Chatham Islands,33.4,5,1,0,0,8.4,7.0,0,0,8
AICAN15,Canada,Gully Marine Protected Area - Zone 2,27.2,5,1,0,1,8.8,1.5,0,0,7
AICAN150,Canada,Rockfish Conservation Areas 19 and 20 - Bentinck Island & Race Rocks,33.4,5,1,0,0,8.4,7.0,0,0,8
AICAN151,Canada,Rockfish Conservation Area 20 - Becher Bay East,33.4,5,1,0,0,8.4,7.0,0,0,8
AICAN152,Canada,Rockfish Conservation Area 20 - Sooke Bay,33.4,5,1,0,0,8.4,7.0,0,0,8
AICAN153,Canada,Rockfish Conservation Area 28 - Domett Point,33.4,5,1,0,0,8.4,7.0,0,0,8
AICAN154,Canada,Rockfish Conservation Area 28 - Woolridge Island,33.4,5,1,0,0,8.4,7.0,0,0,8
AICAN155,Canada,Rockfish Conservation Area 28 - Pam Rock,33.4,5,1,0,0,8.4,7.0,0,0,8
AICAN156,Canada,Rockfish Conservation Area 28 - Mariners Rest,33.4,5,1,0,0,8.4,7.0,0,0,8
AICAN157,Canada,Rockfish Conservation Area 28 - West Bay & Upper Centre Bay,33.4,5,1,0,0,8.4,7.0,0,0,8
AICAN158,Canada,Rockfish Conservation Area 28 - Lions Bay,33.4,5,1,0,0,8.4,7.0,0,0,8
AICAN159,Canada,Rockfish Conservation Area 28 - Bowyer Island,33.4,5,1,0,0,8.4,7.0,0,0,8
AICAN16,Canada,Gully Marine Protected Area - Zone 3 East,29.0,4,1,0,1,10.5,1.5,0,0,7
AICAN160,Canada,Rockfish Conservation Area 28 - Pasley Island,33.4,5,1,0,0,8.4,7.0,0,0,8
AICAN161,Canada,Rockfish Conservation Area 28 - Passage Island & West Vancouver,33.4,5,1,0,0,8.4,7.0,0,0,8
AICAN162,Canada,Rockfish Conservation Area 28 - Eastern Burrard Inlet,33.4,5,1,0,0,8.4,7.0,0,0,8
AICAN163,Canada,Rockfish Conservation Area 28 - Indian Arm - Twin Islands,33.4,5,1,0,0,8.4,7.0,0,0,8
AICAN164,Canada,Rockfish Conservation Area 28 - Indian Arm - Croker Island,33.4,5,1,0,0,8.4,7.0,0,0,8
AICAN165,Canada,Rockfish Conservation Area 29 - McCall Bank,33.4,5,1,0,0,8.4,7.0,0,0,8
AICAN166,Canada,Rockfish Conservation Area 29 - Halibut Bank,33.4,5,1,0,0,8.4,7.0,0,0,8
AICAN167,Canada,Rockfish Conservation Area 29 - Valdes Island East,33.4,5,1,0,0,8.4,7.0,0,0,8
AICAN168,Canada,Rockfish Conservation Area 29 - Galiano Island North,33.4,5,1,0,0,8.4,7.0,0,0,8
AICAN169,Canada,Rockfish Conservation Area 11 - Storm Islands,33.4,5,1,0,0,8.4,7.0,0,0,8
AICAN17,Canada,Gully Marine Protected Area - Zone 3 West,29.0,4,1,0,1,10.5,1.5,0,0,7
AICAN170,Canada,Rockfish Conservation Areas 111 and 127 - Scott Islands,33.4,5,1,0,0,8.4,7.0,0,0,8
AICAN171,Canada,Rockfish Conservation Areas 27 and 127 - Topknot,33.4,5,1,0,0,8.4,7.0,0,0,8
AICAN172,Canada,Rockfish Conservation Area 27 - Holberg Inlet,33.4,5,1,0,0,8.4,7.0,0,0,8
AICAN173,Canada,Rockfish Conservation Area 27 - Brooks Bay,33.4,5,1,0,0,8.4,7.0,0,0,8
AICAN174,Canada,Rockfish Conservation Area 26 - Checleset Bay,33.4,5,1,0,0,8.4,7.0,0,0,8
AICAN175,Canada,Rockfish Conservation Area 125 - West of Bajo Reef,33.4,5,1,0,0,8.4,7.0,0,0,8
AICAN176,Canada,Rockfish Conservation Area 24 - Estevan Point,33.4,5,1,0,0,8.4,7.0,0,0,8
AICAN177,Canada,Rockfish Conservation Area 24 - Bedwell Sound,33.4,5,1,0,0,8.4,7.0,0,0,8
AICAN178,Canada,Rockfish Conservation Area 24 - Saranac Island,33.4,5,1,0,0,8.4,7.0,0,0,8
AICAN179,Canada,Rockfish Conservation Area 24 - Vargas Island to Dunlap Island,33.4,5,1,0,0,8.4,7.0,0,0,8
AICAN18,Canada,Hecate Strait and Queen Charlotte Sound Glass Sponge Reefs Marine Protected Areas - Adaptive Management Zone,29.2,7,1,0,1,5.8,5.5,0,0,8
AICAN180,Canada,Rockfish Conservation Area 23 - Broken Islands Group,33.4,5,1,0,0,8.4,7.0,0,0,8
AICAN181,Canada,Rockfish Conservation Area 23 - Folger Passage,33.4,5,1,0,0,8.4,7.0,0,0,8
AICAN182,Canada,Rockfish Conservation Areas 21 and 121 - Pachena Point,33.4,5,1,0,0,8.4,7.0,0,0,8
AICAN183,Canada,Rockfish Conservation Areas 20-21 - Dare Point & Carmanah,33.4,5,1,0,0,8.4,7.0,0,0,8
AICAN184,Canada,Tarium Niryutait Marine Protected Area - Okeevik,27.9,8,1,0,0,5.9,4.0,0,0,8
AICAN185,Canada,Tarium Niryutait Marine Protected Area - Niaqunnaq,27.9,8,1,0,0,5.9,4.0,0,0,8
AICAN186,Canada,Tarium Niryutait Marine Protected Area - Kitigaryuit,27.9,8,1,0,0,5.9,4.0,0,0,8
AICAN187,Canada,Bay of Islands Salmon Migration Closure,25.2,6,1,0,1,8.2,0.0,0,0,7
AICAN188,Canada,Beaugé Bank Sponge Conservation Area,30.6,5,1,0,0,9.1,2.5,0,0,7
AICAN189,Canada,Central Gulf of St. Lawrence Coral Conservation Area,30.6,5,1,0,0,9.1,2.5,0,0,7
AICAN19,Canada,Hecate Strait and Queen Charlotte Sound Glass Sponge Reefs Marine Protected Areas - Core Protection Zone,29.2,7,1,0,1,5.8,5.5,0,0,8
AICAN190,Canada,Corsair and Georges Canyons Conservation Area (Restricted Bottom Fisheries Zone),29.4,4,1,0,0,10.9,1.5,0,0,7
AICAN191,Canada,Davis Strait Conservation Area,29.4,4,1,0,0,10.9,1.5,0,0,7
AICAN192,Canada,Disko Fan Conservation Area (portion closed to all bottom-contact fishing),29.4,4,1,0,0,10.9,1.5,0,0,7
AICAN193,Canada,Division 3O Coral closure,27.6,5,1,0,0,9.1,1.5,0,0,7
AICAN194,Canada,East of Anticosti Island Sponge Conservation Area,30.6,5,1,0,0,9.1,2.5,0,0,7
AICAN195,Canada,Eastern Gulf of St. Lawrence Coral Conservation Area,30.6,5,1,0,0,9.1,2.5,0,0,7
AICAN196,Canada,Eastern Honguedo Strait Coral and Sponge Conservation Area,30.6,5,1,0,0,9.1,2.5,0,0,7
AICAN198,Canada,Funk Island Deep Closure,31.1,5,1,0,0,9.1,3.0,0,0,7
AICAN199,Canada,Hatton Basin Conservation Area,29.4,4,1,0,0,10.9,1.5,0,0,7
AICAN2,Canada,Anguniaqvia niqiqyuam Marine Protected Area - Zone 2,29.8,7,1,0,5,7.8,4.0,0,0,8
AICAN20,Canada,Musquash Estuary Marine Protected Area - Zone 1,26.0,7,1,0,0,6.5,2.5,0,0,7
AICAN200,Canada,Hawke Channel Closure,9.4,5,0,0,0,2.4,3.0,0,0,4
AICAN201,Canada,Hopedale Saddle Closure,27.6,5,1,0,0,9.1,1.5,0,0,7
AICAN202,Canada,Jacques-Cartier Strait Sponge Conservation Area,30.6,5,1,0,0,9.1,2.5,0,0,7
AICAN203,Canada,Jordan Basin Conservation Area,29.4,4,1,0,0,10.9,1.5,0,0,7
AICAN204,Canada,"Les Demoiselles nursery (Plaisance Bay), Magdalen Islands Closure",29.1,5,1,0,0,9.1,3.0,0,0,7
AICAN205,Canada,Lobster Area Closure (Gander Bay),27.6,5,1,0,0,9.1,1.5,0,0,7
AICAN206,Canada,Lobster Area Closure (Trout River),27.6,5,1,0,0,9.1,1.5,0,0,7
AICAN207,Canada,Lobster Area Closure (Shoal Point),27.6,5,1,0,0,9.1,1.5,0,0,7
AICAN208,Canada,Lobster Area Closure (Penguin Islands),27.6,5,1,0,0,9.1,1.5,0,0,7
AICAN209,Canada,Lobster Area Closure (Gooseberry Island),27.6,5,1,0,0,9.1,1.5,0,0,7
AICAN21,Canada,Musquash Estuary Marine Protected Area - Zone 2A,27.4,11,1,0,1,4.9,5.5,0,0,7
AICAN210,Canada,Lobster Area Closure (Glovers Harbour),27.6,5,1,0,0,9.1,1.5,0,0,7
AICAN211,Canada,Lobster Area Closure (Mouse Island),27.6,5,1,0,0,9.1,1.5,0,0,7
AICAN213,Canada,Magdalen Islands Lagoons Closures (6 Overlapping Closures),28.8,8,1,0,0,6.3,5.5,0,0,7
AICAN214,Canada,Miramichi Bay Closure,27.9,4,1,0,0,10.9,0.0,0,0,7
AICAN215,Canada,North of Bennett Bank Coral Conservation Area,30.6,5,1,0,0,9.1,2.5,0,0,7
AICAN216,Canada,Northeast Channel Coral Conservation Area (Restricted Bottom Fisheries Zone),29.4,4,1,0,0,10.9,1.5,0,0,7
AICAN217,Canada,Northeast Newfoundland Slope Closure,27.6,5,1,0,0,9.1,1.5,0,0,7
AICAN218,Canada,Offshore Pacific Seamounts and Vents Closure,36.4,4,1,0,0,10.9,5.5,0,0,8
AICAN219,Canada,Parent Bank Sponge Conservation Area,30.6,5,1,0,0,9.1,2.5,0,0,7
AICAN22,Canada,Musquash Estuary Marine Protected Area - Zone 2B,26.9,9,1,0,0,5.4,4.5,0,0,7
AICAN220,Canada,Saguenay Fjord Upstream Closure,28.9,4,1,0,0,10.9,1.0,0,0,7
AICAN222,Canada,Scallop Buffer Zone (SFA 21),27.9,4,1,0,0,10.9,0.0,0,0,7
AICAN223,Canada,Scallop Buffer Zone (SFA 22),35.2,5,2,0,0,15.8,2.5,0,0,7
AICAN224,Canada,Scallop Buffer Zone (SFA 24),8.1,4,0,0,0,2.6,1.5,0,0,4
AICAN225,Canada,Slope of Magdalen Shallows Coral Conservation Area,30.6,5,1,0,0,9.1,2.5,0,0,7
AICAN226,Canada,South-East of Anticosti Island Sponge Conservation Area,30.6,5,1,0,0,9.1,2.5,0,0,7
AICAN227,Canada,Strait of Georgia and Howe Sound Glass Sponge Reef Closure (East Hornby Island),10.7,5,0,0,0,3.1,2.5,0,0,5
AICAN228,Canada,Strait of Georgia and Howe Sound Glass Sponge Reef Closure (Foreslope Hill),10.7,5,0,0,0,3.1,2.5,0,0,5
AICAN229,Canada,Strait of Georgia and Howe Sound Glass Sponge Reef Closure (Gabriola Island),10.7,5,0,0,0,3.1,2.5,0,0,5
AICAN23,Canada,Musquash Estuary Marine Protected Area - Zone 3,26.9,9,1,0,0,5.4,4.5,0,0,7
AICAN230,Canada,Strait of Georgia and Howe Sound Glass Sponge Reef Closure (Halibut Bank),10.7,5,0,0,0,3.1,2.5,0,0,5
AICAN231,Canada,Strait of Georgia and Howe Sound Glass Sponge Reef Closure (Defence Islands),10.7,5,0,0,0,3.1,2.5,0,0,5
AICAN232,Canada,Strait of Georgia and Howe Sound Glass Sponge Reef Closure (Queen Charlotte Channel),10.7,5,0,0,0,3.1,2.5,0,0,5
AICAN233,Canada,Strait of Georgia and Howe Sound Glass Sponge Reef Closure (Outer Gulf Islands),10.7,5,0,0,0,3.1,2.5,0,0,5
AICAN234,Canada,Strait of Georgia and Howe Sound Glass Sponge Reef Closure (Parksville),10.7,5,0,0,0,3.1,2.5,0,0,5
AICAN235,Canada,Strait of Georgia and Howe Sound Glass Sponge Reef Closure (Sechelt),10.7,5,0,0,0,3.1,2.5,0,0,5
AICAN236,Canada,Western Honguedo Strait Coral Conservation Area,30.6,5,1,0,0,9.1,2.5,0,0,7
AICAN237,Canada,Western/Emerald Banks Conservation Area (Restricted Fisheries Zone),27.9,4,1,0,0,10.9,0.0,0,0,7
AICAN239,Canada,Pangnirtung Beluga Restricted Area,33.9,3,1,0,1,13.4,2.5,0,0,8
AICAN24,Canada,St. Anns Bank Marine Protected Area - Zone 1,28.3,5,1,0,0,9.8,1.5,0,0,7
AICAN240,Canada,Iqaluit Beluga Restricted Area,33.9,3,1,0,1,13.4,2.5,0,0,8
AICAN241,Canada,Lake Harbour Beluga Restricted Area,33.9,3,1,0,1,13.4,2.5,0,0,8
AICAN242,Canada,Ungava Bay Beluga Restricted Area,33.9,3,1,0,1,13.4,2.5,0,0,8
AICAN243,Canada,Mucalic Estuary Beluga Restricted Area,33.9,3,1,0,1,13.4,2.5,0,0,8
AICAN244,Canada,Eastern Hudson Bay Beluga Restricted Area,33.9,3,1,0,1,13.4,2.5,0,0,8
AICAN245,Canada,Nastapoka Estuary Beluga Restricted Area,33.9,3,1,0,1,13.4,2.5,0,0,8
AICAN246,Canada,Beaufort Sea Bowhead Whale Restricted Area,33.9,3,1,0,1,13.4,2.5,0,0,8
AICAN25,Canada,St. Anns Bank Marine Protected Area - Zone 2,33.8,5,1,0,0,9.8,7.0,0,0,7
AICAN254,Canada,Fathom Five National Marine Park,6.9,3,0,0,0,2.9,0.0,0,0,4
AICAN255,Canada,Saguenay-St. Lawrence Marine Park,49.9,25,6,1,2,10.4,7.5,0,4,8
AICAN256,Canada,Lake Superior National Marine Conservation Area,3.8,2,0,0,0,1.8,0.0,0,0,2
AICAN257,Canada,Gwaii Haanas National Marine Conservation Area Reserve & Haida Heritage Site,8.6,4,0,0,0,2.6,1.0,0,0,5
AICAN258,Canada,Gulf Islands National Park Reserve Of Canada,64.4,24,16,2,0,24.9,9.5,0,0,10
AICAN259,Canada,Pacific Rim National Park Reserve Of Canada,7.2,2,0,0,0,1.8,2.5,0,0,3
AICAN26,Canada,St. Anns Bank Marine Protected Area - Zone 3,31.3,5,1,0,0,9.8,4.5,0,0,7
AICAN260,Canada,Wapusk National Park Of Canada,63.4,24,16,2,0,24.9,9.5,0,0,9
AICAN261,Canada,Kouchibouguac National Park Of Canada,63.4,24,16,2,0,24.9,9.5,0,0,9
AICAN262,Canada,Pingo Canadian Landmark,46.2,7,3,1,0,20.2,3.0,0,0,8
AICAN263,Canada,Aulavik National Park Of Canada,67.7,26,16,2,0,23.2,9.5,5,0,10
AICAN264,Canada,Kejimkujik National Park And National Historic Site Of Canada,48.5,7,4,1,0,24.0,1.5,0,0,8
AICAN265,Canada,Quttinirpaaq National Park Of Canada,29.1,9,2,0,0,9.1,3.0,0,0,7
AICAN266,Canada,Qausuittuq National Park Of Canada,30.1,8,2,0,0,10.1,3.0,0,0,7
AICAN267,Canada,Sirmilik National Park Of Canada,35.8,11,3,0,0,10.8,3.0,0,0,7
AICAN268,Canada,Auyuittuq National Park Of Canada,62.5,25,16,2,0,24.0,9.5,0,0,9
AICAN269,Canada,Ukkusiksalik National Park Of Canada,63.6,24,17,1,0,25.1,9.5,0,0,9
AICAN27,Canada,St. Anns Bank Marine Protected Area- Zone 4,31.3,5,1,0,0,9.8,4.5,0,0,7
AICAN270,Canada,Forillon National Park Of Canada,64.4,24,16,2,0,24.9,9.5,0,0,10
AICAN271,Canada,Ivvavik National Park Of Canada,67.7,26,16,2,0,23.2,9.5,5,0,10
AICAN272,Canada,Gros Morne National Park Of Canada,62.5,25,16,2,0,24.0,9.5,0,0,9
AICAN274,Canada,Torngat Mountains National Park Of Canada,62.5,25,16,2,0,24.0,9.5,0,0,9
AICAN275,Canada,Terra Nova National Park Of Canada,62.5,25,16,2,0,24.0,9.5,0,0,9
AICAN276,Canada,Point Pelee National Park Of Canada,67.4,22,17,2,0,27.9,9.5,0,0,10
AICAN277,Canada,Thousand Islands National Park Of Canada,63.5,25,16,2,0,24.0,9.5,0,0,10
AICAN278,Canada,Pukaskwa National Park Of Canada,10.8,4,0,0,0,1.8,4.0,0,0,5
AICAN279,Canada,Bruce Peninsula National Park Of Canada,10.8,7,0,0,0,1.8,4.0,0,0,5
AICAN280,Canada,Georgian Bay Islands National Park Of Canada,63.5,25,16,2,0,24.0,9.5,0,0,10
AICAN283,Canada,Alaksen National Wildlife Area,27.1,20,2,1,2,6.6,2.5,0,0,8
AICAN284,Canada,Qualicum National Wildlife Area,27.1,20,2,1,2,6.6,2.5,0,0,8
AICAN286,Canada,Cape Jourimain National Wildlife Area,23.9,26,2,0,1,4.4,2.5,0,0,7
AICAN287,Canada,Portage Island National Wildlife Area,25.1,20,2,1,2,6.6,1.5,0,0,7
AICAN288,Canada,Portobello Creek National Wildlife Area,25.1,20,2,1,2,6.6,1.5,0,0,7
AICAN289,Canada,Shepody National Wildlife Area,25.1,20,2,1,2,6.6,1.5,0,0,7
AICAN290,Canada,Boot Island National Wildlife Area,24.2,23,2,0,1,4.7,2.5,0,0,7
AICAN291,Canada,John Lusby Marsh National Wildlife Area,23.9,26,2,0,1,4.4,2.5,0,0,7
AICAN293,Canada,Sea Wolf Island National Wildlife Area,25.1,20,2,1,2,6.6,1.5,0,0,7
AICAN294,Canada,Wallace Bay National Wildlife Area,23.9,26,2,0,1,4.4,2.5,0,0,7
AICAN295,Canada,Akpait National Wildlife Area,25.1,20,2,1,2,6.6,1.5,0,0,7
AICAN296,Canada,Ninginganiq National Wildlife Area,25.1,20,2,1,2,6.6,1.5,0,0,7
AICAN297,Canada,Nirjutiqarvik National Wildlife Area,25.1,20,2,1,2,6.6,1.5,0,0,7
AICAN298,Canada,Nanuit Itillinga National Wildlife Area,24.8,22,2,1,2,6.3,1.5,0,0,7
AICAN299,Canada,Qaqulluit National Wildlife Area,25.1,20,2,1,2,6.6,1.5,0,0,7
AICAN3,Canada,Basin Head Marine Protected Area - Zone 1,34.3,3,1,0,0,12.8,4.5,0,0,7
AICAN30,Canada,Rockfish Conservation Area 1 - Frederick Island,33.4,5,1,0,0,8.4,7.0,0,0,8
AICAN300,Canada,Big Creek National Wildlife Area,25.1,20,2,1,2,6.6,1.5,0,0,7
AICAN301,Canada,Eleanor Island National Wildlife Area,25.1,20,2,1,2,6.6,1.5,0,0,7
AICAN302,Canada,Long Point National Wildlife Area,25.1,20,2,1,2,6.6,1.5,0,0,7
AICAN303,Canada,Mohawk Island National Wildlife Area,25.1,20,2,1,2,6.6,1.5,0,0,7
AICAN304,Canada,Prince Edward Point National Wildlife Area,25.1,20,2,1,2,6.6,1.5,0,0,7
AICAN305,Canada,Scotch Bonnet Island National Wildlife Area,25.1,20,2,1,2,6.6,1.5,0,0,7
AICAN306,Canada,St. Clair National Wildlife Area,25.1,20,2,1,2,6.6,1.5,0,0,7
AICAN307,Canada,Wellers Bay National Wildlife Area,25.1,20,2,1,2,6.6,1.5,0,0,7
AICAN308,Canada,Baie de L’Isle-Verte National Wildlife Area,26.1,20,2,1,2,6.6,1.5,0,0,8
AICAN309,Canada,Cap Tourmente National Wildlife Area,26.1,20,2,1,2,6.6,1.5,0,0,8
AICAN31,Canada,Rockfish Conservation Area 2 - Lyell Island,33.4,5,1,0,0,8.4,7.0,0,0,8
AICAN310,Canada,Îles de Contrecoeur National Wildlife Area,26.1,20,2,1,2,6.6,1.5,0,0,8
AICAN311,Canada,Îles de la Paix National Wildlife Area,26.1,20,2,1,2,6.6,1.5,0,0,8
AICAN312,Canada,Îles de l'Estuaire National Wildlife Area,26.1,20,2,1,2,6.6,1.5,0,0,8
AICAN313,Canada,Lake Saint-François National Wildlife Area,26.1,20,2,1,2,6.6,1.5,0,0,8
AICAN314,Canada,Pointe-au-Père National Wildlife Area,26.1,20,2,1,2,6.6,1.5,0,0,8
AICAN315,Canada,Pointe de l'Est National Wildlife Area,26.1,20,2,1,2,6.6,1.5,0,0,8
AICAN316,Canada,Banc-des-Américains Marine Protected Area - Zone 1,41.2,4,2,0,0,19.2,4.0,0,0,8
AICAN317,Canada,Banc-des-Américains Marine Protected Area - Zone 2A,41.1,4,2,0,1,17.1,6.0,0,0,8
AICAN318,Canada,Banc-des-Américains Marine Protected Area - Zone 2B,41.1,4,2,0,1,17.1,6.0,0,0,8
AICAN319,Canada,Laurentian Channel Marine Protected Area - Zone 1A,25.8,10,1,0,2,5.8,3.0,0,0,7
AICAN32,Canada,Rockfish Conservation Area 2 - South Moresby,33.4,5,1,0,0,8.4,7.0,0,0,8
AICAN320,Canada,Laurentian Channel Marine Protected Area - Zone 1B,25.8,10,1,0,2,5.8,3.0,0,0,7
AICAN321,Canada,Laurentian Channel Marine Protected Area - Zone 2A,25.8,10,1,0,2,5.8,3.0,0,0,7
AICAN322,Canada,Laurentian Channel Marine Protected Area - Zone 2B,25.8,10,1,0,2,5.8,3.0,0,0,7
AICAN323,Canada,Tuvaijuittuq Marine Protected Area,30.1,5,1,0,2,9.1,4.0,0,0,7
AICAN324,Canada,Scott Islands Marine National Wildlife Area,35.1,5,1,0,0,9.1,8.0,0,0,8
AICAN325,Canada,Anguniaqvia niqiqyuam Marine Protected Area,6.8,3,0,0,0,1.8,0.0,0,0,5
AICAN326,Canada,Basin Head Marine Protected Area,5.8,3,0,0,0,1.8,0.0,0,0,4
AICAN327,Canada,Gilbert Bay Marine Protected Area,5.8,4,0,0,0,1.8,0.0,0,0,4
AICAN328,Canada,Gully Marine Protected Area,5.8,3,0,0,0,1.8,0.0,0,0,4
AICAN329,Canada,Hecate Strait and Queen Charlotte Sound Glass Sponge Reefs Marine Protected Areas,7.8,3,0,0,0,1.8,1.0,0,0,5
AICAN33,Canada,Rockfish Conservation Area 4 - Dunira,33.4,5,1,0,0,8.4,7.0,0,0,8
AICAN330,Canada,Musquash Estuary Marine Protected Area,5.8,3,0,0,0,1.8,0.0,0,0,4
AICAN331,Canada,St. Anns Bank Marine Protected Area,5.8,3,0,0,0,1.8,0.0,0,0,4
AICAN332,Canada,Tarium Niryutait Marine Protected Area,6.8,3,0,0,0,1.8,0.0,0,0,5
AICAN333,Canada,Banc-des-Américains Marine Protected Area ,34.7,8,2,0,3,10.7,6.0,0,0,8
AICAN334,Canada,Laurentian Channel Marine Protected Area ,26.0,9,1,0,1,6.0,3.0,0,0,7
AICAN339,Canada,Strait of Georgia and Howe Sound Glass Sponge Reef Closure (East Defence Islands),29.9,4,1,0,1,11.4,1.5,0,0,7
AICAN34,Canada,Rockfish Conservation Area 4 - Hodgson Reefs,33.4,5,1,0,0,8.4,7.0,0,0,8
AICAN340,Canada,Strait of Georgia and Howe Sound Glass Sponge Reef Closure (Lost Reef),29.9,4,1,0,1,11.4,1.5,0,0,7
AICAN341,Canada,Strait of Georgia and Howe Sound Glass Sponge Reef Closure (Dorman Point),29.9,4,1,0,1,11.4,1.5,0,0,7
AICAN342,Canada,Strait of Georgia and Howe Sound Glass Sponge Reef Closure (Bowyer Island),29.9,4,1,0,1,11.4,1.5,0,0,7
AICAN343,Canada,Strait of Georgia and Howe Sound Glass Sponge Reef Closure (Anvil Island),29.9,4,1,0,1,11.4,1.5,0,0,7
AICAN344,Canada,Strait of Georgia and Howe Sound Glass Sponge Reef Closure (Halkett Point),29.9,4,1,0,1,11.4,1.5,0,0,7
AICAN345,Canada,Strait of Georgia and Howe Sound Glass Sponge Reef Closure (Brunswick Point),29.9,4,1,0,1,11.4,1.5,0,0,7
AICAN346,Canada,Strait of Georgia and Howe Sound Glass Sponge Reef Closure (Lions Bay and Kelvin Grove),29.9,4,1,0,1,11.4,1.5,0,0,7
AICAN347,Canada,Gwaii Haanas National Marine Conservation Area Reserve and Haida Heritage Site - Didxwahxyangs (Darwin Sound),27.8,12,1,0,0,4.8,6.0,0,0,7
AICAN348,Canada,Gwaii Haanas National Marine Conservation Area Reserve and Haida Heritage Site - Gandaawuu.ngaay Xyangs sda Tllga Kun Gwaay.yaay (Juan Perez Sound to Lyell Island),27.8,12,1,0,0,4.8,6.0,0,0,7
AICAN349,Canada,Gwaii Haanas National Marine Conservation Area Reserve and Haida Heritage Site - Gangxid Tllgaay (South Kunghit Island),27.8,12,1,0,0,4.8,6.0,0,0,7
AICAN35,Canada,Rockfish Conservation Area 4 - Gull Rocks North and Gull Rocks South,33.4,5,1,0,0,8.4,7.0,0,0,8
AICAN350,Canada,Gwaii Haanas National Marine Conservation Area Reserve and Haida Heritage Site - Gangxid Xyuu Kun sda Kan ‘Láas Kun (Lyman Point to Receiver Point),27.8,12,1,0,0,4.8,6.0,0,0,7
AICAN351,Canada,Gwaii Haanas National Marine Conservation Area Reserve and Haida Heritage Site - GawGajaang (Louscoone Inlet),27.8,12,1,0,0,4.8,6.0,0,0,7
AICAN352,Canada,Gwaii Haanas National Marine Conservation Area Reserve and Haida Heritage Site - GawGan (Huston Inlet),27.8,12,1,0,0,4.8,6.0,0,0,7
AICAN353,Canada,Gwaii Haanas National Marine Conservation Area Reserve and Haida Heritage Site - Gid Gwaa GyaaGa GawGa (Poole Inlet),27.8,12,1,0,0,4.8,6.0,0,0,7
AICAN354,Canada,Gwaii Haanas National Marine Conservation Area Reserve and Haida Heritage Site - K’insiGid (Rose Inlet),27.8,12,1,0,0,4.8,6.0,0,0,7
AICAN355,Canada,Gwaii Haanas National Marine Conservation Area Reserve and Haida Heritage Site - Kayjuu Kun (Benjamin Point),27.8,12,1,0,0,4.8,6.0,0,0,7
AICAN356,Canada,Gwaii Haanas National Marine Conservation Area Reserve and Haida Heritage Site - Kun Skuujii sda GawGaay.ya (Kwoon Cove to Gowgaia Bay),27.8,12,1,0,0,4.8,6.0,0,0,7
AICAN357,Canada,Gwaii Haanas National Marine Conservation Area Reserve and Haida Heritage Site - Kuuniisii Xaw GawGa sda Gaaduu Gwaay (Matheson Inlet to Huxley Island),27.8,12,1,0,0,4.8,6.0,0,0,7
AICAN358,Canada,Gwaii Haanas National Marine Conservation Area Reserve and Haida Heritage Site - SGang Gwaay (Wailing Island),27.8,12,1,0,0,4.8,6.0,0,0,7
AICAN359,Canada,Gwaii Haanas National Marine Conservation Area Reserve and Haida Heritage Site - St’aa K’ii GawGa (Flamingo Inlet),27.8,12,1,0,0,4.8,6.0,0,0,7
AICAN36,Canada,Rockfish Conservation Area 4 - Stephens Island,33.4,5,1,0,0,8.4,7.0,0,0,8
AICAN360,Canada,Gwaii Haanas National Marine Conservation Area Reserve and Haida Heritage Site - T’aanuu K’aadxwah Xyangs sda Gwaay Xaa’ans (Klue Passage to Lost Islands),27.8,12,1,0,0,4.8,6.0,0,0,7
AICAN361,Canada,Gwaii Haanas National Marine Conservation Area Reserve and Haida Heritage Site - Tang.Gwan Giisda Kaadlljuu (Coming Out of the Ocean First),27.8,12,1,0,0,4.8,6.0,0,0,7
AICAN362,Canada,Gwaii Haanas National Marine Conservation Area Reserve and Haida Heritage Site - Garcin Rocks,27.8,12,1,0,0,4.8,6.0,0,0,7
AICAN363,Canada,Gwaii Haanas National Marine Conservation Area Reserve and Haida Heritage Site - Kerouard Isl.,27.8,12,1,0,0,4.8,6.0,0,0,7
AICAN364,Canada,Gwaii Haanas National Marine Conservation Area Reserve and Haida Heritage Site - Multiple Use Zone 1,28.1,11,1,0,0,5.1,6.0,0,0,7
AICAN365,Canada,Gwaii Haanas National Marine Conservation Area Reserve and Haida Heritage Site - Multiple Use Zone 2,28.1,11,1,0,0,5.1,6.0,0,0,7
AICAN366,Canada,Gwaii Haanas National Marine Conservation Area Reserve and Haida Heritage Site - Multiple Use Zone 3,28.1,11,1,0,0,5.1,6.0,0,0,7
AICAN367,Canada,Gwaii Haanas National Marine Conservation Area Reserve and Haida Heritage Site - Multiple Use Zone 4,28.1,11,1,0,0,5.1,6.0,0,0,7
AICAN368,Canada,Gwaii Haanas National Marine Conservation Area Reserve and Haida Heritage Site - Multiple Use Zone 5,28.1,11,1,0,0,5.1,6.0,0,0,7
AICAN369,Canada,Gwaii Haanas National Marine Conservation Area Reserve and Haida Heritage Site - Multiple Use Zone 6,28.1,11,1,0,0,5.1,6.0,0,0,7
AICAN37,Canada,"Rockfish Conservation Areas 4, 5, and 104 - Porcher Peninsula",33.4,5,1,0,0,8.4,7.0,0,0,8
AICAN370,Canada,Gwaii Haanas National Marine Conservation Area Reserve and Haida Heritage Site - Multiple Use Zone 7,28.1,11,1,0,0,5.1,6.0,0,0,7
AICAN371,Canada,Gwaii Haanas National Marine Conservation Area Reserve and Haida Heritage Site - Multiple Use Zone 8,28.1,11,1,0,0,5.1,6.0,0,0,7
AICAN372,Canada,Gwaii Haanas National Marine Conservation Area Reserve and Haida Heritage Site - Multiple Use Zone 9,28.1,11,1,0,0,5.1,6.0,0,0,7
AICAN373,Canada,Gwaii Haanas National Marine Conservation Area Reserve and Haida Heritage Site - Multiple Use Zone 10,28.1,11,1,0,0,5.1,6.0,0,0,7
AICAN374,Canada,Gwaii Haanas National Marine Conservation Area Reserve and Haida Heritage Site - Multiple Use Zone 11,28.1,11,1,0,0,5.1,6.0,0,0,7
AICAN375,Canada,Tallurutiup Imanga National Marine Conservation Area,31.3,3,1,0,0,12.8,1.5,0,0,7
AICAN377,Canada,Wrecks of HMS Erebus and HMS Terror National Historic Site,31.4,2,1,0,0,14.9,1.5,0,0,5
AICAN379,Canada,Hecate Strait and Queen Charlotte Sound Glass Sponge Reefs Marine Protected Areas - Vertical Adaptive Management Zone,29.2,7,1,0,1,5.8,5.5,0,0,8
AICAN38,Canada,Rockfish Conservation Area 5 - Goschen,33.4,5,1,0,0,8.4,7.0,0,0,8
AICAN380,Canada,Southern Resident Killer Whale Fishery Closure - Subarea 18-2,7.0,1,0,0,1,3.5,1.5,0,0,2
AICAN381,Canada,Southern Resident Killer Whale Fishery Closure - Subarea 18-4,7.0,1,0,0,1,3.5,1.5,0,0,2
AICAN382,Canada,Southern Resident Killer Whale Fishery Closure - Subarea 18-5,7.0,1,0,0,1,3.5,1.5,0,0,2
AICAN383,Canada,Southern Resident Killer Whale Fishery Closure - Subarea 18-9,7.0,1,0,0,1,3.5,1.5,0,0,2
AICAN384,Canada,Southern Resident Killer Whale Fishery Closure - Subarea 20-1,3.8,1,0,0,0,1.8,0.0,0,0,2
AICAN385,Canada,Southern Resident Killer Whale Fishery Closure - Subarea 20-5,3.8,1,0,0,0,1.8,0.0,0,0,2
AICAN386,Canada,Southern Resident Killer Whale Fishery Closure - Subarea 29-3,3.8,1,0,0,0,1.8,0.0,0,0,2
AICAN387,Canada,Southern Resident Killer Whale Fishery Closure - Subarea 121-1,3.8,1,0,0,0,1.8,0.0,0,0,2
AICAN388,Canada,Southern Resident Killer Whale Fishery Closure - Subarea 121-2,3.8,1,0,0,0,1.8,0.0,0,0,2
AICAN389,Canada,Southern Resident Killer Whale Fishery Closure - Subarea 21-0,3.8,1,0,0,0,1.8,0.0,0,0,2
AICAN39,Canada,Rockfish Conservation Areas 5 and 105 - West Banks Island,33.4,5,1,0,0,8.4,7.0,0,0,8
AICAN390,Canada,Pender Island Interim Sanctuary Zone ,8.0,2,0,0,0,3.5,2.5,0,0,2
AICAN391,Canada,Saturna Island Interim Sanctuary Zone,8.0,2,0,0,0,3.5,2.5,0,0,2
AICAN392,Canada,Esquimalt Lagoon Migratory Bird Sanctuary,49.1,8,6,0,0,24.1,0.0,0,0,7
AICAN393,Canada,George C. Reifel Migratory Bird Sanctuary,49.1,8,6,0,0,24.1,0.0,0,0,7
AICAN394,Canada,Shoal Harbour Migratory Bird Sanctuary,49.1,8,6,0,0,24.1,0.0,0,0,7
AICAN395,Canada,Victoria Harbour Migratory Bird Sanctuary,49.1,8,6,0,0,24.1,0.0,0,0,7
AICAN396,Canada,Baie des Loups Migratory Bird Sanctuary,49.1,8,6,0,0,24.1,0.0,0,0,7
AICAN397,Canada,Betchouane Migratory Bird Sanctuary,49.1,8,6,0,0,24.1,0.0,0,0,7
AICAN398,Canada,Rochers aux Oiseaux Migratory Bird Sanctuary,49.1,8,6,0,0,24.1,0.0,0,0,7
AICAN399,Canada,Boatswain Bay Migratory Bird Sanctuary,49.1,8,6,0,0,24.1,0.0,0,0,7
AICAN4,Canada,Basin Head Marine Protected Area - Zone 2,10.8,6,0,0,0,1.8,5.0,0,0,4
AICAN40,Canada,Rockfish Conservation Area 105 - North Danger Rocks,33.4,5,1,0,0,8.4,7.0,0,0,8
AICAN400,Canada,Bonaventure Island and Percé Rock Migratory Bird Sanctuary,49.1,8,6,0,0,24.1,0.0,0,0,7
AICAN401,Canada,Baie de Brador Migratory Bird Sanctuary,49.1,8,6,0,0,24.1,0.0,0,0,7
AICAN402,Canada,Cap-Saint-Ignace Migratory Bird Sanctuary,49.1,8,6,0,0,24.1,0.0,0,0,7
AICAN403,Canada,Île du Corossol Migratory Bird Sanctuary,49.1,8,6,0,0,24.1,0.0,0,0,7
AICAN404,Canada,Gros-Mécatina Migratory Bird Sanctuary,49.1,8,6,0,0,24.1,0.0,0,0,7
AICAN405,Canada,Île à la Brume Migratory Bird Sanctuary,49.1,8,6,0,0,24.1,0.0,0,0,7
AICAN406,Canada,Île aux Basques Migratory Bird Sanctuary,49.1,8,6,0,0,24.1,0.0,0,0,7
AICAN407,Canada,Sainte-Marie Islands Migratory Bird Sanctuary,49.1,8,6,0,0,24.1,0.0,0,0,7
AICAN408,Canada,L'Isle-Verte Migratory Bird Sanctuary,49.1,8,6,0,0,24.1,0.0,0,0,7
AICAN409,Canada,L’Islet Migratory Bird Sanctuary,49.1,8,6,0,0,24.1,0.0,0,0,7
AICAN41,Canada,Rockfish Conservation Areas 6 and 106 - Otter Passage,33.4,5,1,0,0,8.4,7.0,0,0,8
AICAN410,Canada,Montmagny Migratory Bird Sanctuary,49.1,8,6,0,0,24.1,0.0,0,0,7
AICAN411,Canada,Saint-Augustin Migratory Bird Sanctuary,49.1,8,6,0,0,24.1,0.0,0,0,7
AICAN412,Canada,Saint-Omer Migratory Bird Sanctuary,49.1,8,6,0,0,24.1,0.0,0,0,7
AICAN413,Canada,Saint-Vallier Migratory Bird Sanctuary,49.1,8,6,0,0,24.1,0.0,0,0,7
AICAN414,Canada,Trois-Saumons Migratory Bird Sanctuary,49.1,8,6,0,0,24.1,0.0,0,0,7
AICAN415,Canada,Watshishou Migratory Bird Sanctuary,49.1,8,6,0,0,24.1,0.0,0,0,7
AICAN416,Canada,Hannah Bay Bird Sanctuary,49.1,8,6,0,0,24.1,0.0,0,0,7
AICAN417,Canada,Moose River Migratory Bird Sanctuary,49.1,8,6,0,0,24.1,0.0,0,0,7
AICAN418,Canada,St. Joseph's Island Migratory Bird Sanctuary,53.2,8,7,0,0,28.2,0.0,0,0,7
AICAN419,Canada,Grand Manan Migratory Bird Sanctuary,49.1,8,6,0,0,24.1,0.0,0,0,7
AICAN42,Canada,Rockfish Conservation Areas 106 - West Aristazabal Island,33.4,5,1,0,0,8.4,7.0,0,0,8
AICAN420,Canada,Machias Seal Migratory Island Bird Sanctuary,49.1,8,6,0,0,24.1,0.0,0,0,7
AICAN421,Canada,Big Glace Bay Lake Migratory Bird Sanctuary,49.1,8,6,0,0,24.1,0.0,0,0,7
AICAN422,Canada,Port Hebert Migratory Bird Sanctuary,49.1,8,6,0,0,24.1,0.0,0,0,7
AICAN423,Canada,Port Joli Migratory Bird Sanctuary,49.1,8,6,0,0,24.1,0.0,0,0,7
AICAN424,Canada,Sable River Migratory Bird Sanctuary,49.1,8,6,0,0,24.1,0.0,0,0,7
AICAN425,Canada,Île aux Canes Migratory Bird Sanctuary,49.1,8,6,0,0,24.1,0.0,0,0,7
AICAN426,Canada,Shepherd Island Migratory Bird Sanctuary,49.1,8,6,0,0,24.1,0.0,0,0,7
AICAN427,Canada,Terra Nova Migratory Bird Sanctuary,49.1,8,6,0,0,24.1,0.0,0,0,7
AICAN428,Canada,Anderson River Delta Migratory Bird Sanctuary,49.1,8,6,0,0,24.1,0.0,0,0,7
AICAN429,Canada,Banks Island Migratory Bird Sanctuary No. 1,49.1,8,6,0,0,24.1,0.0,0,0,7
AICAN43,Canada,Rockfish Conservation Area 6 - Kitasu Bay,33.4,5,1,0,0,8.4,7.0,0,0,8
AICAN430,Canada,Banks Island Migratory Bird Sanctuary No. 2,49.1,8,6,0,0,24.1,0.0,0,0,7
AICAN431,Canada,Cape Parry Migratory Bird Sanctuary,49.1,8,6,0,0,24.1,0.0,0,0,7
AICAN432,Canada,Kendall Island Migratory Bird Sanctuary,49.1,8,6,0,0,24.1,0.0,0,0,7
AICAN433,Canada,Akimiski Island Migratory Bird Sanctuary,49.1,8,6,0,0,24.1,0.0,0,0,7
AICAN434,Canada,Bylot Island Migratory Bird Sanctuary,49.1,8,6,0,0,24.1,0.0,0,0,7
AICAN435,Canada,Dewey Soper Migratory Bird Sanctuary,49.1,8,6,0,0,24.1,0.0,0,0,7
AICAN436,Canada,Qaqsauqtuuq Migratory Bird Sanctuary,49.1,8,6,0,0,24.1,0.0,0,0,7
AICAN437,Canada,Ikattuaq Migratory Bird Sanctuary,49.1,8,6,0,0,24.1,0.0,0,0,7
AICAN438,Canada,McConnell River Migratory Bird Sanctuary,49.1,8,6,0,0,24.1,0.0,0,0,7
AICAN439,Canada,Prince Leopold Island Migratory Bird Sanctuary,49.1,8,6,0,0,24.1,0.0,0,0,7
AICAN44,Canada,Rockfish Conservation Area 7 - McMullin Group and Goose Island,33.4,5,1,0,0,8.4,7.0,0,0,8
AICAN440,Canada,Ahiak Migratory Bird Sanctuary,49.1,8,6,0,0,24.1,0.0,0,0,7
AICAN441,Canada,Seymour Island Migratory Bird Sanctuary,49.1,8,6,0,0,24.1,0.0,0,0,7
AICAN442,Canada,Long Point National Wildlife Area - Long Point Unit,25.1,20,2,1,2,6.6,1.5,0,0,7
AICAN443,Canada,Long Point National Wildlife Area - Thoroughfare Unit,25.1,20,2,1,2,6.6,1.5,0,0,7
AICAN444,Canada,St. Clair National Wildlife Area - Bear Creek Unit,25.1,20,2,1,2,6.6,1.5,0,0,7
AICAN445,Canada,St. Clair National Wildlife Area - St. Clair Unit,25.1,20,2,1,2,6.6,1.5,0,0,7
AICAN446,Canada,Nanoose Bay Unit - Qualicum National Wildlife Area,27.1,20,2,1,2,6.6,2.5,0,0,8
AICAN45,Canada,Rockfish Conservation Areas 8 and 108 - West Calvert,33.4,5,1,0,0,8.4,7.0,0,0,8
AICAN46,Canada,Rockfish Conservation Area 9 - Fish Egg Inlet,33.4,5,1,0,0,8.4,7.0,0,0,8
AICAN47,Canada,Rockfish Conservation Area 10 - Smith Sound,33.4,5,1,0,0,8.4,7.0,0,0,8
AICAN48,Canada,Rockfish Conservation Area 12 - Bate - Shadwell Passage,33.4,5,1,0,0,8.4,7.0,0,0,8
AICAN49,Canada,Rockfish Conservation Area 12 - Goletas Channel,33.4,5,1,0,0,8.4,7.0,0,0,8
AICAN5,Canada,Basin Head Marine Protected Area - Zone 3,9.6,6,0,0,1,2.6,3.0,0,0,4
AICAN50,Canada,Rockfish Conservation Area 12 - Browning Passage - Hunt Rock,33.4,5,1,0,0,8.4,7.0,0,0,8
AICAN51,Canada,Rockfish Conservation Area 12 - Bolivar Passage,33.4,5,1,0,0,8.4,7.0,0,0,8
AICAN52,Canada,Rockfish Conservation Area 12 - Shelter Bay,33.4,5,1,0,0,8.4,7.0,0,0,8
AICAN53,Canada,Rockfish Conservation Area 12 - Browning Islands to Raynor Group,33.4,5,1,0,0,8.4,7.0,0,0,8
AICAN54,Canada,Rockfish Conservation Area 12 - Drury Inlet - Muirhead Islands,33.4,5,1,0,0,8.4,7.0,0,0,8
AICAN55,Canada,Rockfish Conservation Area 12 - Hardy Bay - Five Fathom Rock,33.4,5,1,0,0,8.4,7.0,0,0,8
AICAN56,Canada,Rockfish Conservation Area 12 - Numas Islands,33.4,5,1,0,0,8.4,7.0,0,0,8
AICAN57,Canada,Rockfish Conservation Area 12 - Susquash,33.4,5,1,0,0,8.4,7.0,0,0,8
AICAN58,Canada,Rockfish Conservation Area 12 - Haddington Passage,33.4,5,1,0,0,8.4,7.0,0,0,8
AICAN59,Canada,Rockfish Conservation Area 12 - Burley Bay - Nepah Lagoon,33.4,5,1,0,0,8.4,7.0,0,0,8
AICAN6,Canada,SGaan Kinghlas-Bowie Seamount Marine Protected Area,27.9,9,1,0,0,5.4,4.5,0,0,8
AICAN60,Canada,Rockfish Conservation Area 12 - Mackenzie - Nimmo,33.4,5,1,0,0,8.4,7.0,0,0,8
AICAN61,Canada,Rockfish Conservation Area 12 - Wakeman Sound,33.4,5,1,0,0,8.4,7.0,0,0,8
AICAN62,Canada,Rockfish Conservation Area 12 - Dickson - Polkinghorne Islands,33.4,5,1,0,0,8.4,7.0,0,0,8
AICAN63,Canada,Rockfish Conservation Area 12 - Nowell Channel,33.4,5,1,0,0,8.4,7.0,0,0,8
AICAN64,Canada,Rockfish Conservation Area 12 - Greenway Sound,33.4,5,1,0,0,8.4,7.0,0,0,8
AICAN65,Canada,Rockfish Conservation Area 12 - Belleisle Sound,33.4,5,1,0,0,8.4,7.0,0,0,8
AICAN66,Canada,Rockfish Conservation Area 12 - Kwatsi Bay,33.4,5,1,0,0,8.4,7.0,0,0,8
AICAN67,Canada,Rockfish Conservation Area 12 - Bond Sound,33.4,5,1,0,0,8.4,7.0,0,0,8
AICAN68,Canada,Rockfish Conservation Area 12 - Thompson Sound,33.4,5,1,0,0,8.4,7.0,0,0,8
AICAN69,Canada,Rockfish Conservation Area 12 - Salmon Channel,33.4,5,1,0,0,8.4,7.0,0,0,8
AICAN7,Canada,Eastport – Duck Island Marine Protected Area,28.3,5,1,0,0,9.8,1.5,0,0,7
AICAN70,Canada,Rockfish Conservation Area 12 - Weynton Passage,33.4,5,1,0,0,8.4,7.0,0,0,8
AICAN71,Canada,Rockfish Conservation Area 12 - Eden - Bonwick - Midsummer - Swanson Islands,33.4,5,1,0,0,8.4,7.0,0,0,8
AICAN72,Canada,Rockfish Conservation Area 12 - Port Elizabeth,33.4,5,1,0,0,8.4,7.0,0,0,8
AICAN73,Canada,Rockfish Conservation Area 12 - Lower Clio Channel,33.4,5,1,0,0,8.4,7.0,0,0,8
AICAN74,Canada,Rockfish Conservation Area 12 - Viscount Island,33.4,5,1,0,0,8.4,7.0,0,0,8
AICAN75,Canada,Rockfish Conservation Area 12 - Havannah Channel,33.4,5,1,0,0,8.4,7.0,0,0,8
AICAN76,Canada,Rockfish Conservation Area 12 - Upper Call Inlet,33.4,5,1,0,0,8.4,7.0,0,0,8
AICAN77,Canada,Rockfish Conservation Area 12 - Cracroft Point South – Sophia Islands,33.4,5,1,0,0,8.4,7.0,0,0,8
AICAN78,Canada,Rockfish Conservation Area 12 - West Cracroft Island – Boat Bay,33.4,5,1,0,0,8.4,7.0,0,0,8
AICAN79,Canada,Rockfish Conservation Area 13 - Wellborne,33.4,5,1,0,0,8.4,7.0,0,0,8
AICAN8,Canada,Eastport – Round Island Marine Protected Area,28.3,5,1,0,0,9.8,1.5,0,0,7
AICAN80,Canada,Rockfish Conservation Area 13 - Forward Harbour,33.4,5,1,0,0,8.4,7.0,0,0,8
AICAN81,Canada,Rockfish Conservation Area 13 - Loughborough Inlet,33.4,5,1,0,0,8.4,7.0,0,0,8
AICAN82,Canada,Rockfish Conservation Area 13 - Bute Inlet North,33.4,5,1,0,0,8.4,7.0,0,0,8
AICAN83,Canada,Rockfish Conservation Area 13 - Chancellor Channel West,33.4,5,1,0,0,8.4,7.0,0,0,8
AICAN84,Canada,Rockfish Conservation Area 13 - Chancellor Channel East,33.4,5,1,0,0,8.4,7.0,0,0,8
AICAN85,Canada,Rockfish Conservation Area 13 - Walkem Islands to Hemming Bay,33.4,5,1,0,0,8.4,7.0,0,0,8
AICAN86,Canada,Rockfish Conservation Area 13 - Thurston Bay,33.4,5,1,0,0,8.4,7.0,0,0,8
AICAN87,Canada,Rockfish Conservation Area 13 - Kanish Bay,33.4,5,1,0,0,8.4,7.0,0,0,8
AICAN88,Canada,Rockfish Conservation Area 13 - Octopus Islands to Hoskyn Channel,33.4,5,1,0,0,8.4,7.0,0,0,8
AICAN89,Canada,Rockfish Conservation Area 13 - Read - Cortes Islands,33.4,5,1,0,0,8.4,7.0,0,0,8
AICAN9,Canada,Endeavour Hydrothermal Vents Marine Protected Area,46.8,6,4,0,0,22.7,1.0,0,0,8
AICAN90,Canada,Rockfish Conservation Area 13 - Deepwater Bay,33.4,5,1,0,0,8.4,7.0,0,0,8
AICAN91,Canada,Rockfish Conservation Area 13 - Menzies Bay & Maud Island,33.4,5,1,0,0,8.4,7.0,0,0,8
AICAN92,Canada,Rockfish Conservation Area 13 - Heriot Bay,33.4,5,1,0,0,8.4,7.0,0,0,8
AICAN93,Canada,Rockfish Conservation Area 14 - Mitlenatch Island,33.4,5,1,0,0,8.4,7.0,0,0,8
AICAN94,Canada,Rockfish Conservation Area 14 - Oyster Bay,33.4,5,1,0,0,8.4,7.0,0,0,8
AICAN95,Canada,Rockfish Conservation Area 14 - Ajax-Achilles Bank,33.4,5,1,0,0,8.4,7.0,0,0,8
AICAN96,Canada,Rockfish Conservation Area 14 - Baynes Sound – Ship Point,33.4,5,1,0,0,8.4,7.0,0,0,8
AICAN97,Canada,Rockfish Conservation Area 14 - Savoie Rocks - Maude Reef,33.4,5,1,0,0,8.4,7.0,0,0,8
AICAN98,Canada,Rockfish Conservation Area 14 - Chrome Island,33.4,5,1,0,0,8.4,7.0,0,0,8
AICAN99,Canada,Rockfish Conservation Area 14 - Sisters Islets,33.4,5,1,0,0,8.4,7.0,0,0,8
AICANBC1,Canada,Apodaca Park,28.7,9,2,0,3,8.2,2.5,0,0,8
AICANBC10,Canada,Roberts Bank Wildlife Management Area,19.5,6,0,1,1,7.0,4.5,0,0,8
AICANBC100,Canada,Sue Channel Park,39.0,13,3,2,2,13.5,2.5,0,0,8
AICANBC101,Canada,Sulphur Passage Park,38.5,14,3,2,3,13.0,2.5,0,0,8
AICANBC102,Canada,Surge Narrows Park,36.0,18,3,2,5,10.5,2.5,0,0,8
AICANBC103,Canada,Sydney Inlet Park,37.0,16,3,2,4,11.5,2.5,0,0,8
AICANBC104,Canada,Tahsish-Kwois Park,40.1,17,4,3,4,14.6,2.5,0,0,8
AICANBC106,Canada,Teakerne Arm Park,37.8,19,3,2,2,9.8,5.0,0,0,8
AICANBC107,Canada,Thurston Bay Marine Park,34.6,17,3,1,3,9.1,2.5,0,0,8
AICANBC108,Canada,Tribune Bay Park,30.5,11,2,1,3,10.0,2.5,0,0,8
AICANBC109,Canada,Union Passage Marine Park,30.6,13,2,1,2,8.6,4.0,0,0,8
AICANBC110,Canada,Vargas Island Park,36.6,20,4,2,3,11.1,2.5,0,0,8
AICANBC111,Canada,Wakes Cove Park,31.0,12,2,1,2,9.5,3.5,0,0,8
AICANBC112,Canada,Wallace Island Marine Park,33.7,18,2,1,4,6.7,7.0,0,0,10
AICANBC113,Canada,Walsh Cove Park,37.5,14,3,1,2,10.5,4.0,0,0,8
AICANBC114,Canada,Weewanie Hot Springs Park,28.7,11,2,0,2,7.2,3.5,0,0,8
AICANBC115,Canada,Whaleboat Island Marine Park,29.8,12,2,1,3,9.3,2.5,0,0,8
AICANBC116,Canada,Anne Vallee (Triangle Island) Ecological Reserve,8.3,3,0,0,1,2.3,1.0,0,0,5
AICANBC117,Canada,Baeria Rocks Ecological Reserve,8.3,3,0,0,1,2.3,1.0,0,0,5
AICANBC118,Canada,Beresford Island Ecological Reserve,8.3,3,0,0,1,2.3,1.0,0,0,5
AICANBC119,Canada,Byers/Conroy/Harvey/Sinnett Islands Ecological Reserve,34.8,3,1,0,0,12.8,4.0,0,0,8
AICANBC12,Canada,Skwelwil'Em Squamish Estuary,18.8,7,0,1,1,6.2,4.5,0,0,8
AICANBC120,Canada,Checleset Bay Ecological Reserve,34.8,3,1,0,0,12.8,4.0,0,0,8
AICANBC121,Canada,Dewdney and Glide Islands Ecological Reserve,5.8,2,0,0,0,1.8,1.0,0,0,3
AICANBC122,Canada,Duke Of Edinburgh (Pine/Storm/Tree Islets) Ecological Reserve,21.2,3,0,1,1,12.2,1.0,0,0,8
AICANBC123,Canada,Francis Point Ecological Reserve,21.2,3,0,1,1,12.2,1.0,0,0,8
AICANBC124,Canada,Hudson Rocks Ecological Reserve,39.9,4,1,1,1,17.9,4.0,0,0,8
AICANBC125,Canada,Klaskish River Ecological Reserve,35.4,3,1,0,1,13.4,4.0,0,0,8
AICANBC126,Canada,Moore / Mckenny / Whitmore Islands Ecological Reserve,5.8,2,0,0,0,1.8,1.0,0,0,3
AICANBC127,Canada,Oak Bay Islands Ecological Reserve,8.3,3,0,0,1,2.3,1.0,0,0,5
AICANBC128,Canada,Race Rocks Ecological Reserve,21.2,3,0,1,1,12.2,1.0,0,0,8
AICANBC129,Canada,Robson Bight (Michael Bigg) Ecological Reserve,36.9,4,1,1,1,17.9,1.0,0,0,8
AICANBC13,Canada,South Arm Marshes Wildlife Management Area,10.1,4,0,0,0,2.6,2.5,0,0,5
AICANBC130,Canada,San Juan River Estuary Ecological Reserve,39.3,4,2,0,1,18.8,2.5,0,0,8
AICANBC131,Canada,Sartine Island Ecological Reserve,29.5,4,1,0,1,10.5,1.0,0,0,8
AICANBC132,Canada,Satellite Channel Ecological Reserve,35.4,3,1,0,1,13.4,4.0,0,0,8
AICANBC133,Canada,Tahsish River Ecological Reserve,35.4,3,1,0,1,13.4,4.0,0,0,8
AICANBC134,Canada,Ten Mile Point Ecological Reserve,35.4,3,1,0,1,13.4,4.0,0,0,8
AICANBC135,Canada,Tow Hill Ecological Reserve,35.4,3,1,0,1,13.4,4.0,0,0,8
AICANBC136,Canada,Vladimir J. Krajina (Port Chanal) Ecological Reserve,35.4,3,1,0,1,13.4,4.0,0,0,8
AICANBC137,Canada,Alty Conservancy,30.4,5,1,0,0,8.4,4.0,0,0,8
AICANBC138,Canada,Banks Nii Luutiksm Conservancy,44.8,7,3,1,2,17.8,4.0,0,0,8
AICANBC139,Canada,Bella Coola Estuary Conservancy,44.8,7,3,1,2,17.8,4.0,0,0,8
AICANBC14,Canada,Sturgeon Bank Wildlife Management Area,19.5,6,0,1,1,7.0,4.5,0,0,8
AICANBC140,Canada,Bishop Bay - Monkey Beach Conservancy,40.0,16,4,2,3,13.0,4.0,0,0,8
AICANBC141,Canada,Bishop Bay - Monkey Beach Corridor Conservancy,41.2,9,3,1,2,14.2,4.0,0,0,8
AICANBC142,Canada,Carter Bay Conservancy,44.8,7,3,1,2,17.8,4.0,0,0,8
AICANBC143,Canada,Clyak Estuary Conservancy,44.8,7,3,1,2,17.8,4.0,0,0,8
AICANBC144,Canada,Daawuuxusda Conservancy,41.6,10,3,1,3,13.1,5.5,0,0,8
AICANBC145,Canada,Damaxyaa Conservancy,41.5,10,3,1,2,12.9,5.5,0,0,8
AICANBC146,Canada,Duu Guusd Conservancy,41.6,10,3,1,3,13.1,5.5,0,0,8
AICANBC147,Canada,Dzawadi/Klinaklini Estuary Conservancy,41.2,9,3,1,2,14.2,4.0,0,0,8
AICANBC148,Canada,Ecstall-Spoksuut Conservancy,44.8,7,3,1,2,17.8,4.0,0,0,8
AICANBC149,Canada,Fiordland Conservancy,50.2,18,7,3,1,18.2,4.0,0,0,10
AICANBC15,Canada,Tofino Mudflats Wildlife Management Area,19.5,6,0,1,1,7.0,4.5,0,0,8
AICANBC150,Canada,Gitxaala Nii Luutiksm/Kitkatla Conservancy,42.3,21,4,2,3,10.3,7.0,0,0,10
AICANBC151,Canada,Goat Cove Conservancy,44.8,7,3,1,2,17.8,4.0,0,0,8
AICANBC152,Canada,Hakai Luxvbalis Conservancy,40.1,18,4,2,1,11.6,5.5,0,0,8
AICANBC153,Canada,Huchsduwachsdu Nuyem Jees/Kitlope Heritage Conservancy,47.2,17,5,2,2,14.2,5.0,0,0,10
AICANBC154,Canada,K'Distsausk/Turtle Point Conservancy,40.6,13,3,1,2,10.6,5.0,0,0,10
AICANBC155,Canada,K'Nabiyaaxl/Ashdown Conservancy,41.2,11,3,1,2,12.2,4.0,0,0,10
AICANBC156,Canada,K'Uuna Gwaay Conservancy,41.6,10,3,1,3,13.1,5.5,0,0,8
AICANBC157,Canada,K'Waal Conservancy,44.0,13,4,2,2,15.5,5.5,0,0,8
AICANBC158,Canada,Kamdis Conservancy,44.8,7,3,1,2,17.8,4.0,0,0,8
AICANBC159,Canada,Kennedy Island Conservancy,44.8,7,3,1,2,17.8,4.0,0,0,8
AICANBC16,Canada,Brim River Hot Springs Protected Area,33.5,7,1,1,1,11.0,2.5,0,0,10
AICANBC160,Canada,Khutzeymateen Inlet Conservancy,38.9,11,3,1,2,11.9,4.0,0,0,8
AICANBC161,Canada,Khutzeymateen Inlet West Conservancy,38.9,11,3,1,2,11.9,4.0,0,0,8
AICANBC162,Canada,Kilbella Estuary Conservancy,44.8,7,3,1,2,17.8,4.0,0,0,8
AICANBC163,Canada,Kimsquit Estuary Conservancy,46.1,10,4,2,1,19.1,4.0,0,0,8
AICANBC164,Canada,Ksgaxl/Stephens Island Conservancy,44.2,17,4,2,2,12.3,7.0,0,0,10
AICANBC165,Canada,Ksi X' Anmaas Conservancy,43.4,16,4,2,2,12.9,5.5,0,0,10
AICANBC166,Canada,Ksi Xts'At'Kw/Stagoo Conservancy,43.5,8,3,1,1,15.5,5.0,0,0,8
AICANBC167,Canada,Ktisgaidz/Macdonald Bay Conservancy,43.4,14,4,2,3,14.4,4.0,0,0,10
AICANBC168,Canada,Kts'Mkta'Ani/Union Lake Conservancy,44.8,7,3,1,2,17.8,4.0,0,0,8
AICANBC169,Canada,Kunxalas Conservancy,44.8,7,3,1,2,17.8,4.0,0,0,8
AICANBC17,Canada,Foch-Gilttoyees Protected Area,32.2,10,1,1,1,8.2,4.0,0,0,10
AICANBC170,Canada,Kwatna Estuary Conservancy,48.4,8,4,1,2,19.9,5.5,0,0,8
AICANBC171,Canada,Larcom Lagoon Conservancy,44.8,7,3,1,2,17.8,4.0,0,0,8
AICANBC172,Canada,Lax Ka'Gaas/Campania Conservancy,43.6,15,4,2,2,13.7,7.0,0,0,8
AICANBC173,Canada,Lax Kul Nii Luutiksm/Bonilla Conservancy,44.8,7,3,1,2,17.8,4.0,0,0,8
AICANBC174,Canada,Lax Kwaxl/Dundas And Melville Islands Conservancy,43.6,14,4,2,1,14.1,6.5,0,0,8
AICANBC175,Canada,Lax Kwil Dziidz/Fin Conservancy,40.4,12,3,1,2,11.4,4.0,0,0,10
AICANBC176,Canada,Lucy Islands Conservancy,43.6,16,4,2,2,13.1,5.5,0,0,10
AICANBC177,Canada,Mahpahkum-Ahkwuna/Deserters-Walker Conservancy,44.8,7,3,1,2,17.8,4.0,0,0,8
AICANBC178,Canada,Manzanita Cove Conservancy,42.8,8,3,1,2,15.8,4.0,0,0,8
AICANBC179,Canada,Maxtaktsm'Aa/Union Passage Conservancy,43.8,17,4,2,2,12.3,6.5,0,0,10
AICANBC18,Canada,Hakai Conservation Study Area,5.8,2,0,0,0,1.8,1.0,0,0,3
AICANBC180,Canada,Monckton Nii Luutiksm Conservancy,43.2,18,4,2,2,11.7,6.5,0,0,10
AICANBC181,Canada,Nang Xaldangaas Conservancy,44.8,7,3,1,2,17.8,4.0,0,0,8
AICANBC182,Canada,Negiy/Nekite Estuary Conservancy,44.8,7,3,1,2,17.8,4.0,0,0,8
AICANBC183,Canada,Palemin/Estero Basin Conservancy,44.8,7,3,1,2,17.8,4.0,0,0,8
AICANBC184,Canada,Phillips Estuary/ᕈNacinuxᵂ Conservancy,46.1,10,4,2,1,19.1,4.0,0,0,8
AICANBC185,Canada,Qwiquallaaq/Boat Bay Conservancy,45.5,7,3,1,1,17.5,5.0,0,0,8
AICANBC186,Canada,Shearwater Hot Springs Conservancy,43.2,14,4,2,2,14.2,4.0,0,0,10
AICANBC187,Canada,Skeena Bank Conservancy,44.8,7,3,1,2,17.8,4.0,0,0,8
AICANBC188,Canada,Stair Creek Conservancy,44.8,7,3,1,2,17.8,4.0,0,0,8
AICANBC189,Canada,Thulme Falls Conservancy,44.8,7,3,1,2,17.8,4.0,0,0,8
AICANBC19,Canada,Jesse Falls Protected Area,31.2,9,1,1,0,8.8,2.5,0,0,10
AICANBC190,Canada,Tlall Conservancy,44.8,7,3,1,2,17.8,4.0,0,0,8
AICANBC191,Canada,Ugwiwa'/Cape Caution - Blunden Bay Conservancy,44.5,7,3,1,1,17.5,4.0,0,0,8
AICANBC192,Canada,Ugwiwa'/Cape Caution Conservancy,44.8,7,3,1,2,17.8,4.0,0,0,8
AICANBC193,Canada,Wakeman Estuary Conservancy,44.8,7,3,1,2,17.8,4.0,0,0,8
AICANBC194,Canada,Wales Harbour Conservancy,42.5,9,3,1,1,14.0,5.5,0,0,8
AICANBC195,Canada,Wawley/Seymour Estuary Conservancy,44.8,7,3,1,2,17.8,4.0,0,0,8
AICANBC196,Canada,Winter Inlet Conservancy,44.8,7,3,1,2,17.8,4.0,0,0,8
AICANBC197,Canada,Xᵂakᵂəᕈnaxdəᕈma/Stafford Estuary Conservancy,44.8,7,3,1,2,17.8,4.0,0,0,8
AICANBC198,Canada,Yaaguun Gandlaay Conservancy,44.2,8,3,1,2,15.8,5.5,0,0,8
AICANBC199,Canada,Zumtela Bay Conservancy,43.5,9,3,1,1,14.0,6.5,0,0,8
AICANBC20,Canada,Allison Harbour Marine Park,31.6,6,2,0,2,11.1,2.5,0,0,8
AICANBC22,Canada,Big Bunsby Marine Park,35.8,17,3,1,3,9.3,3.5,0,0,8
AICANBC23,Canada,Bligh Island Marine Park,37.3,17,3,1,3,9.3,5.0,0,0,8
AICANBC24,Canada,Bodega Ridge Park,39.1,10,3,1,2,13.7,2.5,0,0,8
AICANBC25,Canada,Broughton Archipelago Park,36.2,14,3,1,2,10.8,2.5,0,0,8
AICANBC26,Canada,Buccaneer Bay Park,36.7,15,3,1,2,10.2,3.5,0,0,8
AICANBC27,Canada,Cape Scott Park,36.6,14,3,1,3,11.1,2.5,0,0,8
AICANBC28,Canada,Catala Island Marine Park,37.9,18,4,1,3,10.9,4.0,0,0,8
AICANBC29,Canada,Codville Lagoon Marine Park,38.3,15,3,1,3,10.3,5.0,0,0,8
AICANBC3,Canada,Boundary Bay Wildlife Management Area,19.5,6,0,1,1,7.0,4.5,0,0,8
AICANBC30,Canada,Copeland Islands Marine Park,40.4,15,3,2,2,11.9,5.5,0,0,8
AICANBC31,Canada,Cormorant Channel Marine Park,35.8,18,3,1,2,8.8,4.0,0,0,8
AICANBC32,Canada,Coste Rocks Park,32.2,7,2,0,2,10.2,4.0,0,0,8
AICANBC33,Canada,Dala-Kildala Rivers Estuaries Park,38.7,11,3,1,2,13.2,2.5,0,0,8
AICANBC34,Canada,Dawley Passage Park,39.0,13,3,1,2,12.0,4.0,0,0,8
AICANBC35,Canada,Desolation Sound Marine Park,39.7,22,4,2,2,10.2,6.5,0,0,8
AICANBC36,Canada,Dixie Cove Marine Park,37.3,13,3,1,3,11.8,2.5,0,0,8
AICANBC37,Canada,Drumbeg Park,35.0,16,3,1,3,9.5,2.5,0,0,8
AICANBC38,Canada,Eagle Bay Park,30.9,9,2,0,2,8.4,2.5,0,0,10
AICANBC39,Canada,Echo Bay Marine Park,36.9,13,3,1,4,11.4,2.5,0,0,8
AICANBC4,Canada,Cluxewe Wildlife Management Area,18.8,7,0,1,1,6.2,4.5,0,0,8
AICANBC40,Canada,Epper Passage Park,37.8,14,3,1,2,10.8,4.0,0,0,8
AICANBC41,Canada,Flores Island Park,36.0,15,3,1,3,10.5,2.5,0,0,8
AICANBC42,Canada,Foch-Gilttoyees Park,31.9,6,2,0,3,11.4,2.5,0,0,8
AICANBC43,Canada,Francis Point Park,31.9,6,2,0,3,11.4,2.5,0,0,8
AICANBC44,Canada,Gabriola Sands Park,35.8,14,3,1,2,10.2,2.5,0,0,8
AICANBC45,Canada,Garden Bay Marine Park,35.0,16,3,1,3,9.5,2.5,0,0,8
AICANBC46,Canada,God’s Pocket Marine Park,40.7,11,3,1,3,13.7,4.0,0,0,8
AICANBC47,Canada,Goldstream Park,29.9,8,2,0,3,9.4,2.5,0,0,8
AICANBC48,Canada,Gowlland Tod Park,29.2,11,2,0,2,7.2,4.0,0,0,8
AICANBC49,Canada,Green Inlet Marine Park,36.7,13,3,1,2,11.2,2.5,0,0,8
AICANBC5,Canada,Coquitlam River Wildlife Management Area,10.1,4,0,0,0,2.6,2.5,0,0,5
AICANBC50,Canada,Halkett Bay Marine Park,36.2,17,3,1,2,9.2,4.0,0,0,8
AICANBC51,Canada,Harmony Islands Marine Park,37.7,16,3,1,2,9.2,5.5,0,0,8
AICANBC52,Canada,Hathayim Marine Park [A.K.A. Von Donop Marine Park],36.8,16,3,1,4,9.8,4.0,0,0,8
AICANBC53,Canada,Helliwell Park,32.1,8,2,0,2,10.1,4.0,0,0,8
AICANBC54,Canada,Hesquiat Peninsula Park,35.0,17,3,1,3,9.5,2.5,0,0,8
AICANBC55,Canada,Homathko Estuary Park,35.9,14,3,1,3,10.4,2.5,0,0,8
AICANBC56,Canada,Jackson Narrows Marine Park,39.6,11,3,1,2,12.6,4.0,0,0,8
AICANBC57,Canada,Jedediah Island Marine Park,36.2,14,3,1,2,10.8,2.5,0,0,8
AICANBC58,Canada,Juan De Fuca Park,29.0,19,2,1,4,7.0,4.0,0,0,8
AICANBC59,Canada,Khutzeymateen Park [A.K.A. Khutzeymateen/K'Tzim-A-Deen Grizzly Sanctuary],32.2,7,2,0,2,10.2,4.0,0,0,8
AICANBC60,Canada,Kitson Island Marine Park,31.2,10,2,1,2,10.7,2.5,0,0,8
AICANBC61,Canada,Klewnuggit Inlet Marine Park,29.7,12,2,1,2,9.2,2.5,0,0,8
AICANBC62,Canada,Lanz And Cox Islands Park,34.3,10,2,2,3,13.8,2.5,0,0,8
AICANBC63,Canada,Lawn Point Park,29.7,8,2,0,2,9.2,2.5,0,0,8
AICANBC64,Canada,Lowe Inlet Marine Park,29.9,14,2,1,2,8.4,3.5,0,0,8
AICANBC65,Canada,Mansons Landing Park,29.8,12,2,1,3,9.3,2.5,0,0,8
AICANBC66,Canada,Maquinna Marine Park,29.8,13,2,1,3,9.3,2.5,0,0,8
AICANBC67,Canada,Marble River Park,30.0,16,2,1,4,7.5,2.5,0,0,10
AICANBC68,Canada,Miracle Beach Park,30.4,12,2,1,3,9.9,2.5,0,0,8
AICANBC69,Canada,Mitlenatch Island Nature Park,36.5,12,3,0,2,9.5,4.0,0,0,8
AICANBC7,Canada,Parksville-Qualicum Beach Wildlife Management Area,19.5,6,0,1,1,7.0,4.5,0,0,8
AICANBC70,Canada,Montague Harbour Marine Park,32.9,22,2,1,5,5.9,7.0,0,0,10
AICANBC71,Canada,Muqqiwn/Brooks Peninsula Park,28.4,15,2,1,2,7.9,2.5,0,0,8
AICANBC72,Canada,Naikoon Park,37.4,15,3,2,2,11.9,2.5,0,0,8
AICANBC73,Canada,Saysutshun (Newcastle Island) Marine Park,42.1,14,4,1,2,12.6,6.5,0,0,8
AICANBC74,Canada,Nuchatlitz Park,36.4,16,3,1,2,9.4,4.0,0,0,8
AICANBC75,Canada,Octopus Islands Marine Park,30.0,17,2,1,2,7.0,5.0,0,0,8
AICANBC76,Canada,Oliver Cove Marine Park,32.5,12,2,1,3,9.0,3.5,0,0,10
AICANBC77,Canada,Owyacumish River Park,39.3,12,3,1,3,11.8,2.5,0,0,10
AICANBC78,Canada,Penrose Island Marine Park,41.9,15,4,2,2,13.9,5.0,0,0,8
AICANBC79,Canada,Pirates Cove Marine Park,37.8,14,3,1,2,10.8,4.0,0,0,8
AICANBC8,Canada,Pitt-Addington Marsh Wildlife Management Area,10.1,4,0,0,0,2.6,2.5,0,0,5
AICANBC80,Canada,Plumper Cove Marine Park,38.8,18,4,1,3,10.3,5.5,0,0,8
AICANBC81,Canada,Porteau Cove Park,51.4,16,6,1,2,15.9,9.5,0,0,8
AICANBC82,Canada,Princess Louisa Marine Park,45.9,20,4,2,1,10.9,10.0,0,0,10
AICANBC83,Canada,Quatsino Park,37.9,12,3,1,3,12.4,2.5,0,0,8
AICANBC84,Canada,Raft Cove Park,29.2,17,2,1,2,7.2,4.0,0,0,8
AICANBC85,Canada,Rathtrevor Beach Park,36.2,15,3,1,3,10.7,2.5,0,0,8
AICANBC86,Canada,Rebecca Spit Marine Park,37.9,14,3,1,3,10.9,4.0,0,0,8
AICANBC87,Canada,Rendezvous Island South Park,38.6,13,3,1,3,11.6,4.0,0,0,8
AICANBC88,Canada,Rock Bay Marine Park,40.0,11,3,1,3,13.0,4.0,0,0,8
AICANBC89,Canada,Roscoe Bay Park,38.9,15,3,2,2,11.9,4.0,0,0,8
AICANBC9,Canada,Quatse Estuary Wildlife Management Area,19.5,6,0,1,1,7.0,4.5,0,0,8
AICANBC90,Canada,Rugged Point Marine Park,38.1,16,3,2,3,11.6,3.5,0,0,8
AICANBC91,Canada,Sabine Channel Marine Park,27.9,16,2,1,3,7.4,2.5,0,0,8
AICANBC92,Canada,Saltery Bay Park,36.3,17,3,1,3,9.3,4.0,0,0,8
AICANBC93,Canada,Sandwell Park,38.5,11,3,1,3,13.0,2.5,0,0,8
AICANBC94,Canada,Santa Gertrudis-Boca Del Infierno Park,39.7,12,3,1,3,12.7,4.0,0,0,8
AICANBC95,Canada,Sargeant Bay Park,35.4,15,3,1,2,9.9,2.5,0,0,8
AICANBC96,Canada,Small Inlet Marine Park,28.2,15,2,1,2,7.7,2.5,0,0,8
AICANBC97,Canada,Smelt Bay Park,36.8,13,3,1,3,11.3,2.5,0,0,8
AICANBC98,Canada,Smuggler Cove Marine Park,31.3,19,2,2,2,7.8,5.5,0,0,8
AICANBC99,Canada,Strathcona Park,35.2,17,3,1,3,9.7,2.5,0,0,8
AICANEEZ,Canada,Canada EEZ (0-200NM),35.8,6,2,0,0,12.2,4.5,0,0,7
AICANMB2,Canada,Kaskatamagan Wildlife Management Area,34.2,5,2,0,0,15.8,1.5,0,0,7
AICANNB10,Canada,"Caughey-Taylor, Private Land Component",44.0,8,4,0,0,17.5,4.5,0,0,7
AICANNB11,Canada,Johnson's Mills,44.0,8,4,0,0,17.5,4.5,0,0,7
AICANNB12,Canada,"Musquash Estuary, Private Land Component",44.0,8,4,0,0,17.5,4.5,0,0,7
AICANNB13,Canada,Round Meadow Cove,44.0,8,4,0,0,17.5,4.5,0,0,7
AICANNB2,Canada,Bay du Vin Island,44.0,8,4,0,0,17.5,4.5,0,0,7
AICANNB3,Canada,"Caughey-Taylor, Crown Land Component",44.0,8,4,0,0,17.5,4.5,0,0,7
AICANNB4,Canada,Little Salmon River,44.0,8,4,0,0,17.5,4.5,0,0,7
AICANNB5,Canada,McPhersons Point,44.0,8,4,0,0,17.5,4.5,0,0,7
AICANNB7,Canada,Ovenhead,44.0,8,4,0,0,17.5,4.5,0,0,7
AICANNB8,Canada,Tabusintac,44.0,8,4,0,0,17.5,4.5,0,0,7
AICANNB9,Canada,Upper Salmon River,44.0,8,4,0,0,17.5,4.5,0,0,7
AICANNL10,Canada,Cape St. Mary's Ecological Reserve,34.6,26,3,0,1,6.1,5.5,0,0,8
AICANNL11,Canada,Funk Island Ecological Reserve,15.4,8,0,1,0,5.9,1.5,0,0,8
AICANNL12,Canada,Gannet Islands Ecological Reserve,15.4,8,0,1,0,5.9,1.5,0,0,8
AICANNL13,Canada,Hare Bay Islands Ecological Reserve,17.4,8,0,1,0,5.9,1.5,0,0,10
AICANNL14,Canada,Witless Bay Ecological Reserve,34.2,28,3,0,2,5.7,5.5,0,0,8
AICANNL15,Canada,Baccalieu Island Ecological Reserve,35.1,30,4,0,1,6.6,5.5,0,0,8
AICANNL16,Canada,Big Barasway Wildlife Reserve,26.7,13,1,0,3,4.7,2.0,0,0,10
AICANNL2,Canada,Burnt Cape Ecological Reserve,25.8,13,1,0,0,4.3,3.5,0,0,8
AICANNL3,Canada,Fortune Head Ecological Reserve,25.1,14,1,0,0,4.1,3.0,0,0,8
AICANNL5,Canada,Table Point Ecological Reserve,26.5,15,1,0,0,4.0,4.5,0,0,8
AICANNL6,Canada,Watts Point Ecological Reserve,26.2,13,1,0,1,4.7,3.5,0,0,8
AICANNL7,Canada,Mistaken Point Ecological Reserve,26.3,17,1,0,1,3.8,4.5,0,0,8
AICANNL9,Canada,Lawn Bay Ecological Reserve,35.3,25,3,0,1,5.8,4.5,0,0,10
AICANNS10,Canada,Rogues Roost Wilderness Area,26.1,8,1,0,3,6.6,1.5,0,0,8
AICANNS11,Canada,Scatarie Island Wilderness Area,26.1,8,1,0,3,6.6,1.5,0,0,8
AICANNS12,Canada,Terence Bay Wilderness Area,26.1,8,1,0,3,6.6,1.5,0,0,8
AICANNS13,Canada,Tusket Islands Wilderness Area,26.1,8,1,0,3,6.6,1.5,0,0,8
AICANNS2,Canada,Canso Coastal Barrens Wilderness Area,26.1,8,1,0,3,6.6,1.5,0,0,8
AICANNS3,Canada,Eastern Shore Islands Wilderness Area,26.1,8,1,0,3,6.6,1.5,0,0,8
AICANNS4,Canada,Fourchu Coast Wilderness Area,26.1,8,1,0,3,6.6,1.5,0,0,8
AICANNS5,Canada,Gabarus Wilderness Area,26.1,8,1,0,3,6.6,1.5,0,0,8
AICANNS6,Canada,Kluscap Wilderness Area,26.1,8,1,0,3,6.6,1.5,0,0,8
AICANNS8,Canada,Polletts Cove - Aspy Fault Wilderness Area,26.1,8,1,0,3,6.6,1.5,0,0,8
AICANNS9,Canada,Raven Head Wilderness Area,26.1,8,1,0,3,6.6,1.5,0,0,8
AICANNT2,Canada,Inuvialuit Settlement Region (ISR),60.9,22,14,4,2,27.4,5.5,0,0,8
AICANON100,Canada,La Cloche Provincial Park (Natural Environment Class),27.6,6,1,0,1,7.6,3.0,0,0,7
AICANON101,Canada,Limestone Islands Provincial Park (Nature Reserve Class),49.0,17,9,0,1,19.0,3.0,0,0,9
AICANON102,Canada,Lower Moon River Conservation Reserve,28.4,11,1,0,0,5.4,6.0,0,0,7
AICANON103,Canada,Macgregor Point Provincial Park (Natural Environment Class),41.0,7,3,0,0,16.0,3.0,0,0,7
AICANON105,Canada,Mississagi Delta Provincial Park (Nature Reserve Class),27.5,14,2,0,0,6.5,4.0,0,0,7
AICANON106,Canada,Point Farms Provincial Park (Recreational Class),27.2,5,1,0,1,8.8,1.5,0,0,7
AICANON107,Canada,Port Bruce Provincial Park (Recreational Class),30.8,6,1,1,0,12.2,1.5,0,0,7
AICANON108,Canada,Rock Point Provincial Park (Recreational Class),31.2,7,2,0,0,11.2,3.0,0,0,7
AICANON109,Canada,Selkirk Provincial Park (Recreational Class),24.4,13,1,0,1,4.4,3.0,0,0,7
AICANON110,Canada,Sturgeon Bay Provincial Park (Recreational Class),29.0,7,1,0,0,6.5,5.5,0,0,7
AICANON49,Canada,Port Burwell Provincial Park (Recreational Class),40.7,10,3,1,0,14.7,4.0,0,0,7
AICANON50,Canada,Fish Point Provincial Park (Nature Reserve Class),31.5,11,2,1,0,11.5,3.0,0,0,7
AICANON51,Canada,Awenda Provincial Park (Natural Environment Class),37.8,9,3,0,0,12.8,3.0,0,0,7
AICANON52,Canada,Inverhuron Provincial Park (Cultural Heritage Class),30.3,9,1,1,3,9.3,4.0,0,0,7
AICANON53,Canada,Killbear Provincial Park (Natural Environment Class),42.1,16,4,1,2,12.1,8.0,0,0,7
AICANON54,Canada,Presqu'Ile Provincial Park (Natural Environment Class),27.2,5,1,0,1,8.8,1.5,0,0,7
AICANON59,Canada,Sandy Islands Provincial Park (Nature Reserve Class),34.8,21,3,0,5,7.3,5.5,0,0,7
AICANON60,Canada,Strawberry Island Provincial Park (Nature Reserve Class),27.2,5,1,0,1,8.8,1.5,0,0,7
AICANON61,Canada,The Massasauga Provincial Park (Natural Environment Class),28.3,9,1,0,0,5.8,5.5,0,0,7
AICANON65,Canada,Timber Island Provincial Park (Nature Reserve Class),29.1,8,2,0,2,9.6,2.5,0,0,7
AICANON66,Canada,Killarney Provincial Park (Wilderness Class),41.4,10,3,1,2,14.4,3.0,0,0,9
AICANON67,Canada,Sandbanks Provincial Park (Natural Environment Class),36.9,11,4,0,1,13.4,1.5,0,0,7
AICANON68,Canada,Batchawana Bay Provincial Park (Recreational Class),30.1,8,2,0,0,10.1,3.0,0,0,7
AICANON69,Canada,Pancake Bay Provincial Park (Recreational Class),37.8,9,3,0,0,12.8,3.0,0,0,7
AICANON70,Canada,Wasaga Beach Provincial Park (Recreational Class),34.5,7,2,0,1,11.5,4.0,0,0,9
AICANON71,Canada,North Beach Provincial Park (Recreational Class),36.5,15,3,0,1,9.0,5.5,0,0,7
AICANON72,Canada,Waubaushene Beaches Provincial Park (Nature Reserve Class),26.1,6,1,0,1,7.6,1.5,0,0,7
AICANON73,Canada,Pinery Provincial Park (Natural Environment Class),38.7,10,3,0,0,11.7,3.0,0,0,9
AICANON74,Canada,Long Point Provincial Park (Recreational Class),26.5,7,1,0,0,6.5,3.0,0,0,7
AICANON77,Canada,East Sister Island Provincial Park (Nature Reserve Class),35.2,12,3,0,1,10.2,3.0,0,0,7
AICANON78,Canada,Lighthouse Point Provincial Park (Nature Reserve Class),32.8,12,2,2,0,12.8,3.0,0,0,7
AICANON79,Canada,Rondeau Provincial Park (Natural Environment Class),28.5,15,2,1,1,8.5,3.0,0,0,7
AICANON80,Canada,Wheatley Provincial Park (Recreational Class),32.0,7,2,0,1,12.0,3.0,0,0,7
AICANON81,Canada,Ile Parisienne Conservation Reserve,27.0,12,1,0,1,5.5,4.5,0,0,7
AICANON82,Canada,Neys Provincial Park (Natural Environment Class),31.6,13,2,1,3,10.1,4.5,0,0,7
AICANON86,Canada,Lake Superior Provincial Park (Natural Environment Class),30.8,12,2,1,2,9.8,4.0,0,0,7
AICANON87,Canada,Michipicoten Island Provincial Park (Natural Environment Class),25.0,7,1,0,0,6.5,1.5,0,0,7
AICANON88,Canada,Slate Islands Provincial Park (Natural Environment Class),38.0,16,3,0,1,9.0,7.0,0,0,7
AICANON89,Canada,Sleeping Giant Provincial Park (Natural Environment Class),47.5,17,9,0,1,19.5,3.0,0,0,7
AICANON93,Canada,Michipicoten Provincial Park (Cultural Heritage Class),27.2,5,1,0,1,8.8,1.5,0,0,7
AICANON94,Canada,Black Creek Provincial Park (Natural Environment Class),26.9,8,1,0,0,5.9,3.0,0,0,8
AICANON95,Canada,Craigleith Provincial Park (Recreational Class),31.2,7,2,0,0,11.2,3.0,0,0,7
AICANON96,Canada,Darlington Provincial Park (Recreational Class),32.8,6,2,0,0,12.8,3.0,0,0,7
AICANON97,Canada,French River Provincial Park (Waterway Class),29.8,10,2,0,0,8.8,4.0,0,0,7
AICANON99,Canada,James N. Allan Provincial Park (Recreational Class),26.9,5,1,0,0,8.4,1.5,0,0,7
AICANPE10,Canada,Little Pond Salt Marsh Natural Area,45.4,3,2,0,0,23.9,4.5,0,0,7
AICANPE11,Canada,Holland (Little Courtin Island) Natural Area,45.4,3,2,0,0,23.9,4.5,0,0,7
AICANPE12,Canada,Murray River Islands Natural Area (Cherry Island),45.4,3,2,0,0,23.9,4.5,0,0,7
AICANPE13,Canada,Murray River Islands Natural Area (Reynold's Island),45.4,3,2,0,0,23.9,4.5,0,0,7
AICANPE14,Canada,Murray River Islands Natural Area (Gordon's Island),45.4,3,2,0,0,23.9,4.5,0,0,7
AICANPE15,Canada,Murray River Islands Natural Area (Herring & Thomas Islands),45.4,3,2,0,0,23.9,4.5,0,0,7
AICANPE16,Canada,Governor's Island Natural Area,45.4,3,2,0,0,23.9,4.5,0,0,7
AICANPE17,Canada,Boughton Island Natural Area,45.4,3,2,0,0,23.9,4.5,0,0,7
AICANPE18,Canada,Bird Island Natural Area,45.4,3,2,0,0,23.9,4.5,0,0,7
AICANPE19,Canada,North Lake Salt Marsh Natural Area,45.4,3,2,0,0,23.9,4.5,0,0,7
AICANPE2,Canada,Conway Sandhills Natural Area,45.4,3,2,0,0,23.9,4.5,0,0,7
AICANPE20,Canada,Salutation Cove Salt Marsh Natural Area,45.4,3,2,0,0,23.9,4.5,0,0,7
AICANPE23,Canada,Malpeque Bay Salt Marsh Natural Area,45.4,3,2,0,0,23.9,4.5,0,0,7
AICANPE24,Canada,"Malpeque Bay Salt Marsh Natural Area, Privately Owned Section",45.4,3,2,0,0,23.9,4.5,0,0,7
AICANPE25,Canada,"Malpeque Bay Salt Marsh Natural Area, Provincially Owned Section 2",45.4,3,2,0,0,23.9,4.5,0,0,7
AICANPE26,Canada,"Malpeque Bay Salt Marsh Natural Area, Provincially Owned Section 1",45.4,3,2,0,0,23.9,4.5,0,0,7
AICANPE27,Canada,Nueffer Salt Marsh Natural Area (Point Prim),45.4,3,2,0,0,23.9,4.5,0,0,7
AICANPE28,Canada,Foley's Pond Natural Area,45.4,3,2,0,0,23.9,4.5,0,0,7
AICANPE3,Canada,"Conway Sandhills Natural Area, Privately Owned Section 1",45.4,3,2,0,0,23.9,4.5,0,0,7
AICANPE30,Canada,"Roseville Cliff,  Natural Pond Natural Area",45.4,3,2,0,0,23.9,4.5,0,0,7
AICANPE31,Canada,"Morell River Riparian Zone Natural Area, Provincially Owned Section 1",45.4,3,2,0,0,23.9,4.5,0,0,7
AICANPE32,Canada,"Morell River Riparian Zone Natural Area, Provincially Owned Section 2",45.4,3,2,0,0,23.9,4.5,0,0,7
AICANPE33,Canada,Boughton River Riparian Zone Natural Area,45.4,3,2,0,0,23.9,4.5,0,0,7
AICANPE34,Canada,Little Tignish Run Salt Marsh Natural Area,45.4,3,2,0,0,23.9,4.5,0,0,7
AICANPE35,Canada,"Little Tignish Run Salt Marsh Natural Area, Privately Owned Section",45.4,3,2,0,0,23.9,4.5,0,0,7
AICANPE36,Canada,"Little Tignish Run Salt Marsh Natural Area, Provincially Owned Section",45.4,3,2,0,0,23.9,4.5,0,0,7
AICANPE37,Canada,"Acadian Marshes (Egmont Bay) Natural Area, Privately Owned Section",45.4,3,2,0,0,23.9,4.5,0,0,7
AICANPE38,Canada,"Acadian Marshes (Egmont Bay) Natural Area, Provincially Owned Section",45.4,3,2,0,0,23.9,4.5,0,0,7
AICANPE39,Canada,Acadian Marshes (Haldimand River) Natural Area,45.4,3,2,0,0,23.9,4.5,0,0,7
AICANPE4,Canada,"Conway Sandhills Natural Area, Privately Owned Section 2",45.4,3,2,0,0,23.9,4.5,0,0,7
AICANPE40,Canada,"Acadian Marshes (Percival River) Natural Area, Provincially Owned Section",45.4,3,2,0,0,23.9,4.5,0,0,7
AICANPE41,Canada,"Acadian Marshes (Percival River) Natural Area, Privately Owned Section 1",45.4,3,2,0,0,23.9,4.5,0,0,7
AICANPE42,Canada,"Acadian Marshes (Percival River) Natural Area, Privately Owned Section 2",45.4,3,2,0,0,23.9,4.5,0,0,7
AICANPE43,Canada,Orwell Cove Salt Marsh Natural Area,45.4,3,2,0,0,23.9,4.5,0,0,7
AICANPE44,Canada,"Degros Marsh, Saltmarsh Natural Area",45.4,3,2,0,0,23.9,4.5,0,0,7
AICANPE45,Canada,Little Harbour Estuary Natural Area,45.4,3,2,0,0,23.9,4.5,0,0,7
AICANPE46,Canada,Strathgartney Woodlands Natural Area,45.4,3,2,0,0,23.9,4.5,0,0,7
AICANPE47,Canada,Holm Cove Salt Marsh Natural Area,45.4,3,2,0,0,23.9,4.5,0,0,7
AICANPE5,Canada,"Conway Sandhills Natural Area, Provincially Owned Section",45.4,3,2,0,0,23.9,4.5,0,0,7
AICANPE6,Canada,Basin Head Sand Dunes Natural Area,45.4,3,2,0,0,23.9,4.5,0,0,7
AICANPE7,Canada,Savage Harbour - St Peters Lake Run Sand Dunes Natural Area,45.4,3,2,0,0,23.9,4.5,0,0,7
AICANPE8,Canada,South Lake Sand Dunes Natural Area,45.4,3,2,0,0,23.9,4.5,0,0,7
AICANPE9,Canada,Poverty Beach Sand Dunes Natural Area,45.4,3,2,0,0,23.9,4.5,0,0,7
AICANQC11,Canada,Proposed côte d'Harrington Harbour Biodiversity Reserve,49.4,8,5,0,0,19.9,4.5,0,0,7
AICANQC12,Canada,Bennett Bank Territorial reserve for protected area purposes,29.0,7,1,0,0,7.5,4.5,0,0,7
AICANQC13,Canada,Magdalen Shallows Slope Territorial reserve for protected area purposes,29.0,7,1,0,0,7.5,4.5,0,0,7
AICANQC14,Canada,Beaugé Bank Territorial reserve for protected area purposes,29.0,7,1,0,0,7.5,4.5,0,0,7
AICANQC15,Canada,Sector of Isle-aux-Grues Territorial reserve for protected area purposes,29.0,7,1,0,0,7.5,4.5,0,0,7
AICANQC16,Canada,Sector of Kamouraska Territorial reserve for protected area purposes,29.0,7,1,0,0,7.5,4.5,0,0,7
AICANQC17,Canada,Sector of Basques Territorial reserve for protected area purposes,29.0,7,1,0,0,7.5,4.5,0,0,7
AICANQC18,Canada,Sector of central estuary Territorial reserve for protected area purposes,29.0,7,1,0,0,7.5,4.5,0,0,7
AICANQC19,Canada,Sector of Haute-Côte-Nord Territorial reserve for protected area purposes,27.9,9,1,0,1,6.4,4.5,0,0,7
AICANQC20,Canada,Sector of Matane-Les Méchins Territorial reserve for protected area purposes,29.0,7,1,0,0,7.5,4.5,0,0,7
AICANQC21,Canada,Estuaire-de-la-Rivière-Bonaventure Marine Reserve,29.0,4,1,0,1,10.5,1.5,0,0,7
AICANSPEED1,Canada,400m Approach Distance Prohibition for Southern Resident Killer Whales,58.0,3,3,0,0,35.0,1.0,0,0,7
AICANSPEED10,Canada,Dynamic Shipping Zone D,28.6,10,1,1,3,8.6,1.0,0,0,9
AICANSPEED11,Canada,Northern Static Zone,18.1,4,0,1,1,9.6,1.5,0,0,7
AICANSPEED12,Canada,Southern Static Zone,18.1,4,0,1,1,9.6,1.5,0,0,7
AICANSPEED13,Canada,Inshore Lateral Displacement Trial Zone - The ECHO Program (Voluntary),5.8,3,0,0,0,1.8,0.0,0,0,4
AICANSPEED15,Canada,Transition Zones - ECHO Program (Voluntary),4.8,1,0,0,0,1.8,1.0,0,0,2
AICANSPEED16,Canada,Haro Strait and Boundary Pass Slowdown Zone - ECHO Program (Voluntary),3.8,2,0,0,0,1.8,0.0,0,0,2
AICANSPEED17,Canada,Optional Slowdown Zones - ECHO Program (Voluntary),3.8,2,0,0,0,1.8,0.0,0,0,2
AICANSPEED18,Canada,Swiftsure Outbound Slowdown Zone - ECHO Program (Voluntary),3.8,2,0,0,0,1.8,0.0,0,0,2
AICANSPEED2,Canada,Dynamic Shipping Zone A,28.6,10,1,1,3,8.6,1.0,0,0,9
AICANSPEED20,Canada,Swiftsure Bank Speed Restricted Zone 1,14.7,6,0,1,0,6.7,1.0,0,0,7
AICANSPEED21,Canada,Swiftsure Bank Speed Restricted Zone 2,14.7,6,0,1,0,6.7,1.0,0,0,7
AICANSPEED22,Canada,Roseway Basin Area to be Avoided,6.6,4,0,0,2,2.6,0.0,0,0,4
AICANSPEED3,Canada,Dynamic Shipping Zone B,28.6,10,1,1,3,8.6,1.0,0,0,9
AICANSPEED4,Canada,Dynamic Shipping Zone C,28.6,10,1,1,3,8.6,1.0,0,0,9
AICANSPEED5,Canada,Dynamic Shipping Zone E,28.6,10,1,1,3,8.6,1.0,0,0,9
AICANSPEED6,Canada,Restricted Area,19.5,3,0,1,0,10.5,2.0,0,0,7
AICANSPEED7,Canada,Gulf of St. Lawrence Seasonal Management Area 2,19.1,3,0,1,1,11.1,1.0,0,0,7
AICANSPEED8,Canada,Gulf of St. Lawrence Seasonal Management Area 1,19.1,3,0,1,1,11.1,1.0,0,0,7
AICANSPEED9,Canada,Voluntary Seasonal Slowdown Zone,1.8,1,0,0,0,1.8,0.0,0,0,0
AICANTERSEA,Canada,Canada Territorial Sea,35.8,6,2,0,0,12.2,4.5,0,0,7
AICHL001,Chile,Chile EEZ and National Waters,38.5,10,2,3,1,17.5,4.0,0,0,7
AICHL002,Chile,Chile Territorial Seas,35.2,10,1,3,1,14.2,4.0,0,0,7
AICHL003,Chile,Francisco Coloane,22.6,6,0,2,3,13.1,2.5,0,0,7
AICHL004,Chile,Francisco Coloane Marine Park,31.8,13,2,1,3,9.8,5.0,0,0,7
AICHL005,Chile,Coral Nui Nui,32.6,3,1,0,1,14.6,1.0,0,0,7
AICHL006,Chile,Hanga Oteo,32.6,3,1,0,1,14.6,1.0,0,0,7
AICHL007,Chile,Motu Tautara,32.6,3,1,0,1,14.6,1.0,0,0,7
AICHL008,Chile,Lafken Mapu Lahual,5.6,2,0,0,1,2.6,1.0,0,0,2
AICHL009,Chile,Fiordo Comau- San Ignacio de Huinay,31.3,4,1,0,2,11.8,2.5,0,0,7
AICHL010,Chile,Isla Grande Atacama - Punta Morro - Desembocadura río Copiapó,5.6,2,0,0,1,2.6,1.0,0,0,2
AICHL011,Chile,Pitipalena-Añihue,5.6,2,0,0,1,2.6,1.0,0,0,2
AICHL012,Chile,Nazca-Desventuradas,30.2,13,2,1,4,9.7,3.5,0,0,7
AICHL013,Chile,Motu Motiro Hiva,28.2,12,1,1,3,7.7,3.5,0,0,7
AICHL014,Chile,Bahía Moreno - La Rinconada,34.2,10,1,3,4,14.7,2.5,0,0,7
AICHL015,Chile,Pullinque,35.6,9,1,3,4,16.1,2.5,0,0,7
AICHL016,Chile,Putemún,35.6,9,1,3,4,16.1,2.5,0,0,7
AICHL017,Chile,ISLA CHAÑARAL,32.2,12,1,3,5,12.7,2.5,0,0,7
AICHL018,Chile,Islas Choros - Damas,32.9,10,1,2,5,11.9,4.0,0,0,7
AICHL020,Chile,Rapa Nui,24.7,21,2,1,4,6.7,1.0,0,0,7
AICHL032,Chile,Isla de Sala y Gómez e islotes adyacentes a la Isla de Pascua,33.5,3,1,0,2,14.0,2.5,0,0,7
AICHL040,Chile,Bahía Lomas,30.4,4,1,0,2,10.9,2.5,0,0,7
AICHL041,Chile,Rapa Nui Multiple Use Marine Protected Area,36.5,7,1,2,2,15.5,4.0,0,0,7
AICHL042,Chile,DIEGO RAMIREZ-PASO DRAKE,27.8,13,1,1,3,7.3,3.5,0,0,7
AICHL043,Chile,LA PUNTILLA DE PLAYA CHINCHORRO,30.0,11,1,1,3,8.0,5.0,0,0,7
AICHL044,Chile,MAR DE JUAN FERNANDEZ,28.2,12,1,1,3,7.7,3.5,0,0,7
AICHL046,Chile,Tierra Blanca,28.2,12,1,1,3,7.7,3.5,0,0,7
AICHL048,Chile,EL PALILLO,28.2,12,1,1,3,7.7,3.5,0,0,7
AICHL049,Chile,ISLA MAGDALENA,22.2,15,1,0,2,4.2,1.0,0,0,7
AICHL050,Chile,TORTEL,18.1,4,0,1,2,10.1,1.0,0,0,7
AICHL051,Chile,LAS CRUCES,20.2,3,0,1,1,12.2,1.0,0,0,7
AICHL052,Chile,LOBERIA SELKIRK,28.2,12,1,1,3,7.7,3.5,0,0,7
AICHL053,Chile,EL ARENAL,28.2,12,1,1,3,7.7,3.5,0,0,7
AICHL054,Chile,MONTES SUBMARINOS JF5-JF6,28.2,12,1,1,3,7.7,3.5,0,0,7
AICHL055,Chile,SENO ALMIRANTAZGO,19.1,4,0,1,1,9.6,2.5,0,0,7
AICHL056,Chile,Tictoc - Golfo Corcovado,28.2,12,1,1,3,7.7,3.5,0,0,7
AICHL1000,Chile,Sur Punta Refugio,9.6,3,0,0,0,4.1,1.5,0,0,4
AICHL1001,Chile,Sur Río San Juan,9.6,3,0,0,0,4.1,1.5,0,0,4
AICHL1002,Chile,Rejected,9.6,3,0,0,0,4.1,1.5,0,0,4
AICHL1003,Chile,Sur Weste Isla Polmalluelhue,9.6,3,0,0,0,4.1,1.5,0,0,4
AICHL1004,Chile,Tenaún Sector A,9.6,3,0,0,0,4.1,1.5,0,0,4
AICHL1005,Chile,Tenaún Sector B,9.6,3,0,0,0,4.1,1.5,0,0,4
AICHL1006,Chile,Tentelhue Sector A,9.6,3,0,0,0,4.1,1.5,0,0,4
AICHL1007,Chile,Tentelhue Sector B,9.6,3,0,0,0,4.1,1.5,0,0,4
AICHL1008,Chile,Weste Bajos Guaguar,9.6,3,0,0,0,4.1,1.5,0,0,4
AICHL1010,Chile,Weste Isla Pelada Sector A,9.6,3,0,0,0,4.1,1.5,0,0,4
AICHL1011,Chile,Weste Isla Pelada Sector B,9.6,3,0,0,0,4.1,1.5,0,0,4
AICHL1012,Chile,Weste Punta Quillahua,9.6,3,0,0,0,4.1,1.5,0,0,4
AICHL1013,Chile,Yates Sector B,9.6,3,0,0,0,4.1,1.5,0,0,4
AICHL1014,Chile,Añihue Sector A,9.6,3,0,0,0,4.1,1.5,0,0,4
AICHL1015,Chile,Brazos del Pillan,9.6,3,0,0,0,4.1,1.5,0,0,4
AICHL1016,Chile,Caleta Andrade Sector A,9.6,3,0,0,0,4.1,1.5,0,0,4
AICHL1017,Chile,Caleta Andrade Sector C,9.6,3,0,0,0,4.1,1.5,0,0,4
AICHL1018,Chile,Caleta Andrade Sector F,9.6,3,0,0,0,4.1,1.5,0,0,4
AICHL1019,Chile,Canal Yacaf Sector A,9.6,3,0,0,0,4.1,1.5,0,0,4
AICHL1020,Chile,Castillo Sector A,9.6,3,0,0,0,4.1,1.5,0,0,4
AICHL1021,Chile,Castillo Sector B,9.6,3,0,0,0,4.1,1.5,0,0,4
AICHL1022,Chile,Castillo Sector D,9.6,3,0,0,0,4.1,1.5,0,0,4
AICHL1023,Chile,El Enjambre,9.6,3,0,0,0,4.1,1.5,0,0,4
AICHL1024,Chile,Estero Costa,9.6,3,0,0,0,4.1,1.5,0,0,4
AICHL1025,Chile,Estero Plaza,9.6,3,0,0,0,4.1,1.5,0,0,4
AICHL1026,Chile,Este Isla Lilian,9.6,3,0,0,0,4.1,1.5,0,0,4
AICHL1027,Chile,Grupo Gala Sector A,9.6,3,0,0,0,4.1,1.5,0,0,4
AICHL1028,Chile,Grupo Gala Sector B,9.6,3,0,0,0,4.1,1.5,0,0,4
AICHL1029,Chile,Grupo Gala Sector C,9.6,3,0,0,0,4.1,1.5,0,0,4
AICHL1031,Chile,Isla Anita,9.6,3,0,0,0,4.1,1.5,0,0,4
AICHL1032,Chile,Isla Campos,9.6,3,0,0,0,4.1,1.5,0,0,4
AICHL1033,Chile,Isla Canalad Sector A,9.6,3,0,0,0,4.1,1.5,0,0,4
AICHL1034,Chile,Isla Canalad Sector B,9.6,3,0,0,0,4.1,1.5,0,0,4
AICHL1035,Chile,Isla Canalad Sector C,9.6,3,0,0,0,4.1,1.5,0,0,4
AICHL1036,Chile,Isla Costa,9.6,3,0,0,0,4.1,1.5,0,0,4
AICHL1037,Chile,Isla Francisco,9.6,3,0,0,0,4.1,1.5,0,0,4
AICHL1038,Chile,Isla Guacanec,9.6,3,0,0,0,4.1,1.5,0,0,4
AICHL1039,Chile,Isla Gunther,9.6,3,0,0,0,4.1,1.5,0,0,4
AICHL1040,Chile,Isla Magdalena Sector B,9.6,3,0,0,0,4.1,1.5,0,0,4
AICHL1041,Chile,Isla Marta,9.6,3,0,0,0,4.1,1.5,0,0,4
AICHL1042,Chile,Isla Westhoff,9.6,3,0,0,0,4.1,1.5,0,0,4
AICHL1043,Chile,Islas Huichas Sector A,9.6,3,0,0,0,4.1,1.5,0,0,4
AICHL1044,Chile,Islas Huichas Sector B,9.6,3,0,0,0,4.1,1.5,0,0,4
AICHL1045,Chile,Islas Huichas Sector C,9.6,3,0,0,0,4.1,1.5,0,0,4
AICHL1046,Chile,Islas Huichas Sector F,9.6,3,0,0,0,4.1,1.5,0,0,4
AICHL1047,Chile,Islas Huichas Sector G,9.6,3,0,0,0,4.1,1.5,0,0,4
AICHL1048,Chile,Islas Huichas Sector H,9.6,3,0,0,0,4.1,1.5,0,0,4
AICHL1049,Chile,Islas Huichas Sector I,9.6,3,0,0,0,4.1,1.5,0,0,4
AICHL1050,Chile,Islas Huichas Sector J,9.6,3,0,0,0,4.1,1.5,0,0,4
AICHL1052,Chile,Islas Huichas Sector L,9.6,3,0,0,0,4.1,1.5,0,0,4
AICHL1053,Chile,Islas Huichas Sector M,9.6,3,0,0,0,4.1,1.5,0,0,4
AICHL1054,Chile,Islas Huichas Sector N,9.6,3,0,0,0,4.1,1.5,0,0,4
AICHL1055,Chile,Islas Huichas Sector O,9.6,3,0,0,0,4.1,1.5,0,0,4
AICHL1056,Chile,Islote Queulat,9.6,3,0,0,0,4.1,1.5,0,0,4
AICHL1057,Chile,Islote Roca Blanca,9.6,3,0,0,0,4.1,1.5,0,0,4
AICHL1058,Chile,Marín Balmaceda Sector A,9.6,3,0,0,0,4.1,1.5,0,0,4
AICHL1059,Chile,Marín Balmaceda Sector B,9.6,3,0,0,0,4.1,1.5,0,0,4
AICHL1060,Chile,Marín Balmaceda Sector C,9.6,3,0,0,0,4.1,1.5,0,0,4
AICHL1061,Chile,Marín Balmaceda Sector D,9.6,3,0,0,0,4.1,1.5,0,0,4
AICHL1062,Chile,Meninea Sector A,9.6,3,0,0,0,4.1,1.5,0,0,4
AICHL1063,Chile,Meninea Sector B,9.6,3,0,0,0,4.1,1.5,0,0,4
AICHL1064,Chile,Meninea Sector C,9.6,3,0,0,0,4.1,1.5,0,0,4
AICHL1065,Chile,Norte Isla Juan,9.6,3,0,0,0,4.1,1.5,0,0,4
AICHL1068,Chile,Puerto Aguirre Sector B,9.6,3,0,0,0,4.1,1.5,0,0,4
AICHL1070,Chile,Puerto Aguirre Sector D,9.6,3,0,0,0,4.1,1.5,0,0,4
AICHL1071,Chile,Puerto Amparo Chico,9.6,3,0,0,0,4.1,1.5,0,0,4
AICHL1072,Chile,Puerto Aysen Sector B,9.6,3,0,0,0,4.1,1.5,0,0,4
AICHL1073,Chile,Puerto Gala Sector A,9.6,3,0,0,0,4.1,1.5,0,0,4
AICHL1074,Chile,Puerto Gala Sector C,9.6,3,0,0,0,4.1,1.5,0,0,4
AICHL1075,Chile,Puerto Gala Sector E,9.6,3,0,0,0,4.1,1.5,0,0,4
AICHL1076,Chile,Puerto Gala Sector F,9.6,3,0,0,0,4.1,1.5,0,0,4
AICHL1078,Chile,Puerto Gaviota Sector A,9.6,3,0,0,0,4.1,1.5,0,0,4
AICHL1080,Chile,Puerto Low,9.6,3,0,0,0,4.1,1.5,0,0,4
AICHL1081,Chile,Puerto Melimka Sector A,9.6,3,0,0,0,4.1,1.5,0,0,4
AICHL1082,Chile,Punta Puquitín,9.6,3,0,0,0,4.1,1.5,0,0,4
AICHL1083,Chile,Seno Canalad,9.6,3,0,0,0,4.1,1.5,0,0,4
AICHL1084,Chile,Suroeste,9.6,3,0,0,0,4.1,1.5,0,0,4
AICHL1085,Chile,Weste Isla Guerrero,9.6,3,0,0,0,4.1,1.5,0,0,4
AICHL1086,Chile,Weste Isla Marta,9.6,3,0,0,0,4.1,1.5,0,0,4
AICHL1087,Chile,Weste Isla Rivero,9.6,3,0,0,0,4.1,1.5,0,0,4
AICHL1089,Chile,Amargos,9.6,3,0,0,0,4.1,1.5,0,0,4
AICHL1090,Chile,Bonifacio Sector A,9.6,3,0,0,0,4.1,1.5,0,0,4
AICHL1091,Chile,Bonifacio Sector B,9.6,3,0,0,0,4.1,1.5,0,0,4
AICHL1092,Chile,Caleta Hueicolla,9.6,3,0,0,0,4.1,1.5,0,0,4
AICHL1093,Chile,Caleta Huido,9.6,3,0,0,0,4.1,1.5,0,0,4
AICHL1094,Chile,Chaihuin Sector A,9.6,3,0,0,0,4.1,1.5,0,0,4
AICHL1095,Chile,Chaihuin Sector B,9.6,3,0,0,0,4.1,1.5,0,0,4
AICHL1096,Chile,Chaihuin Sector C,9.6,3,0,0,0,4.1,1.5,0,0,4
AICHL1097,Chile,Chan Chan,9.6,3,0,0,0,4.1,1.5,0,0,4
AICHL1098,Chile,Corral,9.6,3,0,0,0,4.1,1.5,0,0,4
AICHL1099,Chile,Galera Sector A,9.6,3,0,0,0,4.1,1.5,0,0,4
AICHL1100,Chile,Galera Sector B,9.6,3,0,0,0,4.1,1.5,0,0,4
AICHL1101,Chile,Galera Sector C,9.6,3,0,0,0,4.1,1.5,0,0,4
AICHL1102,Chile,Guadei,9.6,3,0,0,0,4.1,1.5,0,0,4
AICHL1103,Chile,Huape Sector A,9.6,3,0,0,0,4.1,1.5,0,0,4
AICHL1104,Chile,Huape Sector B,9.6,3,0,0,0,4.1,1.5,0,0,4
AICHL1105,Chile,Hueicolla Sur,9.6,3,0,0,0,4.1,1.5,0,0,4
AICHL1106,Chile,Isla de Mancera,9.6,3,0,0,0,4.1,1.5,0,0,4
AICHL1107,Chile,Isla del Rey,9.6,3,0,0,0,4.1,1.5,0,0,4
AICHL1108,Chile,Isla del Rey Sector A,9.6,3,0,0,0,4.1,1.5,0,0,4
AICHL1109,Chile,Los Molinos Sector A,9.6,3,0,0,0,4.1,1.5,0,0,4
AICHL1110,Chile,Los Molinos Sector B,9.6,3,0,0,0,4.1,1.5,0,0,4
AICHL1111,Chile,Maiquillahue,9.6,3,0,0,0,4.1,1.5,0,0,4
AICHL1112,Chile,Mehuin,9.6,3,0,0,0,4.1,1.5,0,0,4
AICHL1113,Chile,Mehuin Sector B,9.6,3,0,0,0,4.1,1.5,0,0,4
AICHL1114,Chile,Mehuin Sector C,9.6,3,0,0,0,4.1,1.5,0,0,4
AICHL1115,Chile,Mississipi,9.6,3,0,0,0,4.1,1.5,0,0,4
AICHL1116,Chile,Niebla,9.6,3,0,0,0,4.1,1.5,0,0,4
AICHL1117,Chile,Pelluco,9.6,3,0,0,0,4.1,1.5,0,0,4
AICHL1118,Chile,Piedra Blanca,9.6,3,0,0,0,4.1,1.5,0,0,4
AICHL1119,Chile,Playa Ranque,9.6,3,0,0,0,4.1,1.5,0,0,4
AICHL1120,Chile,Punta Ballena,9.6,3,0,0,0,4.1,1.5,0,0,4
AICHL1121,Chile,Punta Colun,9.6,3,0,0,0,4.1,1.5,0,0,4
AICHL1122,Chile,Punta Hueicolla Sector A,9.6,3,0,0,0,4.1,1.5,0,0,4
AICHL1123,Chile,Punta Hueicolla Sector B,9.6,3,0,0,0,4.1,1.5,0,0,4
AICHL1124,Chile,Punta La Iglesia,9.6,3,0,0,0,4.1,1.5,0,0,4
AICHL1125,Chile,Punta Lameguapi Sector A,9.6,3,0,0,0,4.1,1.5,0,0,4
AICHL1126,Chile,Punta Lameguapi Sector B,9.6,3,0,0,0,4.1,1.5,0,0,4
AICHL1127,Chile,Punta Misión,9.6,3,0,0,0,4.1,1.5,0,0,4
AICHL1128,Chile,Punta Quemada,9.6,3,0,0,0,4.1,1.5,0,0,4
AICHL1129,Chile,Punta Ñumpulli,9.6,3,0,0,0,4.1,1.5,0,0,4
AICHL1130,Chile,Río Colun Sector A,9.6,3,0,0,0,4.1,1.5,0,0,4
AICHL1131,Chile,Río Colun Sector B,9.6,3,0,0,0,4.1,1.5,0,0,4
AICHL1132,Chile,Sur Piedra Fusil,9.6,3,0,0,0,4.1,1.5,0,0,4
AICHL2056,Chile,"S.T.I PESCADORES ARTESANALESY AFINES N° 3, ISLAS HUICHAS",11.1,4,0,0,0,2.6,4.5,0,0,4
AICHL2057,Chile,ASOCIACIÓN GREMIAL DE BUZOS ASISTENTE Y PESCADORES ARTESANALES PUERTO ALDEA,11.1,4,0,0,0,2.6,4.5,0,0,4
AICHL2058,Chile,"ASOCIACIÓN GREMIAL DE BUZOS MARISCADORES, PESCADORES ARTESANALES Y RECOLECTORES DE ORILLA EL PANUL",11.1,4,0,0,0,2.6,4.5,0,0,4
AICHL2059,Chile,"ASOCIACIÓN GREMIAL DE BUZOS MARISCADORES, PESCADORES ARTESANALES Y RECOLECTORES DE ORILLA EL PANUL",11.1,4,0,0,0,2.6,4.5,0,0,4
AICHL2060,Chile,ASOCIACIÓN GREMIAL DE BUZOS PESCADORES Y RAMOS ARTESANALES INDEPENDIENTES DE TONGOY,11.1,4,0,0,0,2.6,4.5,0,0,4
AICHL2061,Chile,ASOCIACIÓN GREMIAL DE BUZOS PESCADORES Y RAMOS SIMILARES ARTESANALES INDEPENDIENTES DE TONGOY,11.1,4,0,0,0,2.6,4.5,0,0,4
AICHL2062,Chile,"ASOCIACIÓN GREMIAL DE BUZOS, PESCADORES Y RAMOS SIMILARES ARTESANALES INDEPENDIENTES DE TONGOY",11.1,4,0,0,0,2.6,4.5,0,0,4
AICHL2063,Chile,"ASOCIACIÓN GREMIAL DE BUZOS, PESCADORES Y RAMOS SIMILARES ARTESANALES INDEPENDIENTES DE TONGOY",11.1,4,0,0,0,2.6,4.5,0,0,4
AICHL2064,Chile,ASOCIACIÓN GREMIAL DE MARISCADORES Y PESCADORES DE LOS CHOROS,11.1,4,0,0,0,2.6,4.5,0,0,4
AICHL2065,Chile,ASOCIACION GREMIAL DE PESCADORES ARTESANALES “CALETA SAN PEDRO”,11.1,4,0,0,0,2.6,4.5,0,0,4
AICHL2066,Chile,ASOCIACION GREMIAL DE PESCADORES ARTESANALES CALETA PUERTO OSCURO,11.1,4,0,0,0,2.6,4.5,0,0,4
AICHL2067,Chile,ASOCIACIÓN GREMIAL DE PESCADORES ARTESANALES CALETA PUERTO OSCURO,11.1,4,0,0,0,2.6,4.5,0,0,4
AICHL2068,Chile,ASOCIACIÓN GREMIAL DE PESCADORES ARTESANALES CALETA RÍO LIMARÍ,11.1,4,0,0,0,2.6,4.5,0,0,4
AICHL2069,Chile,ASOCIACIÓN GREMIAL DE PESCADORES ARTESANALES CALETA SAN PEDRO,11.1,4,0,0,0,2.6,4.5,0,0,4
AICHL2071,Chile,ASOCIACIÓN GREMIAL DE PESCADORES ARTESANALES CALETA SIERRA,11.1,4,0,0,0,2.6,4.5,0,0,4
AICHL2072,Chile,ASOCIACIÓN GREMIAL DE PESCADORES ARTESANALES Y BUZOS MARISCADORES DE CALETA SAN PEDRO DE LA SERENA,11.1,4,0,0,0,2.6,4.5,0,0,4
AICHL2073,Chile,"ASOCIACION GREMIAL DE PESCADORES ARTESANALES, “CALETA SIERRA”",11.1,4,0,0,0,2.6,4.5,0,0,4
AICHL2074,Chile,"ASOCIACIÓN GREMIAL DE PESCADORES ARTESANALES, CALETA TOTORALILLO SUR, LOS VILOS IV REGION.",11.1,4,0,0,0,2.6,4.5,0,0,4
AICHL2075,Chile,ASOCIACION GREMIAL DE PESCADORES BUZOS Y ACTIVIDADES AFINES DE LA HERRADURA COQUIMBO,11.1,4,0,0,0,2.6,4.5,0,0,4
AICHL2076,Chile,ASOCIACION GREMIAL DE PESCADORES BUZOS Y ACTIVIDADES AFINES DE LA HERRADURA COQUIMBO,11.1,4,0,0,0,2.6,4.5,0,0,4
AICHL2077,Chile,ASOCIACION GREMIAL DE PESCADORES DE GUAYACÁN,11.1,4,0,0,0,2.6,4.5,0,0,4
AICHL2078,Chile,ASOCIACION GREMIAL DE PESCADORES DE GUAYACÁN,11.1,4,0,0,0,2.6,4.5,0,0,4
AICHL2079,Chile,ASOCIACIÓN GREMIAL DE TRABAJADORES DEL MAR PANAMERICANA NORTE CALETA HORNOS,11.1,4,0,0,0,2.6,4.5,0,0,4
AICHL2080,Chile,ASOCIACION GREMIAL DE TRABAJADORES INDEPENDIENTES DEL MAR CALETA DE HORNOS,11.1,4,0,0,0,2.6,4.5,0,0,4
AICHL2081,Chile,"ASOCIACIÓN GREMIAL DE TRABAJADORES INDEPENDIENTES DEL MAR, CALETA DE CHUNGUNGO",11.1,4,0,0,0,2.6,4.5,0,0,4
AICHL2082,Chile,"ASOCIACIÓN INDIGENA, BUZOS MARISCADORES, PESCADORES ARTESANALES Y RECOLECTORES DE ORILLA DEL SECTOR HUIRO",11.1,4,0,0,0,2.6,4.5,0,0,4
AICHL2083,Chile,COOPERATIVA DE PESCADORES LOS VILOS LIMITADA,11.1,4,0,0,0,2.6,4.5,0,0,4
AICHL2084,Chile,COOPERATIVA DE PESCADORES LOS VILOS LIMITADA.,11.1,4,0,0,0,2.6,4.5,0,0,4
AICHL2085,Chile,COOPERATIVA DE PESCADORES LOS VILOS LTDA.,11.1,4,0,0,0,2.6,4.5,0,0,4
AICHL2086,Chile,COOPERATIVA DE PESCADORES LOS VILOS LTDA.,11.1,4,0,0,0,2.6,4.5,0,0,4
AICHL2087,Chile,COOPERATIVA DE PESCADORES LOS VILOS LTDA.,11.1,4,0,0,0,2.6,4.5,0,0,4
AICHL2088,Chile,COOPERATIVA DE TRABAJO DE PRODUCCION Y TRANSFORMACION COOPEMAR TRUMAO LTDA.,11.1,4,0,0,0,2.6,4.5,0,0,4
AICHL2089,Chile,COOPERATIVA DE TRABAJO DE PRODUCCION Y TRANSFORMACION COOPEMAR TRUMAO LTDA.,11.1,4,0,0,0,2.6,4.5,0,0,4
AICHL2090,Chile,COOPERATIVA PESQUERA CALETA LOS PIURES PUNTA DE LOBOS,11.1,4,0,0,0,2.6,4.5,0,0,4
AICHL2091,Chile,ORGANIZACIÓN BUZOS MARISCADORES LOS CASTILLOS,11.1,4,0,0,0,2.6,4.5,0,0,4
AICHL2092,Chile,"PESCADORES ARTESANALES, BUZOS MARISCADORES, RECOLECTORES DE ORILLA Y ACUICULTORES SIRENITA",11.1,4,0,0,0,2.6,4.5,0,0,4
AICHL2093,Chile,S.T.I BUZOS MARISCADORES DE CALETA LARAQUETE,11.1,4,0,0,0,2.6,4.5,0,0,4
AICHL2094,Chile,"S.T.I BUZOS MARISCADORES, PESCADORES ARTESANALES Y ACT. SIMILARES DE CALETA LOS MOLINOS",11.1,4,0,0,0,2.6,4.5,0,0,4
AICHL2095,Chile,S.T.I DE PESCADORES ARTESANALES Y RAMOS AFINES NUEVA ESPERANZA DE PUERTO BONITO,11.1,4,0,0,0,2.6,4.5,0,0,4
AICHL2096,Chile,"S.T.I DE PESCADORES ARTESANALES, BUZOS MARISCADORES Y RAMOS SIMILARES NUEVA AVENTURA DE QUIACAS",11.1,4,0,0,0,2.6,4.5,0,0,4
AICHL2097,Chile,"S.T.I MARISCADORES, ALGUEROS Y PESCADORES LA SIRENITA DE PICHICOLO",11.1,4,0,0,0,2.6,4.5,0,0,4
AICHL2098,Chile,"S.T.I MARISCADORES, ALGUEROS Y PESCADORES LA SIRENITA DE PICHICOLO",11.1,4,0,0,0,2.6,4.5,0,0,4
AICHL2099,Chile,S.T.I PESCADORES ARTESANALES BUZOS MARISCADORES Y RAMOS SIMILARES CALETA DE CHAUMAN,11.1,4,0,0,0,2.6,4.5,0,0,4
AICHL2100,Chile,S.T.I PESCADORES ARTESANALES BUZOS MARISCADORES Y RAMOS SIMILARES DE PUNTILLA QUILLON,11.1,4,0,0,0,2.6,4.5,0,0,4
AICHL2101,Chile,S.T.I PESCADORES ARTESANALES DE ESTERO ROLECHA,11.1,4,0,0,0,2.6,4.5,0,0,4
AICHL2102,Chile,S.T.I PESCADORES ARTESANALES DE HUIRO.,11.1,4,0,0,0,2.6,4.5,0,0,4
AICHL2103,Chile,S.T.I PESCADORES ARTESANALES Y ACUICULTORES ALTO LAMECURA,11.1,4,0,0,0,2.6,4.5,0,0,4
AICHL2104,Chile,S.T.I PESCADORES ARTESANALES Y RAMOS SIMILARES LLEGUIMAN,11.1,4,0,0,0,2.6,4.5,0,0,4
AICHL2105,Chile,S.T.I PESCADORES ARTESANALES Y RAMOS SIMILARES LLEGUIMAN,11.1,4,0,0,0,2.6,4.5,0,0,4
AICHL2106,Chile,"S.T.I PESCADORES ARTESANALES, BUZOS MARISCADORES Y ALGUEROS MARINERO FUENTEALBA DE CALETA MANQUEMAPU.",11.1,4,0,0,0,2.6,4.5,0,0,4
AICHL2107,Chile,"S.T.I PESCADORES ARTESANALES, BUZOS MARISCADORES Y RAMOS SIMILARES AGUAS CLARAS DE MAÑIHUEICO",11.1,4,0,0,0,2.6,4.5,0,0,4
AICHL2108,Chile,"S.T.I PESCADORES ARTESANALES, BUZOS MARISCADORES Y RAMOS SIMILARES AGUAS CLARAS DE MAÑIHUEICO",11.1,4,0,0,0,2.6,4.5,0,0,4
AICHL2109,Chile,"S.T.I PESCADORES ARTESANALES, BUZOS MARISCADORES Y RAMOS SIMILARES CALETA DE CHAUMAN",11.1,4,0,0,0,2.6,4.5,0,0,4
AICHL2110,Chile,"S.T.I PESCADORES ARTESANALES, BUZOS MARISCADORES Y RAMOS SIMILARES ENTRE RIOS HUALAIHUE ESTERO",11.1,4,0,0,0,2.6,4.5,0,0,4
AICHL2111,Chile,"S.T.I PESCADORES ARTESANALES, BUZOS MARISCADORES Y RAMOS SIMILARES PICHICOLU",11.1,4,0,0,0,2.6,4.5,0,0,4
AICHL2112,Chile,"S.T.I PESCADORES ARTESANALES, BUZOS MARISCADORES, ASISTENTES DE BUZOS, ACUICOLTORES Y RAMOS AFINES “RIO MAULLÍN”",11.1,4,0,0,0,2.6,4.5,0,0,4
AICHL2113,Chile,"S.T.I PESCADORES ARTESANALES, BUZOS MARISCADORES, RECOLECTORES DE ORILLA CALETA CASCABELES",11.1,4,0,0,0,2.6,4.5,0,0,4
AICHL2114,Chile,"S.T.I PESCADORES ARTESANALES, MARISCADORES BUZOS, ACUICULTORES ALGUEROS Y RAMOS SIMILARES DE LA COMUNA DE DALCAHUE",11.1,4,0,0,0,2.6,4.5,0,0,4
AICHL2115,Chile,"S.T.I PESCADORES DE LA PESCA ARTESANAL ,BUZOS MARISCADORES, NUEVA VENTURA",11.1,4,0,0,0,2.6,4.5,0,0,4
AICHL2116,Chile,"S.T.I. ARTESANALES, BUZOS, MARISCADORES, ALGUEROS Y ACUICULTORES CASCAJAL",11.1,4,0,0,0,2.6,4.5,0,0,4
AICHL2117,Chile,S.T.I. BUZOS MARISCADORES DE CALETA LARAQUETE,11.1,4,0,0,0,2.6,4.5,0,0,4
AICHL2118,Chile,S.T.I. BUZOS MARISCADORES DE CALETA LARAQUETE,11.1,4,0,0,0,2.6,4.5,0,0,4
AICHL2119,Chile,S.T.I. BUZOS MARISCADORES DE LA CALETA CERRO VERDE BAJO Y S.T.I. DE LA PESCA ARTESANAL PESCADORES ARTESANALES AYUDANTES DE BUZOS Y BUZOS ARTESANALES DE LA CALETA CERRO VERDE,11.1,4,0,0,0,2.6,4.5,0,0,4
AICHL2120,Chile,S.T.I. DE BUZOS MARISCADORES Y PESCADORES EN TODAS SUS CATEGORIAS DE LA CALETA CHAÑARAL DE ACEITUNO,11.1,4,0,0,0,2.6,4.5,0,0,4
AICHL2121,Chile,S.T.I. DE PESCADORES ARTESANALES  Y RAMOS AFINES DE LA LOCALIDAD DE CHAICAS,11.1,4,0,0,0,2.6,4.5,0,0,4
AICHL2122,Chile,S.T.I. DE PESCADORES ARTESANALES Y AFINES N° 3 ISLAS HUICHAS,11.1,4,0,0,0,2.6,4.5,0,0,4
AICHL2123,Chile,S.T.I. DE PESCADORES ARTESANALES Y BUZOS MARISCADORES DE PRODUCTOS MARINOS CALETA SAN PEDRO,11.1,4,0,0,0,2.6,4.5,0,0,4
AICHL2124,Chile,S.T.I. DE PESCADORES ARTESANALES Y RECOLECTORES DE ORILLA Y RAMOS SIMILARES MAR Y TIERRA PUERTO MONTT,11.1,4,0,0,0,2.6,4.5,0,0,4
AICHL2125,Chile,"S.T.I. PESCADORES ARTESANALES, BUZOS MARISCADORES EXTRACTORES DE PRODUCTOS DEL MAR CALETA CHIGUALOCO",11.1,4,0,0,0,2.6,4.5,0,0,4
AICHL2126,Chile,"S.T.I. PESCADORES ARTESANALES, BUZOS MARISCADORES Y RAMOS SIMILARES “NUEVA AVENTURA” DE QUIACA",11.1,4,0,0,0,2.6,4.5,0,0,4
AICHL2127,Chile,"S.T.I. PESCADORES ARTESANALES, BUZOS MARISCADORES Y RAMOS SIMILARES “NUEVA AVENTURA” DE QUIACA.",11.1,4,0,0,0,2.6,4.5,0,0,4
AICHL2128,Chile,"S.T.I. PESCADORES ARTESANALES, BUZOS MARISCADORES Y RAMOS SIMILARES DE CALETA VENTANAS",11.1,4,0,0,0,2.6,4.5,0,0,4
AICHL2129,Chile,"S.T.I. PESCADORES ARTESANALES, BUZOS MARISCADORES, ALGUEROS Y RAMOS SIMILARES SAN PEDRO EL MANZANO",11.1,4,0,0,0,2.6,4.5,0,0,4
AICHL2130,Chile,"SIND DE TRAB. INDEP. DE PESCA ARTESANAL, BUZOS MARISCADORES Y ACT. CONEXAS DE LA CALETA LLICO.",11.1,4,0,0,0,2.6,4.5,0,0,4
AICHL2132,Chile,"SIND. DE TRAB. INDEP. PESCADORES ARTESANALES, BUZOS MARISCADORES, ASISTENTES DE BUZO Y RAMOS SIMILARES DE YUSTE EL FUTURO",11.1,4,0,0,0,2.6,4.5,0,0,4
AICHL2133,Chile,SIND. INDEP. DE TRABAJADORES Y RECOLECTORES DE ALGAS MARINAS LA HERRADURA,11.1,4,0,0,0,2.6,4.5,0,0,4
AICHL2134,Chile,SIND. INDEP. DE TRABAJADORES Y RECOLECTORES DE ALGAS MARINAS LA HERRADURA,11.1,4,0,0,0,2.6,4.5,0,0,4
AICHL2135,Chile,SIND. TRABAJADORES INDEPENDIENTES DE PESCADORES 16 DE SEPTIEMBRE,11.1,4,0,0,0,2.6,4.5,0,0,4
AICHL2136,Chile,SIND. TRABAJADORES INDEPENDIENTES DE PESCADORES 16 DE SEPTIEMBRE.,11.1,4,0,0,0,2.6,4.5,0,0,4
AICHL2137,Chile,"SIND. TRABAJADORES INDEPENDIENTES DE RECOLECTORES DE ALGAS MARINAS GLASILARIAS, SECTOR PLAYA CHANGA",11.1,4,0,0,0,2.6,4.5,0,0,4
AICHL2138,Chile,SINDICATO DE PESCADORES ARTESANALES BUZOS MARISCADORES Y RAMOS SIMILARES ENTRE ESTEROS DE QUILDACO BAJO,11.1,4,0,0,0,2.6,4.5,0,0,4
AICHL2139,Chile,SINDICATO DE PESCADORES ARTESANALES BUZOS MARISCADORES Y RAMOS SIMILARES SAN PEDRO DE AULÉN,11.1,4,0,0,0,2.6,4.5,0,0,4
AICHL2140,Chile,SINDICATO DE PESCADORES ARTESANALES BUZOS MARISCADORES Y RAMOS SIMILARES SAN PEDRO DE AULÉN,11.1,4,0,0,0,2.6,4.5,0,0,4
AICHL2141,Chile,SINDICATO DE TRAB. INDEP. PESC. ARTES. BUZOS MARISC. Y ACTIVIDADES CONEXAS DE LA CALETA LLICO,11.1,4,0,0,0,2.6,4.5,0,0,4
AICHL2142,Chile,"SINDICATO DE TRABAJADORES ARTESANALES, BUZOS MARISCADORES Y RECOLECTORES DE ORILLA LA CRUZ DE CHUNGUNGO",11.1,4,0,0,0,2.6,4.5,0,0,4
AICHL2143,Chile,SINDICATO DE TRABAJADORES INDEPENDIENTE PESCADORES ARTESANALES Y BUZOS MARISCADORES ALGAMAR,11.1,4,0,0,0,2.6,4.5,0,0,4
AICHL2144,Chile,SINDICATO DE TRABAJADORES INDEPENDIENTES  PESCADORES ARTESNALES COSTA BELLA DE ISLA MAILLEN,11.1,4,0,0,0,2.6,4.5,0,0,4
AICHL2145,Chile,"SINDICATO DE TRABAJADORES INDEPENDIENTES DE BUZOS MARISCADORES, ALGUEROS Y RAMOS SIMILARES DE CALETA EL SAUCE",11.1,4,0,0,0,2.6,4.5,0,0,4
AICHL2146,Chile,"SINDICATO DE TRABAJADORES INDEPENDIENTES DE BUZOS MARISCADORES, PESCADORES ARTESANALES Y RECOLECTORES LOS LOBOS",11.1,4,0,0,0,2.6,4.5,0,0,4
AICHL2147,Chile,"SINDICATO DE TRABAJADORES INDEPENDIENTES DE LA PESCA ARTESANAL, BUZOS Y ACUICULTORES “MARÍTIMOS” SAN AGUSTÍN",11.1,4,0,0,0,2.6,4.5,0,0,4
AICHL2148,Chile,SINDICATO DE TRABAJADORES INDEPENDIENTES DE PESCADORES ARTESANALES ALGARROBO,11.1,4,0,0,0,2.6,4.5,0,0,4
AICHL2149,Chile,"SINDICATO DE TRABAJADORES INDEPENDIENTES DE PESCADORES ARTESANALES, BUZOS MARISCADORES ALGUEROS Y RAMAS SIMILARES PICHICOLO",11.1,4,0,0,0,2.6,4.5,0,0,4
AICHL2150,Chile,SINDICATO DE TRABAJADORES INDEPENDIENTES ESTERO RIO METRI,11.1,4,0,0,0,2.6,4.5,0,0,4
AICHL2151,Chile,SINDICATO DE TRABAJADORES INDEPENDIENTES PESCADORES ARTESANALES ASTI-MAR ASTILLEROS,11.1,4,0,0,0,2.6,4.5,0,0,4
AICHL2152,Chile,SINDICATO DE TRABAJADORES INDEPENDIENTES PESCADORES ARTESANALES BUZOS MARISCADORES EXTRACTORES DE PRODUCTOS MARINOS CALETAS LAS CONCHAS,11.1,4,0,0,0,2.6,4.5,0,0,4
AICHL2153,Chile,SINDICATO DE TRABAJADORES INDEPENDIENTES PESCADORES ARTESANALES BUZOS MARISCADORES EXTRACTORES DE PRODUCTOS MARINOS CALETAS LAS CONCHAS,11.1,4,0,0,0,2.6,4.5,0,0,4
AICHL2154,Chile,SINDICATO DE TRABAJADORES INDEPENDIENTES PESCADORES ARTESANALES DE CHAIHUIN,11.1,4,0,0,0,2.6,4.5,0,0,4
AICHL2156,Chile,SINDICATO DE TRABAJADORES INDEPENDIENTES PESCADORES ARTESANALES Y OTRAS ACTIVIDADES DEL MAR ISLA TENGLO LA CAPILLA,11.1,4,0,0,0,2.6,4.5,0,0,4
AICHL2157,Chile,"SINDICATO DE TRABAJADORES INDEPENDIENTES PESCADORES ARTESANALES, ALGUEROS, MARISCADORES Y RAMOS AFINES EULOGIO GOYCOLEA GARAY",11.1,4,0,0,0,2.6,4.5,0,0,4
AICHL2158,Chile,"SINDICATO DE TRABAJADORES INDEPENDIENTES PESCADORES ARTESANALES, BUZOS MARISCADORES Y RAMOS SIMILARES “AGUAS CLARAS” DE MAÑIHUEICO",11.1,4,0,0,0,2.6,4.5,0,0,4
AICHL2159,Chile,"SINDICATO DE TRABAJADORES INDEPENDIENTES PESCADORES ARTESANALES, BUZOS MARISCADORES Y RAMOS SIMILARES “PICHICOLO”.",11.1,4,0,0,0,2.6,4.5,0,0,4
AICHL2160,Chile,"SINDICATO DE TRABAJADORES INDEPENDIENTES PESCADORES ARTESANALES, BUZOS, MARISCADORES Y RAMOS SIMILARES CALETA EL MANZANO",11.1,4,0,0,0,2.6,4.5,0,0,4
AICHL2161,Chile,"SINDICATO DE TRABAJADORES INDEPENDIENTES PESCADORES ARTESANALES, CULTIVADORES DE RECURSOS DEL MAR.",11.1,4,0,0,0,2.6,4.5,0,0,4
AICHL2162,Chile,SINDICATO DE TRABAJADORES INDEPENDIENTES PROGRESO DE HORNILLOS,11.1,4,0,0,0,2.6,4.5,0,0,4
AICHL2163,Chile,SINDICATO DE TRABAJADORES INDEPENDIENTES PROGRESO DE HORNILLOS,11.1,4,0,0,0,2.6,4.5,0,0,4
AICHL2164,Chile,SINDICATO DE TRABAJADORES INDEPENDIENTES Y BUZOS MARISCADORES DE LIRQUÉN,11.1,4,0,0,0,2.6,4.5,0,0,4
AICHL2166,Chile,"SINDICATO DE TRABAJADORES INDEPENDIENTES, ARMADORES ARTESANALES DEMERSALES Y RAMOS AFINES “ESTRELLA DEL SUR DE CALBUCO”",11.1,4,0,0,0,2.6,4.5,0,0,4
AICHL2167,Chile,"SINDICATO DE TRABAJADORES INDEPENDIENTES, BUZOS MARISCADORES Y RAMOS SIMILARES “CALETA CHAUMAN”",11.1,4,0,0,0,2.6,4.5,0,0,4
AICHL2168,Chile,"SINDICATO DE TRABAJADORES INDEPENDIENTES, BUZOS MARISCADORES, PESCADORES ARTESANALES Y RECOLECTORES LOS LOBOS",11.1,4,0,0,0,2.6,4.5,0,0,4
AICHL2169,Chile,"SINDICATO DE TRABAJADORES INDEPENDIENTES, CULTIVADORES Y EXPLOTADORES DE ALGAS BAHIA PULELO",11.1,4,0,0,0,2.6,4.5,0,0,4
AICHL2170,Chile,"SINDICATO DE TRABAJADORES INDEPENDIENTES, CULTIVADORES Y EXPLOTADORES DE ALGAS BAHIA PULELO",11.1,4,0,0,0,2.6,4.5,0,0,4
AICHL2171,Chile,"SINDICATO DE TRABAJADORES INDEPENDIENTES, CULTIVADORES Y EXPLOTADORES DE ALGAS BAHIA PULELO",11.1,4,0,0,0,2.6,4.5,0,0,4
AICHL2172,Chile,"SINDICATO DE TRABAJADORES INDEPENDIENTES, PESCADORES ARTESANALES DE BONIFACIO",11.1,4,0,0,0,2.6,4.5,0,0,4
AICHL2173,Chile,"SINDICATO DE TRABAJADORES INDEPENDIENTES, PESCADORES ARTESANALES TOTORALILLO NORTE, LA HIGUERA",11.1,4,0,0,0,2.6,4.5,0,0,4
AICHL2174,Chile,"SINDICATO DE TRABAJADORES INDEPENDIENTES, PESCADORES ARTESANALES TOTORALILLO NORTE, LA HIGUERA",11.1,4,0,0,0,2.6,4.5,0,0,4
AICHL2175,Chile,"SINDICATO DE TRABAJADORES INDEPENDIENTES, PESCADORES ARTESANALES Y ALGUEROS DE CHANA",11.1,4,0,0,0,2.6,4.5,0,0,4
AICHL2176,Chile,"SINDICATO DE TRABAJADORES INDEPENDIENTES, PESCADORES ARTESANALES Y BUZOS MARISCADORES EXTRACTORES DE PRODUCTOS MARINOS CALETA HUENTELAUQUÉN",11.1,4,0,0,0,2.6,4.5,0,0,4
AICHL2177,Chile,"SINDICATO DE TRABAJADORES INDEPENDIENTES, PESCADORES ARTESANALES Y RECOLECTORAS DE ORILLA DE COLIUMO",11.1,4,0,0,0,2.6,4.5,0,0,4
AICHL2178,Chile,"SINDICATO DE TRABAJADORES INDEPENDIENTES, PESCADORES ARTESANALES, ALGUEROS, BUZOS MARISCADORES Y RAMOS SIMILARES DE “AUCHAC",11.1,4,0,0,0,2.6,4.5,0,0,4
AICHL2179,Chile,"SINDICATO DE TRABAJADORES INDEPENDIENTES, PESCADORES ARTESANALES, BUZOS MARISCADORES Y RAMOS SIMILARES “SAN ANTONIO DE CHOLGO”",11.1,4,0,0,0,2.6,4.5,0,0,4
AICHL2180,Chile,"SINDICATO DE TRABAJADORES INDEPENDIENTES, PESCADORES ARTESANALES, BUZOS MARISCADORES Y SIMILARES “UNIÓN Y ESFUERZO”",11.1,4,0,0,0,2.6,4.5,0,0,4
AICHL2181,Chile,"SINDICATO DE TRABAJADORES INDEPENDIENTES, PESCADORES ARTESANALES, BUZOS, MARISCADORES Y RAMOS SIMILARES DE “CALETA VENTANAS”.",11.1,4,0,0,0,2.6,4.5,0,0,4
AICHL2182,Chile,"SINDICATO DE TRABAJADORES INDEPEPENDIENTES BUZOS MARISCADORES, PESCADORES ARTESANALES Y RAMOS SIMILARES ESTRELLA DEL SUR DE ROLLIZO",11.1,4,0,0,0,2.6,4.5,0,0,4
AICHL2183,Chile,"SINDICATO DE TRABAJADORES Y TRABAJADORAS INDEPENDIENTES DE PESCADORES ARTESANALES,  ACUICULTORES(AS) Y TURISMO BOSQUEMAR.",11.1,4,0,0,0,2.6,4.5,0,0,4
AICHL2184,Chile,"SINDICATO DE TRABAJADORES Y TRABAJADORAS INDEPENDIENTES DE PESCADORES ARTESANALES, BUZOS MARISCADORES, ALGUEROS Y ACUICULTORES DE PUEBLO HUNDIDO",11.1,4,0,0,0,2.6,4.5,0,0,4
AICHL2185,Chile,SINDICATO INDEPENDIENTE DE PESCADORES ARTESANALES Y BUZOS MARISCADORES EXTRACTORES DE PRODUCTOS MARINOS CALETA TALQUILLA.,11.1,4,0,0,0,2.6,4.5,0,0,4
AICHL2186,Chile,"SINDICATO PESCADORES ARTESANALES, BUZOS MARISCADORES Y RAMOS SIMILARES DEL ESTERO DE COMPU",11.1,4,0,0,0,2.6,4.5,0,0,4
AICHL2187,Chile,"STI  DE BUZOS, AYUDANTES, PESCADORES Y RECOLECTORES DE LA CALETA CHUNGUNGO",11.1,4,0,0,0,2.6,4.5,0,0,4
AICHL2188,Chile,"STI DE LA PESCA ARTESANAL Y ACUICULTURA, PUNTILLA DE PICHICOLU",11.1,4,0,0,0,2.6,4.5,0,0,4
AICHL2189,Chile,"STI PESCADORES ARTESANALES Y BUZOS MARISCADORES, ALGUEROS, SAN PEDRO DE PELLUCO",11.1,4,0,0,0,2.6,4.5,0,0,4
AICHL2190,Chile,"STI PESCADORES ARTESANALES Y BUZOS, MARISCADORES EXTRACTORES DE PRODUCTOS MARINOS CALETA HUENTELAUQUÉN",11.1,4,0,0,0,2.6,4.5,0,0,4
AICHL2191,Chile,"STI PESCADORES ARTESANALES, ARMADORES, BUZOS, ALGUEROS, BENTÓNICOS, DEMERSALES, PELÁGICOS, RECOLECTORES DE ORILLA Y OFICIOS ANEXOS DE CALETA PESQUERA CHINQUIHUE",11.1,4,0,0,0,2.6,4.5,0,0,4
AICHL2192,Chile,"STI PESCADORES ARTESANALES, ARMADORES, BUZOS, ALGUEROS, BENTÓNICOS, DEMERSALES, PELÁGICOS, RECOLECTORES DE ORILLA Y OFICIOS ANEXOS DE CALETA PESQUERA CHINQUIHUE",11.1,4,0,0,0,2.6,4.5,0,0,4
AICHL2193,Chile,"STI PESCADORES ARTESANALES, BUZOS MARISCADORES Y RAMOS SIMILARES “CALETA TENAÚN”",11.1,4,0,0,0,2.6,4.5,0,0,4
AICHL2194,Chile,STI PESCADORES DE CALETA COLIUMO,11.1,4,0,0,0,2.6,4.5,0,0,4
AICHL2195,Chile,"STI. MUJERES PESCADORAS ARTESANALES, MARISCADORAS, BUZOS, RECOLECTORAS DE ORILLA Y LABORES AFINES LORD WILLOW, LOS VILOS",11.1,4,0,0,0,2.6,4.5,0,0,4
AICHL2196,Chile,STI. PESCADORES ARTESANALES Y PEQUEÑOS AGRICULTORES MAR Y CIELO,11.1,4,0,0,0,2.6,4.5,0,0,4
AICHL2197,Chile,STIPA BUZOS MARISCADORES PRODUCTOS MARINOS DE CALETA SAN PEDRO,11.1,4,0,0,0,2.6,4.5,0,0,4
AICHL2198,Chile,"STIPA BUZOS MARISCADORES, ARMADORES, RECOLECTORES DE ORILLA, MITILICULTORES Y RAMOS SIM. COSTA AZUL",11.1,4,0,0,0,2.6,4.5,0,0,4
AICHL2199,Chile,STIPA Y BUZOS MARISCADORES EXTRACTORES DE PRODUCTOS MARINOS CALETA SAN PEDRO,11.1,4,0,0,0,2.6,4.5,0,0,4
AICHL2200,Chile,"STIPA, RECOLECTORES DE ORILLA Y ALGUEROS DE CALETA COLIUMO",11.1,4,0,0,0,2.6,4.5,0,0,4
AICHL263,Chile,Artisanal Fishing Cove 1,25.9,5,0,2,2,14.4,4.5,0,0,7
AICHL264,Chile,Artisanal Fishing Cove 2,25.9,5,0,2,2,14.4,4.5,0,0,7
AICHL265,Chile,Artisanal Fishing Cove 3,25.9,5,0,2,2,14.4,4.5,0,0,7
AICHL266,Chile,Artisanal Fishing Cove 4,25.9,5,0,2,2,14.4,4.5,0,0,7
AICHL267,Chile,Artisanal Fishing Cove 5,25.9,5,0,2,2,14.4,4.5,0,0,7
AICHL268,Chile,Artisanal Fishing Cove 6,25.9,5,0,2,2,14.4,4.5,0,0,7
AICHL269,Chile,Artisanal Fishing Cove 7,25.9,5,0,2,2,14.4,4.5,0,0,7
AICHL271,Chile,Artisanal Fishing Cove 9,25.9,5,0,2,2,14.4,4.5,0,0,7
AICHL292,Chile,Artisanal Fishing Cove 30,25.9,5,0,2,2,14.4,4.5,0,0,7
AICHL293,Chile,Artisanal Fishing Cove 31,25.9,5,0,2,2,14.4,4.5,0,0,7
AICHL294,Chile,Artisanal Fishing Cove 32,25.9,5,0,2,2,14.4,4.5,0,0,7
AICHL295,Chile,Artisanal Fishing Cove 33,25.9,5,0,2,2,14.4,4.5,0,0,7
AICHL296,Chile,Artisanal Fishing Cove 34,25.9,5,0,2,2,14.4,4.5,0,0,7
AICHL297,Chile,Artisanal Fishing Cove 35,25.9,5,0,2,2,14.4,4.5,0,0,7
AICHL298,Chile,Artisanal Fishing Cove 36,25.9,5,0,2,2,14.4,4.5,0,0,7
AICHL299,Chile,Artisanal Fishing Cove 37,25.9,5,0,2,2,14.4,4.5,0,0,7
AICHL300,Chile,Artisanal Fishing Cove 38,25.9,5,0,2,2,14.4,4.5,0,0,7
AICHL301,Chile,Artisanal Fishing Cove 39,25.9,5,0,2,2,14.4,4.5,0,0,7
AICHL303,Chile,Artisanal Fishing Cove 41,25.9,5,0,2,2,14.4,4.5,0,0,7
AICHL304,Chile,Artisanal Fishing Cove 42,25.9,5,0,2,2,14.4,4.5,0,0,7
AICHL305,Chile,Artisanal Fishing Cove 43,25.9,5,0,2,2,14.4,4.5,0,0,7
AICHL306,Chile,Artisanal Fishing Cove 44,25.9,5,0,2,2,14.4,4.5,0,0,7
AICHL307,Chile,Artisanal Fishing Cove 45,25.9,5,0,2,2,14.4,4.5,0,0,7
AICHL308,Chile,Artisanal Fishing Cove 46,25.9,5,0,2,2,14.4,4.5,0,0,7
AICHL309,Chile,Artisanal Fishing Cove 47,25.9,5,0,2,2,14.4,4.5,0,0,7
AICHL310,Chile,Artisanal Fishing Cove 48,25.9,5,0,2,2,14.4,4.5,0,0,7
AICHL311,Chile,Artisanal Fishing Cove 49,25.9,5,0,2,2,14.4,4.5,0,0,7
AICHL312,Chile,Artisanal Fishing Cove 50,25.9,5,0,2,2,14.4,4.5,0,0,7
AICHL326,Chile,Artisanal Fishing Cove 64,25.9,5,0,2,2,14.4,4.5,0,0,7
AICHL327,Chile,Artisanal Fishing Cove 65,25.9,5,0,2,2,14.4,4.5,0,0,7
AICHL328,Chile,Artisanal Fishing Cove 66,25.9,5,0,2,2,14.4,4.5,0,0,7
AICHL329,Chile,Artisanal Fishing Cove 67,25.9,5,0,2,2,14.4,4.5,0,0,7
AICHL330,Chile,Artisanal Fishing Cove 68,25.9,5,0,2,2,14.4,4.5,0,0,7
AICHL331,Chile,Artisanal Fishing Cove 69,25.9,5,0,2,2,14.4,4.5,0,0,7
AICHL332,Chile,Artisanal Fishing Cove 70,25.9,5,0,2,2,14.4,4.5,0,0,7
AICHL333,Chile,Artisanal Fishing Cove 71,25.9,5,0,2,2,14.4,4.5,0,0,7
AICHL334,Chile,Artisanal Fishing Cove 72,25.9,5,0,2,2,14.4,4.5,0,0,7
AICHL335,Chile,Artisanal Fishing Cove 73,25.9,5,0,2,2,14.4,4.5,0,0,7
AICHL336,Chile,Artisanal Fishing Cove 74,25.9,5,0,2,2,14.4,4.5,0,0,7
AICHL337,Chile,Artisanal Fishing Cove 75,25.9,5,0,2,2,14.4,4.5,0,0,7
AICHL338,Chile,Artisanal Fishing Cove 76,25.9,5,0,2,2,14.4,4.5,0,0,7
AICHL339,Chile,Artisanal Fishing Cove 77,25.9,5,0,2,2,14.4,4.5,0,0,7
AICHL340,Chile,Artisanal Fishing Cove 78,25.9,5,0,2,2,14.4,4.5,0,0,7
AICHL341,Chile,Artisanal Fishing Cove 79,25.9,5,0,2,2,14.4,4.5,0,0,7
AICHL342,Chile,Artisanal Fishing Cove 80,25.9,5,0,2,2,14.4,4.5,0,0,7
AICHL343,Chile,Artisanal Fishing Cove 81,25.9,5,0,2,2,14.4,4.5,0,0,7
AICHL344,Chile,Artisanal Fishing Cove 82,25.9,5,0,2,2,14.4,4.5,0,0,7
AICHL345,Chile,Artisanal Fishing Cove 83,25.9,5,0,2,2,14.4,4.5,0,0,7
AICHL346,Chile,Artisanal Fishing Cove 84,25.9,5,0,2,2,14.4,4.5,0,0,7
AICHL347,Chile,Artisanal Fishing Cove 85,25.9,5,0,2,2,14.4,4.5,0,0,7
AICHL348,Chile,Artisanal Fishing Cove 86,25.9,5,0,2,2,14.4,4.5,0,0,7
AICHL349,Chile,Artisanal Fishing Cove 87,25.9,5,0,2,2,14.4,4.5,0,0,7
AICHL350,Chile,Artisanal Fishing Cove 88,25.9,5,0,2,2,14.4,4.5,0,0,7
AICHL351,Chile,Artisanal Fishing Cove 89,25.9,5,0,2,2,14.4,4.5,0,0,7
AICHL352,Chile,Artisanal Fishing Cove 90,25.9,5,0,2,2,14.4,4.5,0,0,7
AICHL353,Chile,Artisanal Fishing Cove 91,25.9,5,0,2,2,14.4,4.5,0,0,7
AICHL354,Chile,Artisanal Fishing Cove 92,25.9,5,0,2,2,14.4,4.5,0,0,7
AICHL355,Chile,Artisanal Fishing Cove 93,25.9,5,0,2,2,14.4,4.5,0,0,7
AICHL356,Chile,Artisanal Fishing Cove 94,25.9,5,0,2,2,14.4,4.5,0,0,7
AICHL357,Chile,Artisanal Fishing Cove 95,25.9,5,0,2,2,14.4,4.5,0,0,7
AICHL358,Chile,Artisanal Fishing Cove 96,25.9,5,0,2,2,14.4,4.5,0,0,7
AICHL359,Chile,Artisanal Fishing Cove 97,25.9,5,0,2,2,14.4,4.5,0,0,7
AICHL360,Chile,Artisanal Fishing Cove 98,25.9,5,0,2,2,14.4,4.5,0,0,7
AICHL361,Chile,Artisanal Fishing Cove 99,25.9,5,0,2,2,14.4,4.5,0,0,7
AICHL362,Chile,Artisanal Fishing Cove 100,25.9,5,0,2,2,14.4,4.5,0,0,7
AICHL363,Chile,Artisanal Fishing Cove 101,25.9,5,0,2,2,14.4,4.5,0,0,7
AICHL364,Chile,Artisanal Fishing Cove 102,25.9,5,0,2,2,14.4,4.5,0,0,7
AICHL365,Chile,Artisanal Fishing Cove 103,25.9,5,0,2,2,14.4,4.5,0,0,7
AICHL366,Chile,Artisanal Fishing Cove 104,25.9,5,0,2,2,14.4,4.5,0,0,7
AICHL367,Chile,Artisanal Fishing Cove 105,25.9,5,0,2,2,14.4,4.5,0,0,7
AICHL368,Chile,Artisanal Fishing Cove 106,25.9,5,0,2,2,14.4,4.5,0,0,7
AICHL369,Chile,Artisanal Fishing Cove 107,25.9,5,0,2,2,14.4,4.5,0,0,7
AICHL370,Chile,Artisanal Fishing Cove 108,25.9,5,0,2,2,14.4,4.5,0,0,7
AICHL371,Chile,Artisanal Fishing Cove 109,25.9,5,0,2,2,14.4,4.5,0,0,7
AICHL374,Chile,Caleta Chica,39.7,8,2,0,1,11.2,11.5,0,0,7
AICHL375,Chile,Caleta Los Toyos,13.0,10,0,0,1,3.0,6.0,0,0,4
AICHL376,Chile,Caramucho Sector C,32.9,8,2,0,0,11.4,4.5,0,0,7
AICHL377,Chile,Chanavaya,11.3,10,0,0,0,2.8,4.5,0,0,4
AICHL379,Chile,Chipana Sector A,9.6,3,0,0,0,4.1,1.5,0,0,4
AICHL380,Chile,Chipana Sector B,11.8,7,0,0,0,3.2,4.5,0,0,4
AICHL382,Chile,Pabellón de Pica Sector A,12.9,4,0,0,0,4.4,4.5,0,0,4
AICHL383,Chile,Pabellón de Pica Sector B,11.4,9,0,0,0,2.9,4.5,0,0,4
AICHL384,Chile,Pabellón de Pica Sector C,11.4,9,0,0,0,2.9,4.5,0,0,4
AICHL385,Chile,Pisagua,9.6,3,0,0,0,4.1,1.5,0,0,4
AICHL386,Chile,Punta Colorada,34.0,7,1,1,1,12.5,4.5,0,0,7
AICHL387,Chile,Punta Pichalo,29.8,9,1,0,1,6.8,6.0,0,0,7
AICHL388,Chile,Punta de Piedra,13.2,5,0,0,1,4.2,5.0,0,0,4
AICHL389,Chile,Río Seco Sector A,32.3,10,1,1,1,9.3,6.0,0,0,7
AICHL390,Chile,Río Seco Sector B,9.6,3,0,0,0,4.1,1.5,0,0,4
AICHL391,Chile,San Marcos Sector A,11.4,5,0,0,0,3.9,3.5,0,0,4
AICHL392,Chile,San Marcos Sector B,11.6,3,0,0,0,4.1,3.5,0,0,4
AICHL393,Chile,Yapes,13.8,8,0,0,1,3.3,4.5,0,0,6
AICHL394,Chile,Agua Dulce,30.8,10,1,1,1,9.3,4.5,0,0,7
AICHL396,Chile,Cabecera Norte,9.6,3,0,0,0,4.1,1.5,0,0,4
AICHL397,Chile,Caleta Bandurria,9.6,3,0,0,0,4.1,1.5,0,0,4
AICHL398,Chile,Caleta Blanco Encalada,9.6,3,0,0,0,4.1,1.5,0,0,4
AICHL399,Chile,Caleta Bolfi,9.6,3,0,0,0,4.1,1.5,0,0,4
AICHL400,Chile,Caleta Paposo Sector A,9.6,3,0,0,0,4.1,1.5,0,0,4
AICHL401,Chile,Caleta Paposo Sector B,9.6,3,0,0,0,4.1,1.5,0,0,4
AICHL402,Chile,Caleta de Afuera,9.6,3,0,0,0,4.1,1.5,0,0,4
AICHL403,Chile,Cobija Sector A,9.6,3,0,0,0,4.1,1.5,0,0,4
AICHL404,Chile,Colocolo,9.6,3,0,0,0,4.1,1.5,0,0,4
AICHL405,Chile,Coloso Sector A,9.6,3,0,0,0,4.1,1.5,0,0,4
AICHL406,Chile,Coloso Sector B,9.6,3,0,0,0,4.1,1.5,0,0,4
AICHL407,Chile,Coloso Sector C,9.6,3,0,0,0,4.1,1.5,0,0,4
AICHL408,Chile,El Buey,9.6,3,0,0,0,4.1,1.5,0,0,4
AICHL409,Chile,El Lagarto,9.6,3,0,0,0,4.1,1.5,0,0,4
AICHL410,Chile,Ensenada Taltal,9.6,3,0,0,0,4.1,1.5,0,0,4
AICHL411,Chile,Hornos Sector A,9.6,3,0,0,0,4.1,1.5,0,0,4
AICHL412,Chile,La Chimba,9.6,3,0,0,0,4.1,1.5,0,0,4
AICHL413,Chile,La Piedra del Sombrero,9.6,3,0,0,0,4.1,1.5,0,0,4
AICHL414,Chile,Las Guaneras,9.6,3,0,0,0,4.1,1.5,0,0,4
AICHL415,Chile,Los Andariveles,9.6,3,0,0,0,4.1,1.5,0,0,4
AICHL416,Chile,Punta Ampa,9.6,3,0,0,0,4.1,1.5,0,0,4
AICHL417,Chile,Punta Arenas Sector B,9.6,3,0,0,0,4.1,1.5,0,0,4
AICHL418,Chile,Punta Atala,9.6,3,0,0,0,4.1,1.5,0,0,4
AICHL419,Chile,Punta Blanca,9.6,3,0,0,0,4.1,1.5,0,0,4
AICHL420,Chile,Punta Campamento,9.6,3,0,0,0,4.1,1.5,0,0,4
AICHL421,Chile,Punta Chinos,9.6,3,0,0,0,4.1,1.5,0,0,4
AICHL422,Chile,Punta El Yeso,9.6,3,0,0,0,4.1,1.5,0,0,4
AICHL423,Chile,Punta Mal Paso,9.6,3,0,0,0,4.1,1.5,0,0,4
AICHL424,Chile,Punta Sur Taltal,9.6,3,0,0,0,4.1,1.5,0,0,4
AICHL425,Chile,Punta Lagarto,9.6,3,0,0,0,4.1,1.5,0,0,4
AICHL426,Chile,Punta Verde,9.6,3,0,0,0,4.1,1.5,0,0,4
AICHL429,Chile,Bajas del Norte,9.6,3,0,0,0,4.1,1.5,0,0,4
AICHL430,Chile,Barranquilla Norte,9.6,3,0,0,0,4.1,1.5,0,0,4
AICHL431,Chile,Caldera Sector A,9.6,3,0,0,0,4.1,1.5,0,0,4
AICHL432,Chile,Caldera Sector B,9.6,3,0,0,0,4.1,1.5,0,0,4
AICHL433,Chile,Caldera Sector C,9.6,3,0,0,0,4.1,1.5,0,0,4
AICHL434,Chile,Caleta Angosta,9.6,3,0,0,0,4.1,1.5,0,0,4
AICHL435,Chile,Caleta La Peña,9.6,3,0,0,0,4.1,1.5,0,0,4
AICHL436,Chile,Caleta Obispo,9.6,3,0,0,0,4.1,1.5,0,0,4
AICHL437,Chile,Caleta Pan de Azucar,9.6,3,0,0,0,4.1,1.5,0,0,4
AICHL438,Chile,Carrizal Bajo,9.6,3,0,0,0,4.1,1.5,0,0,4
AICHL439,Chile,Carrizal Bajo Sector B,9.6,3,0,0,0,4.1,1.5,0,0,4
AICHL440,Chile,Chañaral de Aceituno,9.6,3,0,0,0,4.1,1.5,0,0,4
AICHL441,Chile,Chañaral de Aceituno Sector B,9.6,3,0,0,0,4.1,1.5,0,0,4
AICHL442,Chile,Chañaral de Aceituno Sector C,9.6,3,0,0,0,4.1,1.5,0,0,4
AICHL443,Chile,El Bronce Sector C,9.6,3,0,0,0,4.1,1.5,0,0,4
AICHL444,Chile,El Caleuche,9.6,3,0,0,0,4.1,1.5,0,0,4
AICHL445,Chile,El Cisne Sector A,9.6,3,0,0,0,4.1,1.5,0,0,4
AICHL446,Chile,El Cisne Sector B,9.6,3,0,0,0,4.1,1.5,0,0,4
AICHL447,Chile,El Morado,9.6,3,0,0,0,4.1,1.5,0,0,4
AICHL448,Chile,El Totoral Sector A,9.6,3,0,0,0,4.1,1.5,0,0,4
AICHL449,Chile,El Totoral Sector B,9.6,3,0,0,0,4.1,1.5,0,0,4
AICHL450,Chile,El Totoral Sector C,9.6,3,0,0,0,4.1,1.5,0,0,4
AICHL451,Chile,Guanillos,9.6,3,0,0,0,4.1,1.5,0,0,4
AICHL452,Chile,La Cuadra,9.6,3,0,0,0,4.1,1.5,0,0,4
AICHL453,Chile,La Reina,9.6,3,0,0,0,4.1,1.5,0,0,4
AICHL454,Chile,Los Burros Sector B,9.6,3,0,0,0,4.1,1.5,0,0,4
AICHL455,Chile,Los Burros Sur,9.6,3,0,0,0,4.1,1.5,0,0,4
AICHL456,Chile,Los Corrales,9.6,3,0,0,0,4.1,1.5,0,0,4
AICHL457,Chile,Los Corrales Sector B,9.6,3,0,0,0,4.1,1.5,0,0,4
AICHL458,Chile,Los Huirales,9.6,3,0,0,0,4.1,1.5,0,0,4
AICHL459,Chile,Los Toyos,9.6,3,0,0,0,4.1,1.5,0,0,4
AICHL460,Chile,Pajonales,9.6,3,0,0,0,4.1,1.5,0,0,4
AICHL461,Chile,Playa Larga,9.6,3,0,0,0,4.1,1.5,0,0,4
AICHL462,Chile,Puerto Viejo,9.6,3,0,0,0,4.1,1.5,0,0,4
AICHL463,Chile,Puerto Viejo Sector B,9.6,3,0,0,0,4.1,1.5,0,0,4
AICHL464,Chile,Puerto Viejo Sector C,9.6,3,0,0,0,4.1,1.5,0,0,4
AICHL465,Chile,Punta Churra,9.6,3,0,0,0,4.1,1.5,0,0,4
AICHL466,Chile,Punta Copiapo,9.6,3,0,0,0,4.1,1.5,0,0,4
AICHL467,Chile,Punta Flamenco,9.6,3,0,0,0,4.1,1.5,0,0,4
AICHL468,Chile,Punta Frodden,9.6,3,0,0,0,4.1,1.5,0,0,4
AICHL469,Chile,Punta Obispito,9.6,3,0,0,0,4.1,1.5,0,0,4
AICHL470,Chile,Punta Roca Baja,9.6,3,0,0,0,4.1,1.5,0,0,4
AICHL471,Chile,Torres del Inca,9.6,3,0,0,0,4.1,1.5,0,0,4
AICHL472,Chile,Apolillado,9.6,3,0,0,0,4.1,1.5,0,0,4
AICHL473,Chile,Cabo Tablas,9.6,3,0,0,0,4.1,1.5,0,0,4
AICHL474,Chile,Caleta Boca del Barco,9.6,3,0,0,0,4.1,1.5,0,0,4
AICHL475,Chile,Caleta Illapel,9.6,3,0,0,0,4.1,1.5,0,0,4
AICHL476,Chile,Cascabeles,9.6,3,0,0,0,4.1,1.5,0,0,4
AICHL477,Chile,Cascabeles Sector B,9.6,3,0,0,0,4.1,1.5,0,0,4
AICHL478,Chile,Chepiquilla,9.6,3,0,0,0,4.1,1.5,0,0,4
AICHL479,Chile,Chigualoco,9.6,3,0,0,0,4.1,1.5,0,0,4
AICHL480,Chile,Choreadero,9.6,3,0,0,0,4.1,1.5,0,0,4
AICHL481,Chile,Chungungo Sector A,9.6,3,0,0,0,4.1,1.5,0,0,4
AICHL482,Chile,Chungungo Sector B,9.6,3,0,0,0,4.1,1.5,0,0,4
AICHL483,Chile,Chungungo Sector C,9.6,3,0,0,0,4.1,1.5,0,0,4
AICHL484,Chile,Chungungo Sector D,9.6,3,0,0,0,4.1,1.5,0,0,4
AICHL485,Chile,Chungungo Sector E,9.6,3,0,0,0,4.1,1.5,0,0,4
AICHL486,Chile,Coquimbo,9.6,3,0,0,0,4.1,1.5,0,0,4
AICHL487,Chile,El Panul,9.6,3,0,0,0,4.1,1.5,0,0,4
AICHL488,Chile,El Sauce,9.6,3,0,0,0,4.1,1.5,0,0,4
AICHL489,Chile,El Sauce Sector B,9.6,3,0,0,0,4.1,1.5,0,0,4
AICHL490,Chile,El Tome,9.6,3,0,0,0,4.1,1.5,0,0,4
AICHL491,Chile,Ensenada Arrayán,9.6,3,0,0,0,4.1,1.5,0,0,4
AICHL492,Chile,Guanaqueros Sector C,9.6,3,0,0,0,4.1,1.5,0,0,4
AICHL493,Chile,Guayacán,9.6,3,0,0,0,4.1,1.5,0,0,4
AICHL494,Chile,Herradura Chica,9.6,3,0,0,0,4.1,1.5,0,0,4
AICHL495,Chile,Hornos,9.6,3,0,0,0,4.1,1.5,0,0,4
AICHL496,Chile,Hornos Sector B,9.6,3,0,0,0,4.1,1.5,0,0,4
AICHL497,Chile,Hornos Sector C,9.6,3,0,0,0,4.1,1.5,0,0,4
AICHL498,Chile,Huentelauquén,9.6,3,0,0,0,4.1,1.5,0,0,4
AICHL499,Chile,Isla Choros,9.6,3,0,0,0,4.1,1.5,0,0,4
AICHL500,Chile,Islas Blancas,9.6,3,0,0,0,4.1,1.5,0,0,4
AICHL501,Chile,La Cachina,9.6,3,0,0,0,4.1,1.5,0,0,4
AICHL502,Chile,La Cebada,9.6,3,0,0,0,4.1,1.5,0,0,4
AICHL503,Chile,La Cebada Sector B,9.6,3,0,0,0,4.1,1.5,0,0,4
AICHL504,Chile,La Conchuela,9.6,3,0,0,0,4.1,1.5,0,0,4
AICHL505,Chile,La Herradura,9.6,3,0,0,0,4.1,1.5,0,0,4
AICHL506,Chile,La Peña,9.6,3,0,0,0,4.1,1.5,0,0,4
AICHL507,Chile,Las Minitas,9.6,3,0,0,0,4.1,1.5,0,0,4
AICHL508,Chile,Limari,9.6,3,0,0,0,4.1,1.5,0,0,4
AICHL509,Chile,Los Choros,9.6,3,0,0,0,4.1,1.5,0,0,4
AICHL510,Chile,Los Conchales,9.6,3,0,0,0,4.1,1.5,0,0,4
AICHL511,Chile,Los Lilenes,9.6,3,0,0,0,4.1,1.5,0,0,4
AICHL512,Chile,Los Lobos,9.6,3,0,0,0,4.1,1.5,0,0,4
AICHL513,Chile,Los Muleros,9.6,3,0,0,0,4.1,1.5,0,0,4
AICHL514,Chile,Los Vilos Sector A,9.6,3,0,0,0,4.1,1.5,0,0,4
AICHL515,Chile,Los Vilos Sector B,9.6,3,0,0,0,4.1,1.5,0,0,4
AICHL516,Chile,Los Vilos Sector C,9.6,3,0,0,0,4.1,1.5,0,0,4
AICHL517,Chile,Maitencillo,9.6,3,0,0,0,4.1,1.5,0,0,4
AICHL518,Chile,Mantos de Hornillo,9.6,3,0,0,0,4.1,1.5,0,0,4
AICHL519,Chile,Morro Grueso,9.6,3,0,0,0,4.1,1.5,0,0,4
AICHL520,Chile,Palo Colorado,9.6,3,0,0,0,4.1,1.5,0,0,4
AICHL521,Chile,Peninsula de Coquimbo Sector A,9.6,3,0,0,0,4.1,1.5,0,0,4
AICHL522,Chile,Peninsula de Coquimbo Sector B,9.6,3,0,0,0,4.1,1.5,0,0,4
AICHL523,Chile,Peninsula de Coquimbo Sector C,9.6,3,0,0,0,4.1,1.5,0,0,4
AICHL524,Chile,Peñuelas Sector A,9.6,3,0,0,0,4.1,1.5,0,0,4
AICHL525,Chile,Peñuelas Sector B,9.6,3,0,0,0,4.1,1.5,0,0,4
AICHL526,Chile,Pichidangui,9.6,3,0,0,0,4.1,1.5,0,0,4
AICHL527,Chile,Pichidangui Sector B,9.6,3,0,0,0,4.1,1.5,0,0,4
AICHL528,Chile,Playa Changa,9.6,3,0,0,0,4.1,1.5,0,0,4
AICHL529,Chile,Playa Changa Sector A,9.6,3,0,0,0,4.1,1.5,0,0,4
AICHL530,Chile,Puerto Aldea,9.6,3,0,0,0,4.1,1.5,0,0,4
AICHL531,Chile,Puerto Aldea Sector B,9.6,3,0,0,0,4.1,1.5,0,0,4
AICHL532,Chile,Puerto Manso,9.6,3,0,0,0,4.1,1.5,0,0,4
AICHL533,Chile,Puerto Oscuro,9.6,3,0,0,0,4.1,1.5,0,0,4
AICHL534,Chile,Puerto Oscuro Sector B,9.6,3,0,0,0,4.1,1.5,0,0,4
AICHL535,Chile,Punta La Herradura,9.6,3,0,0,0,4.1,1.5,0,0,4
AICHL536,Chile,Punta Lengua de Vaca,9.6,3,0,0,0,4.1,1.5,0,0,4
AICHL537,Chile,Punta Penitente Sector A,9.6,3,0,0,0,4.1,1.5,0,0,4
AICHL538,Chile,Punta Penitente Sector B,9.6,3,0,0,0,4.1,1.5,0,0,4
AICHL539,Chile,Punta Teatinos,9.6,3,0,0,0,4.1,1.5,0,0,4
AICHL540,Chile,Punta de Choros,9.6,3,0,0,0,4.1,1.5,0,0,4
AICHL541,Chile,Punta de Talca,9.6,3,0,0,0,4.1,1.5,0,0,4
AICHL542,Chile,Rincón de Ollas,9.6,3,0,0,0,4.1,1.5,0,0,4
AICHL543,Chile,Sierra,9.6,3,0,0,0,4.1,1.5,0,0,4
AICHL544,Chile,Sierra Sector B,9.6,3,0,0,0,4.1,1.5,0,0,4
AICHL545,Chile,Talquilla,9.6,3,0,0,0,4.1,1.5,0,0,4
AICHL546,Chile,Talquilla Sector B,9.6,3,0,0,0,4.1,1.5,0,0,4
AICHL547,Chile,Tarcaruca,9.6,3,0,0,0,4.1,1.5,0,0,4
AICHL548,Chile,Tarcaruca Sector B,9.6,3,0,0,0,4.1,1.5,0,0,4
AICHL549,Chile,Tarcaruca Sector C,9.6,3,0,0,0,4.1,1.5,0,0,4
AICHL550,Chile,Temblador,9.6,3,0,0,0,4.1,1.5,0,0,4
AICHL551,Chile,Tongoy,9.6,3,0,0,0,4.1,1.5,0,0,4
AICHL552,Chile,Totoral,9.6,3,0,0,0,4.1,1.5,0,0,4
AICHL553,Chile,Totoralillo Centro Sector A,9.6,3,0,0,0,4.1,1.5,0,0,4
AICHL554,Chile,Totoralillo Centro Sector B,9.6,3,0,0,0,4.1,1.5,0,0,4
AICHL555,Chile,Totoralillo Norte Sector A,9.6,3,0,0,0,4.1,1.5,0,0,4
AICHL556,Chile,Totoralillo Norte Sector B,9.6,3,0,0,0,4.1,1.5,0,0,4
AICHL557,Chile,Totoralillo Norte Sector C,9.6,3,0,0,0,4.1,1.5,0,0,4
AICHL558,Chile,Totoralillo Sur,9.6,3,0,0,0,4.1,1.5,0,0,4
AICHL559,Chile,Totoralillo Sur Las Plaillas,9.6,3,0,0,0,4.1,1.5,0,0,4
AICHL560,Chile,Ñague,9.6,3,0,0,0,4.1,1.5,0,0,4
AICHL561,Chile,Ñague Sector B,9.6,3,0,0,0,4.1,1.5,0,0,4
AICHL562,Chile,Algarrobo Sector A,9.6,3,0,0,0,4.1,1.5,0,0,4
AICHL563,Chile,Algarrobo Sector B,9.6,3,0,0,0,4.1,1.5,0,0,4
AICHL564,Chile,Algarrobo Sector C,9.6,3,0,0,0,4.1,1.5,0,0,4
AICHL565,Chile,Cachagua Sector A,9.6,3,0,0,0,4.1,1.5,0,0,4
AICHL566,Chile,Cartagena,9.6,3,0,0,0,4.1,1.5,0,0,4
AICHL567,Chile,El Membrillo,9.6,3,0,0,0,4.1,1.5,0,0,4
AICHL568,Chile,El Papagallo,9.6,3,0,0,0,4.1,1.5,0,0,4
AICHL569,Chile,El Quisco Sector A,9.6,3,0,0,0,4.1,1.5,0,0,4
AICHL572,Chile,Embarcadero,9.6,3,0,0,0,4.1,1.5,0,0,4
AICHL574,Chile,Higuerillas,9.6,3,0,0,0,4.1,1.5,0,0,4
AICHL575,Chile,Horcon,9.6,3,0,0,0,4.1,1.5,0,0,4
AICHL577,Chile,Laguna Verde Sector B,9.6,3,0,0,0,4.1,1.5,0,0,4
AICHL578,Chile,Laguna Verde Sector C,9.6,3,0,0,0,4.1,1.5,0,0,4
AICHL581,Chile,Ligua,9.6,3,0,0,0,4.1,1.5,0,0,4
AICHL582,Chile,Los Molles,9.6,3,0,0,0,4.1,1.5,0,0,4
AICHL583,Chile,Maitencillo,9.6,3,0,0,0,4.1,1.5,0,0,4
AICHL584,Chile,Montemar,9.6,3,0,0,0,4.1,1.5,0,0,4
AICHL585,Chile,Norweste Peninsula Los Molles,9.6,3,0,0,0,4.1,1.5,0,0,4
AICHL586,Chile,Papudo,9.6,3,0,0,0,4.1,1.5,0,0,4
AICHL587,Chile,Pichicuy,9.6,3,0,0,0,4.1,1.5,0,0,4
AICHL588,Chile,Playa Los Molles,9.6,3,0,0,0,4.1,1.5,0,0,4
AICHL589,Chile,Polcura,9.6,3,0,0,0,4.1,1.5,0,0,4
AICHL590,Chile,Punta Bucalemu,9.6,3,0,0,0,4.1,1.5,0,0,4
AICHL593,Chile,Punta Pite,9.6,3,0,0,0,4.1,1.5,0,0,4
AICHL594,Chile,Punta Ritoque,9.6,3,0,0,0,4.1,1.5,0,0,4
AICHL595,Chile,Punta Toro,9.6,3,0,0,0,4.1,1.5,0,0,4
AICHL596,Chile,Quintay Sector A,9.6,3,0,0,0,4.1,1.5,0,0,4
AICHL597,Chile,Quintay Sector B,9.6,3,0,0,0,4.1,1.5,0,0,4
AICHL598,Chile,Ritoque,9.6,3,0,0,0,4.1,1.5,0,0,4
AICHL599,Chile,San Antonio,9.6,3,0,0,0,4.1,1.5,0,0,4
AICHL600,Chile,Ventanas (Punta Lunes),9.6,3,0,0,0,4.1,1.5,0,0,4
AICHL601,Chile,Zapallar Sector A,9.6,3,0,0,0,4.1,1.5,0,0,4
AICHL602,Chile,Zapallar Sector B,9.6,3,0,0,0,4.1,1.5,0,0,4
AICHL603,Chile,Chorrillos,9.6,3,0,0,0,4.1,1.5,0,0,4
AICHL605,Chile,La Boca Sector C,9.6,3,0,0,0,4.1,1.5,0,0,4
AICHL606,Chile,La Sirena,9.6,3,0,0,0,4.1,1.5,0,0,4
AICHL609,Chile,Matanzas Sector D,9.6,3,0,0,0,4.1,1.5,0,0,4
AICHL611,Chile,Pichilemu Sector B,9.6,3,0,0,0,4.1,1.5,0,0,4
AICHL614,Chile,Puertecillo Sector A,9.6,3,0,0,0,4.1,1.5,0,0,4
AICHL615,Chile,Puertecillo Sector C,9.6,3,0,0,0,4.1,1.5,0,0,4
AICHL616,Chile,Punta La Puntilla,9.6,3,0,0,0,4.1,1.5,0,0,4
AICHL617,Chile,Punta Lobos,9.6,3,0,0,0,4.1,1.5,0,0,4
AICHL619,Chile,Topocalma Sector A,9.6,3,0,0,0,4.1,1.5,0,0,4
AICHL620,Chile,Boyeruca-Llico,9.6,3,0,0,0,4.1,1.5,0,0,4
AICHL621,Chile,Cardonal,9.6,3,0,0,0,4.1,1.5,0,0,4
AICHL622,Chile,Cardonal Sector B,9.6,3,0,0,0,4.1,1.5,0,0,4
AICHL623,Chile,Cerrillos,9.6,3,0,0,0,4.1,1.5,0,0,4
AICHL624,Chile,Curanipe,9.6,3,0,0,0,4.1,1.5,0,0,4
AICHL625,Chile,Duao,9.6,3,0,0,0,4.1,1.5,0,0,4
AICHL626,Chile,Faro Carranza,9.6,3,0,0,0,4.1,1.5,0,0,4
AICHL627,Chile,La Pesca Sector A,9.6,3,0,0,0,4.1,1.5,0,0,4
AICHL628,Chile,La Trinchera,9.6,3,0,0,0,4.1,1.5,0,0,4
AICHL629,Chile,Lipimávida,9.6,3,0,0,0,4.1,1.5,0,0,4
AICHL630,Chile,Llico Sector A,3.8,1,0,0,0,1.8,0.0,0,0,2
AICHL631,Chile,Llico Sector B,9.6,3,0,0,0,4.1,1.5,0,0,4
AICHL632,Chile,Loanco,9.6,3,0,0,0,4.1,1.5,0,0,4
AICHL635,Chile,Mariscadero,9.6,3,0,0,0,4.1,1.5,0,0,4
AICHL636,Chile,Pellines,9.6,3,0,0,0,4.1,1.5,0,0,4
AICHL637,Chile,Pelluhue,9.6,3,0,0,0,4.1,1.5,0,0,4
AICHL638,Chile,Peñón de Papirúa,9.6,3,0,0,0,4.1,1.5,0,0,4
AICHL639,Chile,Putú,9.6,3,0,0,0,4.1,1.5,0,0,4
AICHL641,Chile,Arauco Sector A,9.6,3,0,0,0,4.1,1.5,0,0,4
AICHL642,Chile,Arauco Sector B,9.6,3,0,0,0,4.1,1.5,0,0,4
AICHL643,Chile,Bajo Rumena,9.6,3,0,0,0,4.1,1.5,0,0,4
AICHL644,Chile,Boca Sur,9.6,3,0,0,0,4.1,1.5,0,0,4
AICHL645,Chile,Caleta Burro,9.6,3,0,0,0,4.1,1.5,0,0,4
AICHL646,Chile,Caleta Cocholgüe,9.6,3,0,0,0,4.1,1.5,0,0,4
AICHL647,Chile,Candelaria-Canteras,9.6,3,0,0,0,4.1,1.5,0,0,4
AICHL648,Chile,Cerro Verde Sector A,9.6,3,0,0,0,4.1,1.5,0,0,4
AICHL649,Chile,Cerro Verde Sector B,9.6,3,0,0,0,4.1,1.5,0,0,4
AICHL650,Chile,Chome,9.6,3,0,0,0,4.1,1.5,0,0,4
AICHL651,Chile,Cobquecura Sector A,9.6,3,0,0,0,4.1,1.5,0,0,4
AICHL652,Chile,Cocholgüe,9.6,3,0,0,0,4.1,1.5,0,0,4
AICHL653,Chile,Colcura,9.6,3,0,0,0,4.1,1.5,0,0,4
AICHL654,Chile,Coliumo Sector A,9.6,3,0,0,0,4.1,1.5,0,0,4
AICHL655,Chile,Coliumo Sector B,9.6,3,0,0,0,4.1,1.5,0,0,4
AICHL657,Chile,Dichato,9.6,3,0,0,0,4.1,1.5,0,0,4
AICHL658,Chile,El Tope,9.6,3,0,0,0,4.1,1.5,0,0,4
AICHL660,Chile,Entre Túnel,9.6,3,0,0,0,4.1,1.5,0,0,4
AICHL661,Chile,Esperanza,9.6,3,0,0,0,4.1,1.5,0,0,4
AICHL662,Chile,Este Isla Mocha,9.6,3,0,0,0,4.1,1.5,0,0,4
AICHL663,Chile,Isla Mocha Sector Quechol,9.6,3,0,0,0,4.1,1.5,0,0,4
AICHL664,Chile,Isla Mocha Sector Quechol Sur,9.6,3,0,0,0,4.1,1.5,0,0,4
AICHL665,Chile,Isla Mocha Sector Sur,9.6,3,0,0,0,4.1,1.5,0,0,4
AICHL666,Chile,La Tosca,9.6,3,0,0,0,4.1,1.5,0,0,4
AICHL667,Chile,Laraquete,9.6,3,0,0,0,4.1,1.5,0,0,4
AICHL668,Chile,Lebu,9.6,3,0,0,0,4.1,1.5,0,0,4
AICHL669,Chile,Lirquén,9.6,3,0,0,0,4.1,1.5,0,0,4
AICHL670,Chile,Lirquén Sector A,9.6,3,0,0,0,4.1,1.5,0,0,4
AICHL671,Chile,Lirquén Sector B,9.6,3,0,0,0,4.1,1.5,0,0,4
AICHL672,Chile,Litril,9.6,3,0,0,0,4.1,1.5,0,0,4
AICHL673,Chile,Llico Sector Punta Litre,9.6,3,0,0,0,4.1,1.5,0,0,4
AICHL675,Chile,Lo Rojas Sector A,9.6,3,0,0,0,4.1,1.5,0,0,4
AICHL676,Chile,Lo Rojas Sector B,9.6,3,0,0,0,4.1,1.5,0,0,4
AICHL677,Chile,Los Partidos,9.6,3,0,0,0,4.1,1.5,0,0,4
AICHL678,Chile,Los Piures,9.6,3,0,0,0,4.1,1.5,0,0,4
AICHL679,Chile,Lota Sector A,9.6,3,0,0,0,4.1,1.5,0,0,4
AICHL680,Chile,Maule,9.6,3,0,0,0,4.1,1.5,0,0,4
AICHL681,Chile,Montecristo,9.6,3,0,0,0,4.1,1.5,0,0,4
AICHL683,Chile,Penco,9.6,3,0,0,0,4.1,1.5,0,0,4
AICHL684,Chile,Perales,9.6,3,0,0,0,4.1,1.5,0,0,4
AICHL685,Chile,Perone,9.6,3,0,0,0,4.1,1.5,0,0,4
AICHL686,Chile,Pueblo Hundido,9.6,3,0,0,0,4.1,1.5,0,0,4
AICHL687,Chile,Pueblo Norte Sector A,9.6,3,0,0,0,4.1,1.5,0,0,4
AICHL688,Chile,Pueblo Norte Sector B,9.6,3,0,0,0,4.1,1.5,0,0,4
AICHL689,Chile,Pueblo Norte Sector C,9.6,3,0,0,0,4.1,1.5,0,0,4
AICHL690,Chile,Puerto Sur,9.6,3,0,0,0,4.1,1.5,0,0,4
AICHL691,Chile,Puerto Yana,9.6,3,0,0,0,4.1,1.5,0,0,4
AICHL692,Chile,Punta Cadena,9.6,3,0,0,0,4.1,1.5,0,0,4
AICHL693,Chile,Punta Elisa,9.6,3,0,0,0,4.1,1.5,0,0,4
AICHL694,Chile,Punta Elisa Sector B,9.6,3,0,0,0,4.1,1.5,0,0,4
AICHL696,Chile,Punta Lavapié,9.6,3,0,0,0,4.1,1.5,0,0,4
AICHL697,Chile,Punta Liles,9.6,3,0,0,0,4.1,1.5,0,0,4
AICHL698,Chile,Punta Lirquen,9.6,3,0,0,0,4.1,1.5,0,0,4
AICHL699,Chile,Punta Los Piures,9.6,3,0,0,0,4.1,1.5,0,0,4
AICHL700,Chile,Punta Morguilla,9.6,3,0,0,0,4.1,1.5,0,0,4
AICHL702,Chile,Punta Raimenco,9.6,3,0,0,0,4.1,1.5,0,0,4
AICHL703,Chile,Rada,9.6,3,0,0,0,4.1,1.5,0,0,4
AICHL704,Chile,Rari,9.6,3,0,0,0,4.1,1.5,0,0,4
AICHL706,Chile,Rumena,9.6,3,0,0,0,4.1,1.5,0,0,4
AICHL707,Chile,San Vicente,9.6,3,0,0,0,4.1,1.5,0,0,4
AICHL708,Chile,Sur Caleta Quidico,9.6,3,0,0,0,4.1,1.5,0,0,4
AICHL710,Chile,Tirua,9.6,3,0,0,0,4.1,1.5,0,0,4
AICHL711,Chile,Tome-Quichiuto,9.6,3,0,0,0,4.1,1.5,0,0,4
AICHL712,Chile,Tubul Sector A,9.6,3,0,0,0,4.1,1.5,0,0,4
AICHL713,Chile,Tubul Sector B,9.6,3,0,0,0,4.1,1.5,0,0,4
AICHL714,Chile,Tubul Sector C,9.6,3,0,0,0,4.1,1.5,0,0,4
AICHL715,Chile,Tubul Sector Punta Fraile,9.6,3,0,0,0,4.1,1.5,0,0,4
AICHL716,Chile,Weste Isla Mocha,9.6,3,0,0,0,4.1,1.5,0,0,4
AICHL718,Chile,Alto Lamecura,9.6,3,0,0,0,4.1,1.5,0,0,4
AICHL719,Chile,Amortajado Sector A,9.6,3,0,0,0,4.1,1.5,0,0,4
AICHL720,Chile,Amortajado Sector B,9.6,3,0,0,0,4.1,1.5,0,0,4
AICHL721,Chile,Amortajado Sector C,9.6,3,0,0,0,4.1,1.5,0,0,4
AICHL723,Chile,Aparejo,9.6,3,0,0,0,4.1,1.5,0,0,4
AICHL724,Chile,Auchac Sector C,9.6,3,0,0,0,4.1,1.5,0,0,4
AICHL725,Chile,Aulen,9.6,3,0,0,0,4.1,1.5,0,0,4
AICHL726,Chile,Bahía Chincui,9.6,3,0,0,0,4.1,1.5,0,0,4
AICHL727,Chile,Bahía Mansa Sector A,9.6,3,0,0,0,4.1,1.5,0,0,4
AICHL728,Chile,Bahía Mansa Sector B,9.6,3,0,0,0,4.1,1.5,0,0,4
AICHL730,Chile,Bahía Polocué Sector A,9.6,3,0,0,0,4.1,1.5,0,0,4
AICHL731,Chile,Bahía Polocué Sector B,9.6,3,0,0,0,4.1,1.5,0,0,4
AICHL732,Chile,Bahía Pulelo,9.6,3,0,0,0,4.1,1.5,0,0,4
AICHL733,Chile,Bahía San Pedro,9.6,3,0,0,0,4.1,1.5,0,0,4
AICHL734,Chile,Bahía Sotomo Sector A,9.6,3,0,0,0,4.1,1.5,0,0,4
AICHL735,Chile,Bahía Sotomo Sector B,9.6,3,0,0,0,4.1,1.5,0,0,4
AICHL736,Chile,Bahía Tongoy de Ancud,9.6,3,0,0,0,4.1,1.5,0,0,4
AICHL738,Chile,Bajo Chalinao,9.6,3,0,0,0,4.1,1.5,0,0,4
AICHL739,Chile,Bajo Cheñiao,9.6,3,0,0,0,4.1,1.5,0,0,4
AICHL741,Chile,Bajo Dugoab,9.6,3,0,0,0,4.1,1.5,0,0,4
AICHL742,Chile,Bajo Parrilla,9.6,3,0,0,0,4.1,1.5,0,0,4
AICHL743,Chile,Bajo Quihua,9.6,3,0,0,0,4.1,1.5,0,0,4
AICHL745,Chile,Bajo Tiquia,9.6,3,0,0,0,4.1,1.5,0,0,4
AICHL746,Chile,Bajo Yahuen,9.6,3,0,0,0,4.1,1.5,0,0,4
AICHL747,Chile,Bajos Guaguar,9.6,3,0,0,0,4.1,1.5,0,0,4
AICHL748,Chile,Bajos Villegas,9.6,3,0,0,0,4.1,1.5,0,0,4
AICHL749,Chile,Bajos de Lami,9.6,3,0,0,0,4.1,1.5,0,0,4
AICHL750,Chile,Baltazar,9.6,3,0,0,0,4.1,1.5,0,0,4
AICHL752,Chile,Banco Coihuín,9.6,3,0,0,0,4.1,1.5,0,0,4
AICHL753,Chile,Caballo Mateo,9.6,3,0,0,0,4.1,1.5,0,0,4
AICHL754,Chile,Cabo Quedal,9.6,3,0,0,0,4.1,1.5,0,0,4
AICHL755,Chile,Cailin Sector A,9.6,3,0,0,0,4.1,1.5,0,0,4
AICHL756,Chile,Cailin Sector C,9.6,3,0,0,0,4.1,1.5,0,0,4
AICHL757,Chile,Cailin Sector D,9.6,3,0,0,0,4.1,1.5,0,0,4
AICHL759,Chile,Caleta Ayacara Sector A,9.6,3,0,0,0,4.1,1.5,0,0,4
AICHL760,Chile,Caleta Ayacara Sector B,9.6,3,0,0,0,4.1,1.5,0,0,4
AICHL761,Chile,Caleta Ayacara Sector C,9.6,3,0,0,0,4.1,1.5,0,0,4
AICHL762,Chile,Caleta Buill Sector A,9.6,3,0,0,0,4.1,1.5,0,0,4
AICHL763,Chile,Caleta Condor,9.6,3,0,0,0,4.1,1.5,0,0,4
AICHL764,Chile,Caleta Goabil,9.6,3,0,0,0,4.1,1.5,0,0,4
AICHL765,Chile,Caleta Guabún,9.6,3,0,0,0,4.1,1.5,0,0,4
AICHL766,Chile,Caleta La Arena,9.6,3,0,0,0,4.1,1.5,0,0,4
AICHL767,Chile,Caleta Milagro Sector A,9.6,3,0,0,0,4.1,1.5,0,0,4
AICHL768,Chile,Caleta Milagro Sector B,9.6,3,0,0,0,4.1,1.5,0,0,4
AICHL769,Chile,Caleta Parga,9.6,3,0,0,0,4.1,1.5,0,0,4
AICHL771,Chile,Caleta Piñihuil Sector A,9.6,3,0,0,0,4.1,1.5,0,0,4
AICHL772,Chile,Caleta Piñihuil Sector B,9.6,3,0,0,0,4.1,1.5,0,0,4
AICHL773,Chile,Camahue Sector B,9.6,3,0,0,0,4.1,1.5,0,0,4
AICHL774,Chile,Canal Dalcahue Sector A,9.6,3,0,0,0,4.1,1.5,0,0,4
AICHL775,Chile,Canal Dalcahue Sector B,9.6,3,0,0,0,4.1,1.5,0,0,4
AICHL776,Chile,Cascajal Sector A,9.6,3,0,0,0,4.1,1.5,0,0,4
AICHL777,Chile,Cerro Colorado,9.6,3,0,0,0,4.1,1.5,0,0,4
AICHL778,Chile,Chaicas Sector A,9.6,3,0,0,0,4.1,1.5,0,0,4
AICHL779,Chile,Chaicas Sector B,9.6,3,0,0,0,4.1,1.5,0,0,4
AICHL780,Chile,Chaicas Sector D,9.6,3,0,0,0,4.1,1.5,0,0,4
AICHL783,Chile,Chaiguaco,9.6,3,0,0,0,4.1,1.5,0,0,4
AICHL784,Chile,Chaiguao Barra,9.6,3,0,0,0,4.1,1.5,0,0,4
AICHL785,Chile,Chaiguao Chilcol,9.6,3,0,0,0,4.1,1.5,0,0,4
AICHL786,Chile,Chana,9.6,3,0,0,0,4.1,1.5,0,0,4
AICHL787,Chile,Chana Sector A,9.6,3,0,0,0,4.1,1.5,0,0,4
AICHL788,Chile,Chana Sector B,9.6,3,0,0,0,4.1,1.5,0,0,4
AICHL789,Chile,Chauman,9.6,3,0,0,0,4.1,1.5,0,0,4
AICHL790,Chile,Chepu Sector A,9.6,3,0,0,0,4.1,1.5,0,0,4
AICHL791,Chile,Chepu Sector B,9.6,3,0,0,0,4.1,1.5,0,0,4
AICHL792,Chile,Chepu Sector C,9.6,3,0,0,0,4.1,1.5,0,0,4
AICHL793,Chile,Cholgo Sector A,9.6,3,0,0,0,4.1,1.5,0,0,4
AICHL794,Chile,Cholgo Sector B,9.6,3,0,0,0,4.1,1.5,0,0,4
AICHL795,Chile,Cholgo Sector C,9.6,3,0,0,0,4.1,1.5,0,0,4
AICHL796,Chile,Cholguaco,9.6,3,0,0,0,4.1,1.5,0,0,4
AICHL797,Chile,Contao Sector A,9.6,3,0,0,0,4.1,1.5,0,0,4
AICHL800,Chile,Corral Grande,9.6,3,0,0,0,4.1,1.5,0,0,4
AICHL801,Chile,Cucao Norte,9.6,3,0,0,0,4.1,1.5,0,0,4
AICHL802,Chile,Cullinco,9.6,3,0,0,0,4.1,1.5,0,0,4
AICHL803,Chile,Cululir Sector A,9.6,3,0,0,0,4.1,1.5,0,0,4
AICHL804,Chile,Cululir Sector B,9.6,3,0,0,0,4.1,1.5,0,0,4
AICHL805,Chile,Curripio,9.6,3,0,0,0,4.1,1.5,0,0,4
AICHL806,Chile,Doca,9.6,3,0,0,0,4.1,1.5,0,0,4
AICHL807,Chile,Duhatao,9.6,3,0,0,0,4.1,1.5,0,0,4
AICHL808,Chile,Duhatao Sector B,9.6,3,0,0,0,4.1,1.5,0,0,4
AICHL809,Chile,El Manzano de Pucatrihue,9.6,3,0,0,0,4.1,1.5,0,0,4
AICHL810,Chile,El Cisne,9.6,3,0,0,0,4.1,1.5,0,0,4
AICHL811,Chile,Ensenada Capitanes,9.6,3,0,0,0,4.1,1.5,0,0,4
AICHL812,Chile,Yates Sector C,9.6,3,0,0,0,4.1,1.5,0,0,4
AICHL813,Chile,Ensenada San Luis,9.6,3,0,0,0,4.1,1.5,0,0,4
AICHL814,Chile,Ensenada de Llico,9.6,3,0,0,0,4.1,1.5,0,0,4
AICHL815,Chile,Entre Ríos,9.6,3,0,0,0,4.1,1.5,0,0,4
AICHL816,Chile,Estaquilla,9.6,3,0,0,0,4.1,1.5,0,0,4
AICHL817,Chile,Estaquilla Sector B,9.6,3,0,0,0,4.1,1.5,0,0,4
AICHL818,Chile,Este Puntilla Pichicolu,9.6,3,0,0,0,4.1,1.5,0,0,4
AICHL819,Chile,Estero Compu Sector A,9.6,3,0,0,0,4.1,1.5,0,0,4
AICHL820,Chile,Estero Compu Sector B,9.6,3,0,0,0,4.1,1.5,0,0,4
AICHL821,Chile,Estero Compu Sector C,9.6,3,0,0,0,4.1,1.5,0,0,4
AICHL822,Chile,Estero Compu Sector D,9.6,3,0,0,0,4.1,1.5,0,0,4
AICHL823,Chile,Estero Huildad Sector B,9.6,3,0,0,0,4.1,1.5,0,0,4
AICHL824,Chile,Estero Huildad Sector C,9.6,3,0,0,0,4.1,1.5,0,0,4
AICHL825,Chile,Estero Huildad Sector D,9.6,3,0,0,0,4.1,1.5,0,0,4
AICHL826,Chile,Estero Rolecha Sector A,9.6,3,0,0,0,4.1,1.5,0,0,4
AICHL827,Chile,Estero Rolecha Sector B,9.6,3,0,0,0,4.1,1.5,0,0,4
AICHL828,Chile,Farallones de Carelmapu,9.6,3,0,0,0,4.1,1.5,0,0,4
AICHL829,Chile,Guapilacui Sector A,9.6,3,0,0,0,4.1,1.5,0,0,4
AICHL830,Chile,Guapilacui Sector B,9.6,3,0,0,0,4.1,1.5,0,0,4
AICHL832,Chile,Huequi Sector B,9.6,3,0,0,0,4.1,1.5,0,0,4
AICHL833,Chile,Huequi Sector C,9.6,3,0,0,0,4.1,1.5,0,0,4
AICHL834,Chile,Huillin,9.6,3,0,0,0,4.1,1.5,0,0,4
AICHL835,Chile,Huito Sector B,9.6,3,0,0,0,4.1,1.5,0,0,4
AICHL836,Chile,Isla Acui,9.6,3,0,0,0,4.1,1.5,0,0,4
AICHL837,Chile,Isla Butachauques Sector A,9.6,3,0,0,0,4.1,1.5,0,0,4
AICHL838,Chile,Isla Butachauques Sector B,9.6,3,0,0,0,4.1,1.5,0,0,4
AICHL839,Chile,Isla Butachauques Sector C,9.6,3,0,0,0,4.1,1.5,0,0,4
AICHL840,Chile,Isla Chaullin,9.6,3,0,0,0,4.1,1.5,0,0,4
AICHL841,Chile,Isla Chulin Sector A,9.6,3,0,0,0,4.1,1.5,0,0,4
AICHL843,Chile,Isla Doña Sebastiana,9.6,3,0,0,0,4.1,1.5,0,0,4
AICHL844,Chile,Isla Huapi Sector B,9.6,3,0,0,0,4.1,1.5,0,0,4
AICHL845,Chile,Isla Hueyelhue,9.6,3,0,0,0,4.1,1.5,0,0,4
AICHL846,Chile,Isla Lagartija,9.6,3,0,0,0,4.1,1.5,0,0,4
AICHL847,Chile,Isla Laitec Sector B,9.6,3,0,0,0,4.1,1.5,0,0,4
AICHL848,Chile,Isla Linguar,9.6,3,0,0,0,4.1,1.5,0,0,4
AICHL849,Chile,Isla Llanchid Sector A,9.6,3,0,0,0,4.1,1.5,0,0,4
AICHL850,Chile,Isla Llanchid Sector B,9.6,3,0,0,0,4.1,1.5,0,0,4
AICHL851,Chile,Isla Llanchid Sector C,9.6,3,0,0,0,4.1,1.5,0,0,4
AICHL852,Chile,Isla Llanquinelhue,9.6,3,0,0,0,4.1,1.5,0,0,4
AICHL853,Chile,Isla Maillen,9.6,3,0,0,0,4.1,1.5,0,0,4
AICHL854,Chile,Isla Manzano,9.6,3,0,0,0,4.1,1.5,0,0,4
AICHL855,Chile,Isla Polmallelhue,9.6,3,0,0,0,4.1,1.5,0,0,4
AICHL856,Chile,Isla Quenu Sector A,9.6,3,0,0,0,4.1,1.5,0,0,4
AICHL857,Chile,Isla Quenu Sector B,9.6,3,0,0,0,4.1,1.5,0,0,4
AICHL858,Chile,Isla Quenu Sector C,9.6,3,0,0,0,4.1,1.5,0,0,4
AICHL859,Chile,Isla Queullín Norte Sector B,9.6,3,0,0,0,4.1,1.5,0,0,4
AICHL860,Chile,Isla Queullín Sector Sur,9.6,3,0,0,0,4.1,1.5,0,0,4
AICHL862,Chile,Isla Tautil,9.6,3,0,0,0,4.1,1.5,0,0,4
AICHL863,Chile,Isla Toro Sector B,9.6,3,0,0,0,4.1,1.5,0,0,4
AICHL864,Chile,Islote Poe,9.6,3,0,0,0,4.1,1.5,0,0,4
AICHL865,Chile,La Arena,9.6,3,0,0,0,4.1,1.5,0,0,4
AICHL866,Chile,La Arena Sector B,9.6,3,0,0,0,4.1,1.5,0,0,4
AICHL867,Chile,La Meona,9.6,3,0,0,0,4.1,1.5,0,0,4
AICHL868,Chile,La Poza,9.6,3,0,0,0,4.1,1.5,0,0,4
AICHL869,Chile,La Pampina,9.6,3,0,0,0,4.1,1.5,0,0,4
AICHL870,Chile,La Tranca-Lolcura,9.6,3,0,0,0,4.1,1.5,0,0,4
AICHL871,Chile,Las Banderas,9.6,3,0,0,0,4.1,1.5,0,0,4
AICHL872,Chile,Lenqui-Punta Santa Teresa,9.6,3,0,0,0,4.1,1.5,0,0,4
AICHL873,Chile,Lepihue Quillahua,9.6,3,0,0,0,4.1,1.5,0,0,4
AICHL874,Chile,Lleguiman Sector A,9.6,3,0,0,0,4.1,1.5,0,0,4
AICHL876,Chile,Llico Bajo Norte,9.6,3,0,0,0,4.1,1.5,0,0,4
AICHL877,Chile,Llico Bajo Sur,9.6,3,0,0,0,4.1,1.5,0,0,4
AICHL878,Chile,Los Cahueles,9.6,3,0,0,0,4.1,1.5,0,0,4
AICHL879,Chile,Los Chilcos Sector A,9.6,3,0,0,0,4.1,1.5,0,0,4
AICHL880,Chile,Los Chonos de Guabún,9.6,3,0,0,0,4.1,1.5,0,0,4
AICHL882,Chile,Loyola sector A,9.6,3,0,0,0,4.1,1.5,0,0,4
AICHL883,Chile,Loyola sector B,9.6,3,0,0,0,4.1,1.5,0,0,4
AICHL884,Chile,Maicolpue,9.6,3,0,0,0,4.1,1.5,0,0,4
AICHL885,Chile,Mar Brava,9.6,3,0,0,0,4.1,1.5,0,0,4
AICHL886,Chile,Marimelli Sector A,9.6,3,0,0,0,4.1,1.5,0,0,4
AICHL887,Chile,Marimelli Sector B,9.6,3,0,0,0,4.1,1.5,0,0,4
AICHL888,Chile,Mañihueico Sector A,9.6,3,0,0,0,4.1,1.5,0,0,4
AICHL889,Chile,Mañihueico Sector B,9.6,3,0,0,0,4.1,1.5,0,0,4
AICHL890,Chile,Mañihueico Sector C,9.6,3,0,0,0,4.1,1.5,0,0,4
AICHL891,Chile,Molulco,9.6,3,0,0,0,4.1,1.5,0,0,4
AICHL892,Chile,Montiel,9.6,3,0,0,0,4.1,1.5,0,0,4
AICHL894,Chile,Norte Punta Calle,9.6,3,0,0,0,4.1,1.5,0,0,4
AICHL895,Chile,Norte Punta Chocoi,9.6,3,0,0,0,4.1,1.5,0,0,4
AICHL896,Chile,Norte de Estero Metri,9.6,3,0,0,0,4.1,1.5,0,0,4
AICHL898,Chile,Palería,9.6,3,0,0,0,4.1,1.5,0,0,4
AICHL900,Chile,Peninsula Rollizo,9.6,3,0,0,0,4.1,1.5,0,0,4
AICHL901,Chile,Perhue Sector A,9.6,3,0,0,0,4.1,1.5,0,0,4
AICHL902,Chile,Pichicolu Sector A,9.6,3,0,0,0,4.1,1.5,0,0,4
AICHL903,Chile,Pichicolu Sector B,9.6,3,0,0,0,4.1,1.5,0,0,4
AICHL904,Chile,Pichicuyen Sector A,9.6,3,0,0,0,4.1,1.5,0,0,4
AICHL905,Chile,Pichicuyen Sector B,9.6,3,0,0,0,4.1,1.5,0,0,4
AICHL906,Chile,Piedra Negra,9.6,3,0,0,0,4.1,1.5,0,0,4
AICHL907,Chile,Pihuio,9.6,3,0,0,0,4.1,1.5,0,0,4
AICHL908,Chile,Pilke,9.6,3,0,0,0,4.1,1.5,0,0,4
AICHL909,Chile,Piñihuil,9.6,3,0,0,0,4.1,1.5,0,0,4
AICHL910,Chile,Playa Ranque,9.6,3,0,0,0,4.1,1.5,0,0,4
AICHL911,Chile,Pocoihuen Sector B,9.6,3,0,0,0,4.1,1.5,0,0,4
AICHL912,Chile,Pocoihuen Sector C,9.6,3,0,0,0,4.1,1.5,0,0,4
AICHL913,Chile,Pocoihuen Sector D,9.6,3,0,0,0,4.1,1.5,0,0,4
AICHL914,Chile,Pollollo,9.6,3,0,0,0,4.1,1.5,0,0,4
AICHL916,Chile,Puduguapi Sector B,9.6,3,0,0,0,4.1,1.5,0,0,4
AICHL917,Chile,Pueblo Hundido Sector A,9.6,3,0,0,0,4.1,1.5,0,0,4
AICHL918,Chile,Pueblo Hundido Sector C,9.6,3,0,0,0,4.1,1.5,0,0,4
AICHL919,Chile,Pueblo Hundido Sector D,9.6,3,0,0,0,4.1,1.5,0,0,4
AICHL920,Chile,Puerto Bonito Sector A,9.6,3,0,0,0,4.1,1.5,0,0,4
AICHL921,Chile,Puerto Bonito Sector B,9.6,3,0,0,0,4.1,1.5,0,0,4
AICHL922,Chile,Puerto Bonito Sector C,9.6,3,0,0,0,4.1,1.5,0,0,4
AICHL923,Chile,Puerto Elvira,9.6,3,0,0,0,4.1,1.5,0,0,4
AICHL924,Chile,Punta Apabón,9.6,3,0,0,0,4.1,1.5,0,0,4
AICHL925,Chile,Punta Cementerio,9.6,3,0,0,0,4.1,1.5,0,0,4
AICHL926,Chile,Punta Chacua,9.6,3,0,0,0,4.1,1.5,0,0,4
AICHL927,Chile,Punta Chadmo,9.6,3,0,0,0,4.1,1.5,0,0,4
AICHL928,Chile,Punta Chilen,9.6,3,0,0,0,4.1,1.5,0,0,4
AICHL929,Chile,Punta Chocoi,9.6,3,0,0,0,4.1,1.5,0,0,4
AICHL930,Chile,Punta Chomio,9.6,3,0,0,0,4.1,1.5,0,0,4
AICHL931,Chile,Punta Chulao,9.6,3,0,0,0,4.1,1.5,0,0,4
AICHL932,Chile,Punta Concura,9.6,3,0,0,0,4.1,1.5,0,0,4
AICHL933,Chile,Punta Corona,9.6,3,0,0,0,4.1,1.5,0,0,4
AICHL934,Chile,Punta Gruesa,9.6,3,0,0,0,4.1,1.5,0,0,4
AICHL935,Chile,Punta Guabun Sector B,9.6,3,0,0,0,4.1,1.5,0,0,4
AICHL938,Chile,Punta Hueyelhue,9.6,3,0,0,0,4.1,1.5,0,0,4
AICHL939,Chile,Punta Iglesia,9.6,3,0,0,0,4.1,1.5,0,0,4
AICHL940,Chile,Punta Inio,9.6,3,0,0,0,4.1,1.5,0,0,4
AICHL942,Chile,Punta Lobería,9.6,3,0,0,0,4.1,1.5,0,0,4
AICHL943,Chile,Punta Locos-Punta Olleta,9.6,3,0,0,0,4.1,1.5,0,0,4
AICHL944,Chile,Punta Mala,9.6,3,0,0,0,4.1,1.5,0,0,4
AICHL945,Chile,Punta Manquemapu Sector B,9.6,3,0,0,0,4.1,1.5,0,0,4
AICHL946,Chile,Punta Metri-Punta Lenca,9.6,3,0,0,0,4.1,1.5,0,0,4
AICHL949,Chile,Punta Moquegua,9.6,3,0,0,0,4.1,1.5,0,0,4
AICHL950,Chile,Punta Mutrico,9.6,3,0,0,0,4.1,1.5,0,0,4
AICHL951,Chile,Punta Ortiga,9.6,3,0,0,0,4.1,1.5,0,0,4
AICHL952,Chile,Punta Ortiga-Punta Puga,9.6,3,0,0,0,4.1,1.5,0,0,4
AICHL954,Chile,Punta Palqui,9.6,3,0,0,0,4.1,1.5,0,0,4
AICHL955,Chile,Punta Panitao,9.6,3,0,0,0,4.1,1.5,0,0,4
AICHL956,Chile,Punta Piche Niche-Punta Quilque,9.6,3,0,0,0,4.1,1.5,0,0,4
AICHL957,Chile,Punta Pichimayai,9.6,3,0,0,0,4.1,1.5,0,0,4
AICHL958,Chile,Punta Puchegui,9.6,3,0,0,0,4.1,1.5,0,0,4
AICHL959,Chile,Punta Quillahua,9.6,3,0,0,0,4.1,1.5,0,0,4
AICHL960,Chile,Punta Quillahua Sector B,9.6,3,0,0,0,4.1,1.5,0,0,4
AICHL961,Chile,Punta Quillahua Sector C,9.6,3,0,0,0,4.1,1.5,0,0,4
AICHL962,Chile,Punta Quillahua Sector D,9.6,3,0,0,0,4.1,1.5,0,0,4
AICHL963,Chile,Punta Quillaipe Sector A,9.6,3,0,0,0,4.1,1.5,0,0,4
AICHL965,Chile,Punta Relonhue,9.6,3,0,0,0,4.1,1.5,0,0,4
AICHL966,Chile,Punta Remolinos-Punta Soledad,9.6,3,0,0,0,4.1,1.5,0,0,4
AICHL967,Chile,Punta San Luis,9.6,3,0,0,0,4.1,1.5,0,0,4
AICHL968,Chile,Punta San Pedro,9.6,3,0,0,0,4.1,1.5,0,0,4
AICHL969,Chile,Punta Surgidero,9.6,3,0,0,0,4.1,1.5,0,0,4
AICHL970,Chile,Punta Tiburon,9.6,3,0,0,0,4.1,1.5,0,0,4
AICHL971,Chile,Puntilla Pichicolu,9.6,3,0,0,0,4.1,1.5,0,0,4
AICHL972,Chile,Puntilla Quillon Sector A,9.6,3,0,0,0,4.1,1.5,0,0,4
AICHL973,Chile,Puntilla Quillon Sector B,9.6,3,0,0,0,4.1,1.5,0,0,4
AICHL975,Chile,Pupelde,9.6,3,0,0,0,4.1,1.5,0,0,4
AICHL976,Chile,Pupelde-La Masilla,9.6,3,0,0,0,4.1,1.5,0,0,4
AICHL978,Chile,Queten Sector A,9.6,3,0,0,0,4.1,1.5,0,0,4
AICHL979,Chile,Queten Sector B,9.6,3,0,0,0,4.1,1.5,0,0,4
AICHL980,Chile,Quetrequen-Elvira,9.6,3,0,0,0,4.1,1.5,0,0,4
AICHL981,Chile,Quiacas Sector A,9.6,3,0,0,0,4.1,1.5,0,0,4
AICHL982,Chile,Quiacas Sector B,9.6,3,0,0,0,4.1,1.5,0,0,4
AICHL983,Chile,Quiacas Sector C,9.6,3,0,0,0,4.1,1.5,0,0,4
AICHL984,Chile,Quiacas Sector D,9.6,3,0,0,0,4.1,1.5,0,0,4
AICHL985,Chile,Quiacas Sector E,9.6,3,0,0,0,4.1,1.5,0,0,4
AICHL986,Chile,Rada Las Banderas,9.6,3,0,0,0,4.1,1.5,0,0,4
AICHL987,Chile,Relonhue,9.6,3,0,0,0,4.1,1.5,0,0,4
AICHL988,Chile,Roca Covadonga Sector A,9.6,3,0,0,0,4.1,1.5,0,0,4
AICHL989,Chile,Roca Covadonga Sector B,9.6,3,0,0,0,4.1,1.5,0,0,4
AICHL990,Chile,Roca Solitaria,9.6,3,0,0,0,4.1,1.5,0,0,4
AICHL991,Chile,Río Juancho,9.6,3,0,0,0,4.1,1.5,0,0,4
AICHL992,Chile,Río Llico Sector B,9.6,3,0,0,0,4.1,1.5,0,0,4
AICHL993,Chile,Río Pudeto,9.6,3,0,0,0,4.1,1.5,0,0,4
AICHL994,Chile,Río Puelo Sector A,9.6,3,0,0,0,4.1,1.5,0,0,4
AICHL995,Chile,Río Puelo Sector B,9.6,3,0,0,0,4.1,1.5,0,0,4
AICHL996,Chile,San Antonio Sector A,9.6,3,0,0,0,4.1,1.5,0,0,4
AICHL997,Chile,San Pedro del Manzano,9.6,3,0,0,0,4.1,1.5,0,0,4
AICHL998,Chile,Sur Caleta Condor,9.6,3,0,0,0,4.1,1.5,0,0,4
AICHL999,Chile,Sur Isla Llingua,9.6,3,0,0,0,4.1,1.5,0,0,4
AIECU1,Ecuador,Ecuador EEZ,7.2,5,0,0,0,1.8,1.5,0,0,4
AIECU105,Ecuador,DON GOYO,5.5,1,0,0,1,3.5,0.0,0,0,2
AIECU109,Ecuador,SANTAY,7.5,3,0,0,3,3.5,0.0,0,0,4
AIECU11,Ecuador,CARVACHE VELASCO LUIS JAVIER,7.4,5,0,0,0,2.4,0.0,0,0,5
AIECU112,Ecuador,ISLA SANTAY,24.7,15,2,0,2,6.2,1.5,0,0,7
AIECU116,Ecuador,MANGLARES CHURUTE; CHURUTE,4.6,2,0,0,1,2.6,0.0,0,0,2
AIECU124,Ecuador,ASOCIACIÓN DE CANGREJEROS 17 DE ENERO,7.4,5,0,0,0,2.4,0.0,0,0,5
AIECU125,Ecuador,"ASOCIACIÓN DE RECOLECTORES DE PRODUCTOS BIOACUÁT; 
ASOCIACIÓN DE RECOLECTORES DE PRODUCTOS BIOACUÁTICOS NI UN PASO ATRÁS",7.4,5,0,0,0,2.4,0.0,0,0,5
AIECU126,Ecuador,ASOCIACIÓN DE CANGREJEROS 6 DE JULIO,7.4,5,0,0,0,2.4,0.0,0,0,5
AIECU127,Ecuador,ASOCIACIÓN DE CANGREJEROS 6 DE JULIO,7.4,5,0,0,0,2.4,0.0,0,0,5
AIECU128,Ecuador,"ASOCIACIÓN DE PESCADORES Y MARISCADORES ARTESANALES;
ASOCIACIÓN DE PESCADORES Y MARISCADORES ARTESANALES LOS PRECIADOS",7.4,5,0,0,0,2.4,0.0,0,0,5
AIECU129,Ecuador,"ASOCIACIÓN DE PRODUCCIÓN PESQUERA ARTESANAL Y AF;
ASOCIACIÓN DE PRODUCCIÓN PESQUERA ARTESANAL Y AFINES SAN ANTONIO",7.4,5,0,0,0,2.4,0.0,0,0,5
AIECU13,Ecuador,MANGLARES ESTUARIO DEL RIO ESMERALDAS,6.3,3,0,0,1,2.3,0.0,0,0,4
AIECU130,Ecuador,ASOCIACIÓN DE CANGREJEROS AUTÓNOMOS Y AFINES AM,7.4,5,0,0,0,2.4,0.0,0,0,5
AIECU131,Ecuador,ASOCIACIÓN DE MARISCADORES AUTÓNOMOS Y ANEXOS 11 DE ENERO,7.4,5,0,0,0,2.4,0.0,0,0,5
AIECU132,Ecuador,ASOCIACIÓN DE MARISCADORES AUTÓNOMOS Y ANEXOS 1,7.4,5,0,0,0,2.4,0.0,0,0,5
AIECU133,Ecuador,ASOCIACIÓN DE MARISCADORES AUTÓNOMOS Y AFINES LOS ISLEÑOS,7.4,5,0,0,0,2.4,0.0,0,0,5
AIECU134,Ecuador,ASOCIACIÓN DE MARISCADORES AUTÓNOMOS Y AFINES L,7.4,5,0,0,0,2.4,0.0,0,0,5
AIECU135,Ecuador,ASOCIACIÓN DE MARISCADORES AUTÓNOMOS 19 DE OCTUBRE,7.4,5,0,0,0,2.4,0.0,0,0,5
AIECU136,Ecuador,"ASOCIACIÓN DE CONCHEROS, CRUSTÁCEOS Y PESCADORES;
ASOCIACIÓN DE CONCHEROS, CRUSTÁCEOS Y PESCADORES ARTESANALES Y AFINES LAS HUACAS",7.4,5,0,0,0,2.4,0.0,0,0,5
AIECU137,Ecuador,Arenillas,4.6,2,0,0,1,2.6,0.0,0,0,2
AIECU141,Ecuador,Isla Santa Clara,29.9,13,1,0,1,4.4,8.5,0,0,7
AIECU143,Ecuador,ASOCIACIÓN DE PRODUCCIÓN PESQUERA ARTESANAL Y AFINES 10 DE AGOSTO,7.4,5,0,0,0,2.4,0.0,0,0,5
AIECU144,Ecuador,ASOCIACIÓN DE RECOLECTORES DE MARISCOS Y AFINES 24 DE OCTUBRE - ARMA,7.4,5,0,0,0,2.4,0.0,0,0,5
AIECU146,Ecuador,COOPERATIVA DE PRODUCCIÓN PESQUERA RECOLECTORES DE MARISCOS PUERTO GRANDE,7.4,5,0,0,0,2.4,0.0,0,0,5
AIECU147,Ecuador,COOPERATIVA DE PRODUCCIÓN PESQUERA ARTESANAL VIKINGOS DEL MAR,7.4,5,0,0,0,2.4,0.0,0,0,5
AIECU148,Ecuador,ASOCIACIÓN DE PESCADORES ARTESANALES MAR DE GALILEA,7.4,5,0,0,0,2.4,0.0,0,0,5
AIECU149,Ecuador,COMUNA LAS TUNAS,7.4,5,0,0,0,2.4,0.0,0,0,5
AIECU150,Ecuador,COMUNA SALINAS,7.4,5,0,0,0,2.4,0.0,0,0,5
AIECU151,Ecuador,COOPERATIVA PRODUCCIÓN PESQUERA ARTESANAL PUERTO LA CRUZ,7.4,5,0,0,0,2.4,0.0,0,0,5
AIECU152,Ecuador,ASOCIACIÓN DE COMERCIANTES CANGREJEROS PUERTO BUENA VISTA,7.4,5,0,0,0,2.4,0.0,0,0,5
AIECU153,Ecuador,ASOCIACIÓN DE USUARIOS DE MANGLAR CERRITOS DE LOS MORREÑOS,7.4,5,0,0,0,2.4,0.0,0,0,5
AIECU154,Ecuador,COOPERATIVA DE PRODUCCIÓN PESQUERA ARTESANAL MONDRAGÓN,7.4,5,0,0,0,2.4,0.0,0,0,5
AIECU155,Ecuador,"ASOCIACIÓN DE PESCADORES ARTESANALES, CANGREJEROS Y AFINES SABANA GRANDE NUEVA ESPERANZA",7.4,5,0,0,0,2.4,0.0,0,0,5
AIECU156,Ecuador,COOPERATIVA DE ARMADORES Y DE PRODUCCIÓN PESQUERA ARTESANAL UNIDOS SOMOS MÁS,7.4,5,0,0,0,2.4,0.0,0,0,5
AIECU157,Ecuador,ASOCIACIÓN DE PESCADORES Y RECOLECTORES DE PRODUCTOS DEL MAR - ASOPESCMAR,7.4,5,0,0,0,2.4,0.0,0,0,5
AIECU158,Ecuador,ASOCIACIÓN DE PRODUCCIÓN PESQUERA BUNCHE - ASOPESBUNCHE,7.4,5,0,0,0,2.4,0.0,0,0,5
AIECU159,Ecuador,ASOCIACIÓN DE SERVICIOS TURÍSTICOS BELLAVISTA - ASOSERTUVISTA,7.4,5,0,0,0,2.4,0.0,0,0,5
AIECU160,Ecuador,ASOCIACIÓN DE PRODUCCIÓN PESQUERA SAN JOSÉ DE CHAMANGA - ASOPESANJOCHA,7.4,5,0,0,0,2.4,0.0,0,0,5
AIECU161,Ecuador,CENTRO DE TURISMO COMUNITARIO JOVENES DEL MANGLAR,7.4,5,0,0,0,2.4,0.0,0,0,5
AIECU162,Ecuador,COOPERATIVA DE PRODUCCIÓN PESQUERA ARTESANAL PUERTO HUALTACO-HUAQUILLAS,7.4,5,0,0,0,2.4,0.0,0,0,5
AIECU163,Ecuador,"ASOCIACIÓN DE PESCADORES ARTESANALES, MARISCADORES Y AFINES COSTA RICA",7.4,5,0,0,0,2.4,0.0,0,0,5
AIECU164,Ecuador,"ASOCIACIÓN DE PESCADORES, MARISCADORES Y ANEXOS ISLA BELLAVISTA ",7.4,5,0,0,0,2.4,0.0,0,0,5
AIECU165,Ecuador,ASOCIACIÓN PESQUERA ARTESANAL CHUPADOR GRANDE,7.4,5,0,0,0,2.4,0.0,0,0,5
AIECU166,Ecuador,ASOCIACIÓN DE LA COMUNA ISLA LAS CASITAS,7.4,5,0,0,0,2.4,0.0,0,0,5
AIECU167,Ecuador,ASOCIACIÓN DE PRODUCCIÓN PESQUERA ARTESANAL RÍO SALIMA ASOPESARISA,7.4,5,0,0,0,2.4,0.0,0,0,5
AIECU168,Ecuador,ASOCIACIÓN DE CANGREJEROS Y PESCADORES DE BALAO,7.4,5,0,0,0,2.4,0.0,0,0,5
AIECU169,Ecuador,ASOCIACIÓN DE USUARIOS ANCESTRALES DE PESCA ARTESANAL CAMPO ALEGRE,7.4,5,0,0,0,2.4,0.0,0,0,5
AIECU170,Ecuador,ASOCIACIÓN DE PESCADORES ARTESANALES MARINE,7.4,5,0,0,0,2.4,0.0,0,0,5
AIECU171,Ecuador,COOPERATIVA DE PESCADORES ARTESANALES MANGLARES PORTEÑO,7.4,5,0,0,0,2.4,0.0,0,0,5
AIECU172,Ecuador,ASOCIACIÓN DE PESCADORES ARTESANALES FORJADORES DEL FUTURO,7.4,5,0,0,0,2.4,0.0,0,0,5
AIECU173,Ecuador,ASOCIACIÓN DE PRODUCCIÓN PESQUERA ARTESANAL DEFENSORES DEL MANGLAR,7.4,5,0,0,0,2.4,0.0,0,0,5
AIECU174,Ecuador,ASOCIACIÓN DE MUJERES ARTESANS ESTERO PORTEÑO,7.4,5,0,0,0,2.4,0.0,0,0,5
AIECU175,Ecuador,COOPERATIVA DE PRODUCCIÓN PESQUERA ARTESANAL EL CONCHAL,7.4,5,0,0,0,2.4,0.0,0,0,5
AIECU176,Ecuador,ORGANIZACIÓN COMUNITARIA DE SERVICIOS TURÍSTICOS LA PLAYITA DE JAMBELÍ,7.4,5,0,0,0,2.4,0.0,0,0,5
AIECU177,Ecuador,ASOCIACIÓN DE PESCADORES ARTESANALES CONCHA PRIETA- SAN FELIPE,7.4,5,0,0,0,2.4,0.0,0,0,5
AIECU178,Ecuador,CENTRO DE DESARROLLO COMUNITARIO ISLA PONGALILLO,7.4,5,0,0,0,2.4,0.0,0,0,5
AIECU179,Ecuador,ASOCIACIÓN DE PRODUCCIÓN PESQUERO PUERTO DIAMANTE - ASOPRODIA,7.4,5,0,0,0,2.4,0.0,0,0,5
AIECU18,Ecuador,GALERA SAN FRANCISCO,36.1,26,1,0,1,3.1,9.0,5,0,9
AIECU180,Ecuador,COOPERATIVA DE PRODUCCIÓN PESQUERA ARTESANAL JEHOVA ES MI PASTOR,7.4,5,0,0,0,2.4,0.0,0,0,5
AIECU181,Ecuador,ASOCIACIÓN DE PRODUCCIÓN PESQUERA ARTESANAL EL CHURO ASOPROPECHU,7.4,5,0,0,0,2.4,0.0,0,0,5
AIECU182,Ecuador,ASOCIACIÓN DE PRODUCCIÓN PESQUERA ARTESANAL EL NUEVO RENACER DE DAULE ASOPRONUREDA,7.4,5,0,0,0,2.4,0.0,0,0,5
AIECU183,Ecuador,ASOCIACIÓN DE PRODUCCIÓN PESQUERA CANGREJOS DE SALINAS 15 DE AGOSTO ASOPRESALI,7.4,5,0,0,0,2.4,0.0,0,0,5
AIECU184,Ecuador,ASOCIACIÓN DE PRODUCCIÓN PESQUERA VIRGEN DEL CISNE,7.4,5,0,0,0,2.4,0.0,0,0,5
AIECU185,Ecuador,COOPERATIVA DE PRODUCCIÓN PESQUERA RÍO CHAGUANA,7.4,5,0,0,0,2.4,0.0,0,0,5
AIECU192,Ecuador,Galapagos Marine Reserve,53.9,20,8,1,2,16.9,10.0,0,0,7
AIECU193,Ecuador,Galapagos National Park,24.3,9,1,0,2,5.8,1.5,0,0,7
AIECU2,Ecuador,Ecuador Territorial Seas and Internal Waters,7.2,6,0,0,0,1.8,1.5,0,0,4
AIECU203,Ecuador,Hermandad Marine Reserve,5.8,3,0,0,0,1.8,0.0,0,0,4
AIECU203a,Ecuador,Hermandad Marine Reserve - No Take Zone ,36.2,7,1,0,1,6.7,4.5,8,0,7
AIECU203b,Ecuador,Hermandad Marine Reserve - Responsible Fishing Zone (Sustainable Use),33.1,9,1,0,1,5.6,2.5,8,0,7
AIECU23,Ecuador,MANGLARES ESTUARIO DEL RIO MUISNE,34.2,2,1,0,1,19.2,0.0,0,0,5
AIECU29,Ecuador,SABANDO FERRIN MARIA ENRIQUETA,7.4,5,0,0,0,2.4,0.0,0,0,5
AIECU30,Ecuador,ISLA CORAZON Y LAS ISLAS FRAGATAS,33.1,3,1,0,1,14.6,1.5,0,0,7
AIECU36,Ecuador,PACOCHE,32.9,12,1,0,1,4.4,10.5,0,0,8
AIECU37,Ecuador,PACOCHE - Zona de Conservación activa en el ámbito marino,36.6,3,1,0,1,14.6,4.0,0,0,8
AIECU38,Ecuador,PACOCHE - Zona de Conservación estricta en el ámbito costero - marino,31.1,8,1,0,1,6.1,7.0,0,0,8
AIECU39,Ecuador,CANTAGALLO - MACHALILLA,30.8,15,1,0,1,4.3,4.5,5,0,7
AIECU46,Ecuador,MACHALILLA,38.6,8,3,0,0,15.1,1.5,0,0,7
AIECU5,Ecuador,MANGLARES CAYAPAS MATAJE,28.1,5,1,0,1,8.1,3.0,0,0,7
AIECU56,Ecuador,BAJO COPE,32.2,17,1,1,2,5.7,4.5,5,0,7
AIECU61,Ecuador,PUNTILLA DE SANTA ELENA,26.1,23,2,0,1,4.6,4.5,0,0,7
AIECU66,Ecuador,PLAYAS DE VILLAMIL,5.5,1,0,0,1,3.5,0.0,0,0,2
AIECU72,Ecuador,MANGLARES EL MORRO,6.3,3,0,0,1,2.3,0.0,0,0,4
AIECU79,Ecuador,ASOCIACIÓN DE CANGREJEROS PESCADORES ARTESANALES,7.4,5,0,0,0,2.4,0.0,0,0,5
AIECU80,Ecuador,ASOCIACIÓN DE PESCADORES ARTESANALES DE CANGREJEROS Y AFINES RÍO GUAYAS,7.4,5,0,0,0,2.4,0.0,0,0,5
AIECU81,Ecuador,ASOCIACIÓN DE COMERCIANTES DE CANGREJOS LOS CEIBOS,7.4,5,0,0,0,2.4,0.0,0,0,5
AIECU82,Ecuador,ASOCIACIÓN DE PESCADORES ARTESANALES DE ESPECIES BIOACUÁTICAS Y AFINES ISLA ESCALANTE - APAREBAFIE,7.4,5,0,0,0,2.4,0.0,0,0,5
AIECU83,Ecuador,ASOCIACIÓN DE PESCADORES ARTESANALES Y CANGREJEROS DE ESPECIES BIOACUÁTICAS Y AFINES 21 DE SEPTIEMBRE,7.4,5,0,0,0,2.4,0.0,0,0,5
AIECU84,Ecuador,ASOCIACIÓN DE CANGREJEROS Y PESCADORES ARTESANALES 21 DE MAYO PUERTO ROMA,7.4,5,0,0,0,2.4,0.0,0,0,5
AIECU85,Ecuador,ASOCIACIÓN DE CANGREJEROS Y PESCADORES ARTESANALES,7.4,5,0,0,0,2.4,0.0,0,0,5
AIECU86,Ecuador,COOPERATIVA PESQUERA ARTESANAL NUEVO PORVENIR,7.4,5,0,0,0,2.4,0.0,0,0,5
AIECU87,Ecuador,COOPERATIVA PESQUERA ARTESANAL NUEVO PORVENIR,7.4,5,0,0,0,2.4,0.0,0,0,5
AIECU90,Ecuador,MANGLARES EL SALADO,6.3,3,0,0,1,2.3,0.0,0,0,4
AIESP1,Spain,Spain National Waters,54.1,9,4,1,1,18.1,12.0,0,0,7
AIESP100,Spain,Archipiélago de Cabrera - Zona de Uso Especial,18.7,3,0,1,0,11.7,0.0,0,0,7
AIESP1000,Spain,Zona Protegida (ZP) Especies Acuaticas: Moluscos - COSTA NORTE DEL DELTA DEL EBRO I,8.0,5,0,0,2,2.5,1.5,0,0,4
AIESP1001,Spain,Zona Protegida (ZP) Especies Acuaticas: Moluscos - COSTA NORTE DEL DELTA DEL EBRO II,8.0,5,0,0,2,2.5,1.5,0,0,4
AIESP1002,Spain,Zona Protegida (ZP) Especies Acuaticas: Moluscos - COSTA SUR DEL DELTA DEL EBRO,8.0,5,0,0,2,2.5,1.5,0,0,4
AIESP1003,Spain,Zona Protegida (ZP) Especies Acuaticas: Moluscos - COSTACABANA-RAMBLA SEPULTURA,8.0,5,0,0,2,2.5,1.5,0,0,4
AIESP1004,Spain,Zona Protegida (ZP) Especies Acuaticas: Moluscos - DESEMBOCADURA DEL PIEDRAS,8.0,5,0,0,2,2.5,1.5,0,0,4
AIESP1005,Spain,Zona Protegida (ZP) Especies Acuaticas: Moluscos - EL MASNOU-VILASSAR DE MAR,8.0,5,0,0,2,2.5,1.5,0,0,4
AIESP1006,Spain,Zona Protegida (ZP) Especies Acuaticas: Moluscos - ENSEADA DA LARACHE,8.0,5,0,0,2,2.5,1.5,0,0,4
AIESP1007,Spain,Zona Protegida (ZP) Especies Acuaticas: Moluscos - ENSEADA DE ARCADE,8.0,5,0,0,2,2.5,1.5,0,0,4
AIESP1008,Spain,Zona Protegida (ZP) Especies Acuaticas: Moluscos - ENSEADA DE BAIONA,8.0,5,0,0,2,2.5,1.5,0,0,4
AIESP1009,Spain,Zona Protegida (ZP) Especies Acuaticas: Moluscos - ENSEADA DE BAÑOBRE,8.0,5,0,0,2,2.5,1.5,0,0,4
AIESP101,Spain,Àrea marina Costa de Llevant,64.2,33,16,7,0,23.7,13.5,0,0,7
AIESP1010,Spain,Zona Protegida (ZP) Especies Acuaticas: Moluscos - ENSEADA DE CAMPELO,8.0,5,0,0,2,2.5,1.5,0,0,4
AIESP1011,Spain,Zona Protegida (ZP) Especies Acuaticas: Moluscos - ENSEADA DE CARANZA,8.0,5,0,0,2,2.5,1.5,0,0,4
AIESP1012,Spain,Zona Protegida (ZP) Especies Acuaticas: Moluscos - ENSEADA DE FISTERRA,8.0,5,0,0,2,2.5,1.5,0,0,4
AIESP1013,Spain,Zona Protegida (ZP) Especies Acuaticas: Moluscos - ENSEADA DE MELOXO,8.0,5,0,0,2,2.5,1.5,0,0,4
AIESP1014,Spain,Zona Protegida (ZP) Especies Acuaticas: Moluscos - ENSEADA DE MOAÑA,8.0,5,0,0,2,2.5,1.5,0,0,4
AIESP1015,Spain,Zona Protegida (ZP) Especies Acuaticas: Moluscos - ENSEADA DE MUROS,8.0,5,0,0,2,2.5,1.5,0,0,4
AIESP1016,Spain,Zona Protegida (ZP) Especies Acuaticas: Moluscos - ENSEADA DE MUROS -INTERIOR,8.0,5,0,0,2,2.5,1.5,0,0,4
AIESP1017,Spain,Zona Protegida (ZP) Especies Acuaticas: Moluscos - ENSEADA DE O GROVE,8.0,5,0,0,2,2.5,1.5,0,0,4
AIESP1018,Spain,Zona Protegida (ZP) Especies Acuaticas: Moluscos - ENSEADA DOS MOTEIS,8.0,5,0,0,2,2.5,1.5,0,0,4
AIESP1019,Spain,Zona Protegida (ZP) Especies Acuaticas: Moluscos - ENSEADAS DE CABANA-A MALATA,8.0,5,0,0,2,2.5,1.5,0,0,4
AIESP102,Spain,Costa de Llevant,64.2,33,16,7,0,23.7,13.5,0,0,7
AIESP1020,Spain,Zona Protegida (ZP) Especies Acuaticas: Moluscos - ENSENADA DE BARRA,8.0,5,0,0,2,2.5,1.5,0,0,4
AIESP1021,Spain,Zona Protegida (ZP) Especies Acuaticas: Moluscos - ENSENADA POBRA E CABO CRUZ,8.0,5,0,0,2,2.5,1.5,0,0,4
AIESP1022,Spain,Zona Protegida (ZP) Especies Acuaticas: Moluscos - ENSENADA RIANXO E VILAGARCIA,8.0,5,0,0,2,2.5,1.5,0,0,4
AIESP1023,Spain,Zona Protegida (ZP) Especies Acuaticas: Moluscos - ENSENADA RIBEIRA E PALMEIRA,8.0,5,0,0,2,2.5,1.5,0,0,4
AIESP1024,Spain,Zona Protegida (ZP) Especies Acuaticas: Moluscos - ENTRE CANOS,8.0,5,0,0,2,2.5,1.5,0,0,4
AIESP1025,Spain,Zona Protegida (ZP) Especies Acuaticas: Moluscos - ESGAL-03-08-3,8.0,5,0,0,2,2.5,1.5,0,0,4
AIESP1026,Spain,Zona Protegida (ZP) Especies Acuaticas: Moluscos - ESTEIRO DO RIO BALEO,8.0,5,0,0,2,2.5,1.5,0,0,4
AIESP1027,Spain,Zona Protegida (ZP) Especies Acuaticas: Moluscos - ESTEIRO DO RIO MANDEO -EXTERIOR,8.0,5,0,0,2,2.5,1.5,0,0,4
AIESP1028,Spain,Zona Protegida (ZP) Especies Acuaticas: Moluscos - ESTEIRO DO RIO MANDEO -INTERIOR,8.0,5,0,0,2,2.5,1.5,0,0,4
AIESP1029,Spain,Zona Protegida (ZP) Especies Acuaticas: Moluscos - ESTEIRO DO RIO MANDEO -MEDIO,8.0,5,0,0,2,2.5,1.5,0,0,4
AIESP103,Spain,Portocolom,64.2,33,16,7,0,23.7,13.5,0,0,7
AIESP1030,Spain,Zona Protegida (ZP) Especies Acuaticas: Moluscos - ESTEIRO DO RIO MIÑOR,8.0,5,0,0,2,2.5,1.5,0,0,4
AIESP1031,Spain,Zona Protegida (ZP) Especies Acuaticas: Moluscos - ESTEIRO DO RIO TALLARA,8.0,5,0,0,2,2.5,1.5,0,0,4
AIESP1032,Spain,Zona Protegida (ZP) Especies Acuaticas: Moluscos - ESTEIRO DO RIO TAMBRE,8.0,5,0,0,2,2.5,1.5,0,0,4
AIESP1033,Spain,Zona Protegida (ZP) Especies Acuaticas: Moluscos - ESTEIRO RIO EUME -EXTERIOR,8.0,5,0,0,2,2.5,1.5,0,0,4
AIESP1034,Spain,Zona Protegida (ZP) Especies Acuaticas: Moluscos - ESTEIRO RIO EUME -INTERIOR,8.0,5,0,0,2,2.5,1.5,0,0,4
AIESP1035,Spain,Zona Protegida (ZP) Especies Acuaticas: Moluscos - ESTRECHO,8.0,5,0,0,2,2.5,1.5,0,0,4
AIESP1036,Spain,Zona Protegida (ZP) Especies Acuaticas: Moluscos - ESTUARIO DEL GUADALQUIVIR I,8.0,5,0,0,2,2.5,1.5,0,0,4
AIESP1037,Spain,Zona Protegida (ZP) Especies Acuaticas: Moluscos - ESTUARIO DEL GUADALQUIVIR II,8.0,5,0,0,2,2.5,1.5,0,0,4
AIESP1038,Spain,Zona Protegida (ZP) Especies Acuaticas: Moluscos - FISTERRA-CARNOTA -EXTERIOR,8.0,5,0,0,2,2.5,1.5,0,0,4
AIESP1039,Spain,Zona Protegida (ZP) Especies Acuaticas: Moluscos - GETARES CULTIVOS,8.0,5,0,0,2,2.5,1.5,0,0,4
AIESP104,Spain,Cales de Manacor,62.5,27,15,3,0,23.0,12.5,0,0,7
AIESP1040,Spain,Zona Protegida (ZP) Especies Acuaticas: Moluscos - GUADALMANSA-MARBELLA,8.0,5,0,0,2,2.5,1.5,0,0,4
AIESP1041,Spain,Zona Protegida (ZP) Especies Acuaticas: Moluscos - ISLA CANELA,8.0,5,0,0,2,2.5,1.5,0,0,4
AIESP1042,Spain,Zona Protegida (ZP) Especies Acuaticas: Moluscos - L' ATMELLA DE MAR-VANDELLÓS Y L' HOSPITALET DE L' INFANT,8.0,5,0,0,2,2.5,1.5,0,0,4
AIESP1043,Spain,Zona Protegida (ZP) Especies Acuaticas: Moluscos - L' ESCALA-ROSES-CADAQUÉS,8.0,5,0,0,2,2.5,1.5,0,0,4
AIESP1044,Spain,Zona Protegida (ZP) Especies Acuaticas: Moluscos - L' ESTARTIT,8.0,5,0,0,2,2.5,1.5,0,0,4
AIESP1045,Spain,Zona Protegida (ZP) Especies Acuaticas: Moluscos - LA ALCAIDESA-PUNTA CHULLERA,8.0,5,0,0,2,2.5,1.5,0,0,4
AIESP1046,Spain,Zona Protegida (ZP) Especies Acuaticas: Moluscos - LA ATUNARA-LA ALCAIDESA,8.0,5,0,0,2,2.5,1.5,0,0,4
AIESP1047,Spain,Zona Protegida (ZP) Especies Acuaticas: Moluscos - LA LÍNEA-BAHÍA,8.0,5,0,0,2,2.5,1.5,0,0,4
AIESP1048,Spain,Zona Protegida (ZP) Especies Acuaticas: Moluscos - LA MURTRA-PUERTO DE BARCELONA,8.0,5,0,0,2,2.5,1.5,0,0,4
AIESP1049,Spain,Zona Protegida (ZP) Especies Acuaticas: Moluscos - LITORAL ASTURIANO,8.0,5,0,0,2,2.5,1.5,0,0,4
AIESP105,Spain,Punta des Ras,62.5,27,15,3,0,23.0,12.5,0,0,7
AIESP1050,Spain,Zona Protegida (ZP) Especies Acuaticas: Moluscos - LITORAL DE CÁDIZ I,8.0,5,0,0,2,2.5,1.5,0,0,4
AIESP1051,Spain,Zona Protegida (ZP) Especies Acuaticas: Moluscos - LITORAL DESDE RÍA DE TINA MAYOR HASTA LA PUNTA DEL FRAILE,8.0,5,0,0,2,2.5,1.5,0,0,4
AIESP1052,Spain,Zona Protegida (ZP) Especies Acuaticas: Moluscos - LLANÇA-EL PORT DE LA SELVA,8.0,5,0,0,2,2.5,1.5,0,0,4
AIESP1053,Spain,Zona Protegida (ZP) Especies Acuaticas: Moluscos - MÁLAGA-RÍO VÉLEZ,8.0,5,0,0,2,2.5,1.5,0,0,4
AIESP1054,Spain,Zona Protegida (ZP) Especies Acuaticas: Moluscos - MARBELLA-CABOPINO,8.0,5,0,0,2,2.5,1.5,0,0,4
AIESP1055,Spain,Zona Protegida (ZP) Especies Acuaticas: Moluscos - MARISMAS DEL GUADIANA-CARRERAS,8.0,5,0,0,2,2.5,1.5,0,0,4
AIESP1056,Spain,Zona Protegida (ZP) Especies Acuaticas: Moluscos - MARISMAS DEL PIEDRAS,8.0,5,0,0,2,2.5,1.5,0,0,4
AIESP1057,Spain,Zona Protegida (ZP) Especies Acuaticas: Moluscos - MATALASCAÑAS,8.0,5,0,0,2,2.5,1.5,0,0,4
AIESP1058,Spain,Zona Protegida (ZP) Especies Acuaticas: Moluscos - MATALASCAÑAS,8.0,5,0,0,2,2.5,1.5,0,0,4
AIESP1059,Spain,Zona Protegida (ZP) Especies Acuaticas: Moluscos - MATARÓ-ARENYS DE MAR-SANT POL DE MAR,8.0,5,0,0,2,2.5,1.5,0,0,4
AIESP106,Spain,Mondragó,33.1,32,3,1,5,6.1,3.0,0,0,9
AIESP1060,Spain,Zona Protegida (ZP) Especies Acuaticas: Moluscos - MAZAGÓN,8.0,5,0,0,2,2.5,1.5,0,0,4
AIESP1061,Spain,Zona Protegida (ZP) Especies Acuaticas: Moluscos - MAZAGÓN,8.0,5,0,0,2,2.5,1.5,0,0,4
AIESP1062,Spain,Zona Protegida (ZP) Especies Acuaticas: Moluscos - O BOHIDO-SARRIDO,8.0,5,0,0,2,2.5,1.5,0,0,4
AIESP1063,Spain,Zona Protegida (ZP) Especies Acuaticas: Moluscos - PALAMÓS-CABO NEGRE,8.0,5,0,0,2,2.5,1.5,0,0,4
AIESP1064,Spain,Zona Protegida (ZP) Especies Acuaticas: Moluscos - PALMONES,8.0,5,0,0,2,2.5,1.5,0,0,4
AIESP1065,Spain,Zona Protegida (ZP) Especies Acuaticas: Moluscos - PARTE EXTERNA DE LA RIA DE CORCUBION,8.0,5,0,0,2,2.5,1.5,0,0,4
AIESP1066,Spain,Zona Protegida (ZP) Especies Acuaticas: Moluscos - PARTE EXTERNA DEL ESTEIRO DE VILANOVA,8.0,5,0,0,2,2.5,1.5,0,0,4
AIESP1067,Spain,Zona Protegida (ZP) Especies Acuaticas: Moluscos - PARTE INTERNA DEL ESTEIRO DE VILANOVA,8.0,5,0,0,2,2.5,1.5,0,0,4
AIESP1068,Spain,Zona Protegida (ZP) Especies Acuaticas: Moluscos - PARTE MEDIA DA RIA DE PONTEVEDRA,8.0,5,0,0,2,2.5,1.5,0,0,4
AIESP1069,Spain,Zona Protegida (ZP) Especies Acuaticas: Moluscos - PARTE MEDIA DE LA RIA DE CORCUBION,8.0,5,0,0,2,2.5,1.5,0,0,4
AIESP106a,Spain,Mondragó,53.9,6,3,1,0,23.9,6.0,0,0,7
AIESP107,Spain,Espacio marino del sur de Mallorca y Cabrera,40.0,8,1,4,1,21.0,0.0,0,0,9
AIESP1070,Spain,Zona Protegida (ZP) Especies Acuaticas: Moluscos - PINEDO-TAVERNES,8.0,5,0,0,2,2.5,1.5,0,0,4
AIESP1071,Spain,Zona Protegida (ZP) Especies Acuaticas: Moluscos - PRAIA DE CEE,8.0,5,0,0,2,2.5,1.5,0,0,4
AIESP1072,Spain,Zona Protegida (ZP) Especies Acuaticas: Moluscos - PRAIA DE CORCUBION,8.0,5,0,0,2,2.5,1.5,0,0,4
AIESP1073,Spain,Zona Protegida (ZP) Especies Acuaticas: Moluscos - PUERTO DE AIGUADOLÇ-LA MURTRA,8.0,5,0,0,2,2.5,1.5,0,0,4
AIESP1074,Spain,Zona Protegida (ZP) Especies Acuaticas: Moluscos - PUERTO DE BARCELONA-PUERTO OLÍMPICO,8.0,5,0,0,2,2.5,1.5,0,0,4
AIESP1075,Spain,Zona Protegida (ZP) Especies Acuaticas: Moluscos - PUERTO DE MAHÓN,8.0,5,0,0,2,2.5,1.5,0,0,4
AIESP1076,Spain,Zona Protegida (ZP) Especies Acuaticas: Moluscos - PUERTO DE SAGUNTO,8.0,5,0,0,2,2.5,1.5,0,0,4
AIESP1077,Spain,Zona Protegida (ZP) Especies Acuaticas: Moluscos - PUERTO DE VALÈNCIA (RECINTO NUEVO),8.0,5,0,0,2,2.5,1.5,0,0,4
AIESP1078,Spain,Zona Protegida (ZP) Especies Acuaticas: Moluscos - PUERTO DE VALÈNCIA (XITÁ),8.0,5,0,0,2,2.5,1.5,0,0,4
AIESP1079,Spain,Zona Protegida (ZP) Especies Acuaticas: Moluscos - PUERTO OLÍMPICO-BADALONA,8.0,5,0,0,2,2.5,1.5,0,0,4
AIESP108,Spain,Bahia De Palma,50.4,16,3,3,4,14.4,9.0,0,4,8
AIESP1080,Spain,Zona Protegida (ZP) Especies Acuaticas: Moluscos - PUNTA CHULLERA-TORRE DE LA SAL,8.0,5,0,0,2,2.5,1.5,0,0,4
AIESP1081,Spain,Zona Protegida (ZP) Especies Acuaticas: Moluscos - PUNTA UMBRÍA,8.0,5,0,0,2,2.5,1.5,0,0,4
AIESP1082,Spain,Zona Protegida (ZP) Especies Acuaticas: Moluscos - RIA CORCUBION-INTERIOR,8.0,5,0,0,2,2.5,1.5,0,0,4
AIESP1083,Spain,Zona Protegida (ZP) Especies Acuaticas: Moluscos - RIA CORUÑA-SANTA CRISTINA,8.0,5,0,0,2,2.5,1.5,0,0,4
AIESP1084,Spain,Zona Protegida (ZP) Especies Acuaticas: Moluscos - RIA DA CORUÑA-EXTERIOR,8.0,5,0,0,2,2.5,1.5,0,0,4
AIESP1085,Spain,Zona Protegida (ZP) Especies Acuaticas: Moluscos - RIA DE ALDAN-EXTERIOR,8.0,5,0,0,2,2.5,1.5,0,0,4
AIESP1086,Spain,Zona Protegida (ZP) Especies Acuaticas: Moluscos - RIA DE ALDAN-INTERIOR,8.0,5,0,0,2,2.5,1.5,0,0,4
AIESP1087,Spain,Zona Protegida (ZP) Especies Acuaticas: Moluscos - RIA DE ARES-BETANZOS,8.0,5,0,0,2,2.5,1.5,0,0,4
AIESP1088,Spain,Zona Protegida (ZP) Especies Acuaticas: Moluscos - RIA DE AROUSA-EXTERIOR,8.0,5,0,0,2,2.5,1.5,0,0,4
AIESP1089,Spain,Zona Protegida (ZP) Especies Acuaticas: Moluscos - RIA DE CAMARIÑAS,8.0,5,0,0,2,2.5,1.5,0,0,4
AIESP1090,Spain,Zona Protegida (ZP) Especies Acuaticas: Moluscos - RIA DE CEDEIRA -EXTERIOR,8.0,5,0,0,2,2.5,1.5,0,0,4
AIESP1091,Spain,Zona Protegida (ZP) Especies Acuaticas: Moluscos - RIA DE CEDEIRA -INTERIOR,8.0,5,0,0,2,2.5,1.5,0,0,4
AIESP1092,Spain,Zona Protegida (ZP) Especies Acuaticas: Moluscos - RIA DE CORME-LAXE,8.0,5,0,0,2,2.5,1.5,0,0,4
AIESP1093,Spain,Zona Protegida (ZP) Especies Acuaticas: Moluscos - RIA DE FERROL - EXTERIOR,8.0,5,0,0,2,2.5,1.5,0,0,4
AIESP1094,Spain,Zona Protegida (ZP) Especies Acuaticas: Moluscos - RIA DE FERROL - EXTERIOR,8.0,5,0,0,2,2.5,1.5,0,0,4
AIESP1095,Spain,Zona Protegida (ZP) Especies Acuaticas: Moluscos - RIA DE FERROL - INTERIOR,8.0,5,0,0,2,2.5,1.5,0,0,4
AIESP1096,Spain,Zona Protegida (ZP) Especies Acuaticas: Moluscos - RIA DE FERROL - MEDIO,8.0,5,0,0,2,2.5,1.5,0,0,4
AIESP1097,Spain,Zona Protegida (ZP) Especies Acuaticas: Moluscos - RIA DE FOZ,8.0,5,0,0,2,2.5,1.5,0,0,4
AIESP1098,Spain,Zona Protegida (ZP) Especies Acuaticas: Moluscos - RÍA DE HONDARRIBIA,8.0,5,0,0,2,2.5,1.5,0,0,4
AIESP1099,Spain,Zona Protegida (ZP) Especies Acuaticas: Moluscos - RÍA DE MOGRO,8.0,5,0,0,2,2.5,1.5,0,0,4
AIESP110,Spain,Migjorn De Mallorca,67.3,28,8,8,1,19.3,13.0,0,7,10
AIESP1100,Spain,Zona Protegida (ZP) Especies Acuaticas: Moluscos - RÍA DE MUNDAKA,8.0,5,0,0,2,2.5,1.5,0,0,4
AIESP1101,Spain,Zona Protegida (ZP) Especies Acuaticas: Moluscos - RIA DE MUROS-NOIA - EXTERIOR,8.0,5,0,0,2,2.5,1.5,0,0,4
AIESP1102,Spain,Zona Protegida (ZP) Especies Acuaticas: Moluscos - RIA DE MUROS-NOIA - MEDIO,8.0,5,0,0,2,2.5,1.5,0,0,4
AIESP1103,Spain,Zona Protegida (ZP) Especies Acuaticas: Moluscos - RIA DE O BARQUEIRO - EXTERIOR,8.0,5,0,0,2,2.5,1.5,0,0,4
AIESP1104,Spain,Zona Protegida (ZP) Especies Acuaticas: Moluscos - RIA DE O BARQUEIRO - INTERIOR,8.0,5,0,0,2,2.5,1.5,0,0,4
AIESP1105,Spain,Zona Protegida (ZP) Especies Acuaticas: Moluscos - RIA DE O BURGO - EXTERIOR,8.0,5,0,0,2,2.5,1.5,0,0,4
AIESP1106,Spain,Zona Protegida (ZP) Especies Acuaticas: Moluscos - RIA DE O BURGO - INTERIOR,8.0,5,0,0,2,2.5,1.5,0,0,4
AIESP1107,Spain,Zona Protegida (ZP) Especies Acuaticas: Moluscos - RIA DE ORTIGUEIRA,8.0,5,0,0,2,2.5,1.5,0,0,4
AIESP1108,Spain,Zona Protegida (ZP) Especies Acuaticas: Moluscos - RÍA DE PLENTZIA,8.0,5,0,0,2,2.5,1.5,0,0,4
AIESP1109,Spain,Zona Protegida (ZP) Especies Acuaticas: Moluscos - RIA DE PONTEVEDRA -EXTERIOR,8.0,5,0,0,2,2.5,1.5,0,0,4
AIESP110a,Spain,Migjorn De Mallorca - Zona de protección especial,46.3,3,1,1,1,23.3,6.0,0,0,7
AIESP110b,Spain,Migjorn De Mallorca - Zona de veda de pesca recreativa,21.8,3,0,1,1,12.2,2.5,0,0,7
AIESP1110,Spain,Zona Protegida (ZP) Especies Acuaticas: Moluscos - RIA DE PONTEVEDRA PORTO BUEU,8.0,5,0,0,2,2.5,1.5,0,0,4
AIESP1111,Spain,Zona Protegida (ZP) Especies Acuaticas: Moluscos - RIA DE RIBADEO,8.0,5,0,0,2,2.5,1.5,0,0,4
AIESP1112,Spain,Zona Protegida (ZP) Especies Acuaticas: Moluscos - RÍA DE SAN VICENTE DE LA BARQUERA,8.0,5,0,0,2,2.5,1.5,0,0,4
AIESP1114,Spain,Zona Protegida (ZP) Especies Acuaticas: Moluscos - RÍA DE TINA MENOR,8.0,5,0,0,2,2.5,1.5,0,0,4
AIESP1115,Spain,Zona Protegida (ZP) Especies Acuaticas: Moluscos - RIA DE VIGO - EXTERIOR,8.0,5,0,0,2,2.5,1.5,0,0,4
AIESP1116,Spain,Zona Protegida (ZP) Especies Acuaticas: Moluscos - RIA DE VIGO - INTERIOR,8.0,5,0,0,2,2.5,1.5,0,0,4
AIESP1117,Spain,Zona Protegida (ZP) Especies Acuaticas: Moluscos - RIA DE VIGO - MEDIO,8.0,5,0,0,2,2.5,1.5,0,0,4
AIESP1118,Spain,Zona Protegida (ZP) Especies Acuaticas: Moluscos - RÍA DE VILLAVICIOSA,8.0,5,0,0,2,2.5,1.5,0,0,4
AIESP1119,Spain,Zona Protegida (ZP) Especies Acuaticas: Moluscos - RIA DE VIVEIRO - EXTERIOR,8.0,5,0,0,2,2.5,1.5,0,0,4
AIESP112,Spain,Arxipèlag de Cabrera,70.8,15,11,3,0,32.3,11.5,0,0,7
AIESP1120,Spain,Zona Protegida (ZP) Especies Acuaticas: Moluscos - RIA DE VIVEIRO - INTERIOR,8.0,5,0,0,2,2.5,1.5,0,0,4
AIESP1121,Spain,Zona Protegida (ZP) Especies Acuaticas: Moluscos - RIA DE VIVEIRO - MEDIO,8.0,5,0,0,2,2.5,1.5,0,0,4
AIESP1122,Spain,Zona Protegida (ZP) Especies Acuaticas: Moluscos - RÍA DEL EO,8.0,5,0,0,2,2.5,1.5,0,0,4
AIESP1123,Spain,Zona Protegida (ZP) Especies Acuaticas: Moluscos - RIA O BARQUEIRO - MEDIO LOMBO,8.0,5,0,0,2,2.5,1.5,0,0,4
AIESP1124,Spain,Zona Protegida (ZP) Especies Acuaticas: Moluscos - RIA O BARQUEIRO - MEDIO SALGUIERA,8.0,5,0,0,2,2.5,1.5,0,0,4
AIESP1125,Spain,Zona Protegida (ZP) Especies Acuaticas: Moluscos - RÍO ADRA-ALMERIMAR,8.0,5,0,0,2,2.5,1.5,0,0,4
AIESP1126,Spain,Zona Protegida (ZP) Especies Acuaticas: Moluscos - RÍO CARRERAS,8.0,5,0,0,2,2.5,1.5,0,0,4
AIESP1127,Spain,Zona Protegida (ZP) Especies Acuaticas: Moluscos - RÍO GUADIANA,8.0,5,0,0,2,2.5,1.5,0,0,4
AIESP1128,Spain,Zona Protegida (ZP) Especies Acuaticas: Moluscos - RÍO SAN PEDRO,8.0,5,0,0,2,2.5,1.5,0,0,4
AIESP1129,Spain,Zona Protegida (ZP) Especies Acuaticas: Moluscos - RÍO VÉLEZ-TORRE DE MARO,8.0,5,0,0,2,2.5,1.5,0,0,4
AIESP113,Spain,Cap Enderrocat and Cap Blanc,64.2,11,4,5,1,27.2,13.0,0,0,7
AIESP1130,Spain,Zona Protegida (ZP) Especies Acuaticas: Moluscos - SACO BAHÍA CÁDIZ,8.0,5,0,0,2,2.5,1.5,0,0,4
AIESP1131,Spain,Zona Protegida (ZP) Especies Acuaticas: Moluscos - SACO DE FEFIÑANS,8.0,5,0,0,2,2.5,1.5,0,0,4
AIESP1132,Spain,Zona Protegida (ZP) Especies Acuaticas: Moluscos - SAMIEIRA,8.0,5,0,0,2,2.5,1.5,0,0,4
AIESP1133,Spain,Zona Protegida (ZP) Especies Acuaticas: Moluscos - SAN FELIU DE GUIXOLS,8.0,5,0,0,2,2.5,1.5,0,0,4
AIESP1134,Spain,Zona Protegida (ZP) Especies Acuaticas: Moluscos - SANCTI PETRI,8.0,5,0,0,2,2.5,1.5,0,0,4
AIESP1135,Spain,Zona Protegida (ZP) Especies Acuaticas: Moluscos - SANTA POLA,8.0,5,0,0,2,2.5,1.5,0,0,4
AIESP1136,Spain,Zona Protegida (ZP) Especies Acuaticas: Moluscos - TAVERNES-DÉNIA,8.0,5,0,0,2,2.5,1.5,0,0,4
AIESP1137,Spain,Zona Protegida (ZP) Especies Acuaticas: Moluscos - TORRE DE LA SAL-GUADALMANSA,8.0,5,0,0,2,2.5,1.5,0,0,4
AIESP1138,Spain,Zona Protegida (ZP) Especies Acuaticas: Moluscos - TOSSA DE MAR,8.0,5,0,0,2,2.5,1.5,0,0,4
AIESP1139,Spain,Zona Protegida (ZP) Especies Acuaticas: Moluscos - TRAMO LITORAL ENTRE ONDARROA Y LEKEITIO,8.0,5,0,0,2,2.5,1.5,0,0,4
AIESP113a,Spain,Cap Enderrocat - Cap Blanc,61.2,19,7,5,1,21.7,12.5,0,0,7
AIESP114,Spain,Es Trenc - Salobrar de Campos,21.6,2,0,1,0,16.6,0.0,0,0,5
AIESP1140,Spain,Zona Protegida (ZP) Especies Acuaticas: Moluscos - VANDELLÓS Y L' HOSPITALET DE L' INFANT-CABO DE SALOU,8.0,5,0,0,2,2.5,1.5,0,0,4
AIESP1141,Spain,Zona Protegida (ZP) Especies Acuaticas: Moluscos - VILANOVA I LA GELTRÚ-TORRE BARONA,8.0,5,0,0,2,2.5,1.5,0,0,4
AIESP1142,Spain,Zona Protegida (ZP) Especies Acuaticas: Moluscos - ZONA CABO PRIOR-DONIÑOS,8.0,5,0,0,2,2.5,1.5,0,0,4
AIESP1143,Spain,Zona Protegida (ZP) Especies Acuaticas: Moluscos - ZONA CORUÑA NORTE,8.0,5,0,0,2,2.5,1.5,0,0,4
AIESP1144,Spain,Zona Protegida (ZP) Especies Acuaticas: Moluscos - ZONA DE O PARROTE,8.0,5,0,0,2,2.5,1.5,0,0,4
AIESP1145,Spain,Zona Protegida (ZP) Especies Acuaticas: Moluscos - ZONA DE PROTECCIÓN DE MOLUSCOS DE LAS ENCAÑIZADAS DEL MAR MENOR,8.0,5,0,0,2,2.5,1.5,0,0,4
AIESP1146,Spain,Zona Protegida (ZP) Especies Acuaticas: Moluscos - ZONA DE PROTECCIÓN DE MOLUSCOS ENTRE CALA MOJARRA Y LOS BOLETES,8.0,5,0,0,2,2.5,1.5,0,0,4
AIESP1147,Spain,Zona Protegida (ZP) Especies Acuaticas: Moluscos - ZONA DE PROTECCIÓN DE MOLUSCOS ENTRE ISLA PLANA Y LA PUNTA DE LA AZOHÍA,8.0,5,0,0,2,2.5,1.5,0,0,4
AIESP1148,Spain,Zona Protegida (ZP) Especies Acuaticas: Moluscos - ZONA DE PROTECCIÓN DE MOLUSCOS ENTRE JUNCO GRANDE Y CALA REONA,8.0,5,0,0,2,2.5,1.5,0,0,4
AIESP1149,Spain,Zona Protegida (ZP) Especies Acuaticas: Moluscos - ZONA DE PROTECCIÓN DE MOLUSCOS ENTRE PUNTA PARDA Y PUNTA DE MATALENTISCO,8.0,5,0,0,2,2.5,1.5,0,0,4
AIESP115,Spain,Parque Natural Marítimo-Terrestre Es Trenc-Salobrar de Campos,32.4,31,2,1,1,4.9,8.5,0,0,9
AIESP1150,Spain,Zona Protegida (ZP) Especies Acuaticas: Moluscos - ZONA MARÍTIMA DE DOÑANA,8.0,5,0,0,2,2.5,1.5,0,0,4
AIESP1158,Spain,Uso Prioritario Patrimonio Cultural (ZUPPC) - ESAL_01,31.3,6,1,1,2,12.8,1.5,0,0,7
AIESP1159,Spain,Uso Prioritario Patrimonio Cultural (ZUPPC) - ESAL_02,31.3,6,1,1,2,12.8,1.5,0,0,7
AIESP116,Spain,Cap de ses Salines,59.5,5,3,1,1,28.0,7.5,0,0,7
AIESP1160,Spain,Uso Prioritario Patrimonio Cultural (ZUPPC) - ESAL_03,31.3,6,1,1,2,12.8,1.5,0,0,7
AIESP1161,Spain,Uso Prioritario Patrimonio Cultural (ZUPPC) - ESAL_04,31.3,6,1,1,2,12.8,1.5,0,0,7
AIESP1162,Spain,Uso Prioritario Patrimonio Cultural (ZUPPC) - ESAL_05,31.3,6,1,1,2,12.8,1.5,0,0,7
AIESP1163,Spain,Uso Prioritario Patrimonio Cultural (ZUPPC) - ESAL_06,31.3,6,1,1,2,12.8,1.5,0,0,7
AIESP1164,Spain,Uso Prioritario Patrimonio Cultural (ZUPPC) - ESAL_07,31.3,6,1,1,2,12.8,1.5,0,0,7
AIESP1165,Spain,Uso Prioritario Patrimonio Cultural (ZUPPC) - ESAL_08,31.3,6,1,1,2,12.8,1.5,0,0,7
AIESP1166,Spain,Uso Prioritario Patrimonio Cultural (ZUPPC) - ESAL_09,31.3,6,1,1,2,12.8,1.5,0,0,7
AIESP1167,Spain,Uso Prioritario Patrimonio Cultural (ZUPPC) - ESAL_10,31.3,6,1,1,2,12.8,1.5,0,0,7
AIESP1168,Spain,Uso Prioritario Patrimonio Cultural (ZUPPC) - ESAL_11,31.3,6,1,1,2,12.8,1.5,0,0,7
AIESP1169,Spain,Uso Prioritario Patrimonio Cultural (ZUPPC) - ESAL_12,31.3,6,1,1,2,12.8,1.5,0,0,7
AIESP117,Spain,Espacio marino del poniente de Mallorca,40.0,8,1,4,1,21.0,0.0,0,0,9
AIESP1170,Spain,Uso Prioritario Patrimonio Cultural (ZUPPC) - ESAL_13,31.3,6,1,1,2,12.8,1.5,0,0,7
AIESP1171,Spain,Uso Prioritario Patrimonio Cultural (ZUPPC) - ESAL_14,31.3,6,1,1,2,12.8,1.5,0,0,7
AIESP1172,Spain,Uso Prioritario Patrimonio Cultural (ZUPPC) - ESAL_15,31.3,6,1,1,2,12.8,1.5,0,0,7
AIESP1173,Spain,Uso Prioritario Patrimonio Cultural (ZUPPC) - NOR_01B - Torre de Hércules,31.3,6,1,1,2,12.8,1.5,0,0,7
AIESP1174,Spain,Uso Prioritario Patrimonio Cultural (ZUPPC) - NOR_02B - Peine de los Vientos,31.3,6,1,1,2,12.8,1.5,0,0,7
AIESP1175,Spain,Uso Prioritario Patrimonio Cultural (ZUPPC) - NOR_03B - Castro de Baroña,31.3,6,1,1,2,12.8,1.5,0,0,7
AIESP1176,Spain,Uso Prioritario Patrimonio Cultural (ZUPPC) - NOR_04B - Castros de Neixón,31.3,6,1,1,2,12.8,1.5,0,0,7
AIESP1177,Spain,Uso Prioritario Patrimonio Cultural (ZUPPC) - NOR_05B - Castro de Fazouro,31.3,6,1,1,2,12.8,1.5,0,0,7
AIESP1178,Spain,Uso Prioritario Patrimonio Cultural (ZUPPC) - SUD_01,31.3,6,1,1,2,12.8,1.5,0,0,7
AIESP1179,Spain,Uso Prioritario Patrimonio Cultural (ZUPPC) - SUD_02,31.3,6,1,1,2,12.8,1.5,0,0,7
AIESP118,Spain,Illa Del Toro,46.2,19,2,5,3,13.2,13.0,0,0,10
AIESP1180,Spain,Uso Prioritario Patrimonio Cultural (ZUPPC) - SUD_03,31.3,6,1,1,2,12.8,1.5,0,0,7
AIESP1181,Spain,Uso Prioritario Patrimonio Cultural (ZUPPC) - SUD_04,31.3,6,1,1,2,12.8,1.5,0,0,7
AIESP1182,Spain,Uso Prioritario Patrimonio Cultural (ZUPPC) - SUD_05,31.3,6,1,1,2,12.8,1.5,0,0,7
AIESP1183,Spain,Uso Prioritario Patrimonio Cultural (ZUPPC) - SUD_06,31.3,6,1,1,2,12.8,1.5,0,0,7
AIESP1184,Spain,Uso Prioritario Patrimonio Cultural (ZUPPC) - SUD_07,31.3,6,1,1,2,12.8,1.5,0,0,7
AIESP1185,Spain,Uso Prioritario Patrimonio Cultural (ZUPPC) - SUD_08,31.3,6,1,1,2,12.8,1.5,0,0,7
AIESP1186,Spain,Uso Prioritario Patrimonio Cultural (ZUPPC) - SUD_09,31.3,6,1,1,2,12.8,1.5,0,0,7
AIESP1187,Spain,Uso Prioritario Patrimonio Cultural (ZUPPC) - SUD_10,31.3,6,1,1,2,12.8,1.5,0,0,7
AIESP1188,Spain,Uso Prioritario Patrimonio Cultural (ZUPPC) - SUD_11,31.3,6,1,1,2,12.8,1.5,0,0,7
AIESP1189,Spain,Uso Prioritario Patrimonio Cultural (ZUPPC) - SUD_12,31.3,6,1,1,2,12.8,1.5,0,0,7
AIESP118a,Spain,Illa Del Toro - Zona especial de buceo,48.2,11,3,2,1,16.7,4.5,0,4,8
AIESP119,Spain,Freu de sa Dragonera,48.5,22,1,6,5,11.5,13.0,0,4,10
AIESP1190,Spain,Uso Prioritario Patrimonio Cultural (ZUPPC) - SUD_13,31.3,6,1,1,2,12.8,1.5,0,0,7
AIESP1191,Spain,Uso Prioritario Patrimonio Cultural (ZUPPC) - SUD_14,31.3,6,1,1,2,12.8,1.5,0,0,7
AIESP1193,Spain,Uso Prioritario Navegacion (ZUPSN) - Cabo de Finisterre - NOR_01,6.9,3,0,0,2,2.9,0.0,0,0,4
AIESP1194,Spain,Uso Prioritario Navegacion (ZUPSN) - Cabo de Gata - ESAL_02,6.9,3,0,0,2,2.9,0.0,0,0,4
AIESP1195,Spain,Uso Prioritario Navegacion (ZUPSN) - Cabo de la Nao - LEBA_02,6.9,3,0,0,2,2.9,0.0,0,0,4
AIESP1196,Spain,Uso Prioritario Navegacion (ZUPSN) - Cabo de Palos - LEBA_01,6.9,3,0,0,2,2.9,0.0,0,0,4
AIESP1197,Spain,Uso Prioritario Navegacion (ZUPSN) - Canarias GC-FV - CAN_02,6.9,3,0,0,2,2.9,0.0,0,0,4
AIESP1198,Spain,Uso Prioritario Navegacion (ZUPSN) - Canarias TEN-GC - CAN_01,6.9,3,0,0,2,2.9,0.0,0,0,4
AIESP1199,Spain,Uso Prioritario Navegacion (ZUPSN) - Estrecho de Gibraltar - ESAL_01,6.9,3,0,0,2,2.9,0.0,0,0,4
AIESP119a,Spain,Reserva Marina de Interés Pesquero de la Isla Dragonera,64.8,30,7,8,7,17.3,14.5,5,0,8
AIESP119b,Spain,Reserva Marina de Interés Pesquero de la Isla Dragonera - Zona de reserva integral,40.3,3,1,1,1,23.3,0.0,0,0,7
AIESP119c,Spain,Reserva Marina de Interés Pesquero de la Isla Dragonera - Zonas de usos restringidos,35.2,8,1,2,4,14.2,4.0,0,0,7
AIESP120,Spain,Illes Malgrats,46.4,21,2,6,4,13.4,13.0,0,0,10
AIESP1200,Spain,Uso Prioritario Navegacion (ZUPSN) - Estrecho de Gibraltar - SUD_01,6.9,3,0,0,2,2.9,0.0,0,0,4
AIESP120a,Spain,Illes Malgrats - Zona especial de buceo,46.0,14,3,2,1,13.5,5.5,0,4,8
AIESP121,Spain,Cap de cala Figuera,59.5,5,3,1,1,28.0,7.5,0,0,7
AIESP122,Spain,Es Rajolí,66.8,22,11,6,1,26.2,13.5,0,0,7
AIESP123,Spain,La Trapa,64.6,16,10,2,1,26.1,11.5,0,0,7
AIESP124,Spain,Sa Dragonera,62.8,19,7,5,1,22.3,13.5,0,0,7
AIESP128,Spain,Parque Natural de Sa Dragonera,31.1,29,1,1,1,4.1,8.0,0,0,9
AIESP132,Spain,Serral d'en Salat,64.6,16,10,2,1,26.1,11.5,0,0,7
AIESP133,Spain,Serra de Tramuntana,34.1,27,2,1,3,5.6,11.5,0,0,7
AIESP138,Spain,Port des Canonge,66.8,22,11,6,1,26.2,13.5,0,0,7
AIESP139,Spain,S'Estaca - Punta de Deià,66.8,22,11,6,1,26.2,13.5,0,0,7
AIESP140,Spain,Muleta,40.0,8,1,4,1,21.0,0.0,0,0,9
AIESP142,Spain,De Cala de Ses Ortigues a cala Estellencs,64.6,16,10,2,1,26.1,11.5,0,0,7
AIESP143,Spain,Sa Foradada,40.0,8,1,4,1,21.0,0.0,0,0,9
AIESP145,Spain,Bàlitx,64.6,16,10,2,1,26.1,11.5,0,0,7
AIESP146,Spain,Sa Costera,64.6,16,10,2,1,26.1,11.5,0,0,7
AIESP147,Spain,Torre Picada,64.6,16,10,2,1,26.1,11.5,0,0,7
AIESP148,Spain,Espacio marino del norte de Mallorca,40.0,8,1,4,1,21.0,0.0,0,0,9
AIESP149,Spain,Reserva marina del Levante de Mallorca - Cala Rajada,56.2,67,7,6,4,7.7,14.5,5,0,9
AIESP149_P,Spain,Reserva marina del Levante de Mallorca,18.7,3,0,1,0,11.7,0.0,0,0,7
AIESP150,Spain,Reserva marina del Levante de Mallorca - Cala Rajada - Zona de reserva integral de Cabo Ferrutx,44.7,5,2,1,2,21.7,6.0,0,0,7
AIESP152a,Spain,Levante de Mallorca,42.9,39,2,4,2,7.4,11.5,0,4,10
AIESP153,Spain,Badies de Pollença i Alcúdia,63.5,18,6,5,1,22.0,14.5,0,0,7
AIESP154,Spain,Muntanyes d'Artà,63.3,18,6,5,1,21.8,14.5,0,0,7
AIESP155,Spain,Punta de n'Amer,64.2,33,16,7,0,23.7,13.5,0,0,7
AIESP158,Spain,Península de Llevant,48.5,13,4,1,0,14.0,10.5,0,0,7
AIESP16,Spain,Ses Salines d'Eivissa i Formentera,52.1,8,1,5,0,24.1,11.0,0,0,7
AIESP164,Spain,Albufera de Mallorca,53.9,6,3,1,0,23.9,6.0,0,0,7
AIESP165,Spain,S'Albufera de Mallorca,53.9,6,3,1,0,23.9,6.0,0,0,7
AIESP166,Spain,S Albufera de Mallorca,30.9,21,2,1,1,6.4,7.5,0,0,7
AIESP168,Spain,L'Albufereta,53.9,6,3,1,0,23.9,6.0,0,0,7
AIESP169,Spain,S'Albufereta,27.8,25,1,1,0,4.3,5.5,0,0,8
AIESP17,Spain,Freus D'Eivissa i Formentera,54.9,14,5,2,2,18.4,11.5,0,0,7
AIESP170,Spain,Costa Brava de Mallorca,56.6,13,7,2,1,24.1,7.5,0,0,7
AIESP171,Spain,Cap Vermell,62.5,27,15,3,0,23.0,12.5,0,0,7
AIESP172,Spain,Can Picafort,59.5,5,3,1,1,28.0,7.5,0,0,7
AIESP173,Spain,Cala Figuera,66.8,22,11,6,1,26.2,13.5,0,0,7
AIESP174,Spain,Costa Brava de Tramuntana,64.6,16,10,2,1,26.1,11.5,0,0,7
AIESP175,Spain,La Victòria,59.5,5,3,1,1,28.0,7.5,0,0,7
AIESP176,Spain,Na Borges,63.8,7,5,1,0,28.8,8.0,0,0,7
AIESP178,Spain,Àrea marina Cap de cala Figuera,64.2,11,4,5,1,27.2,13.0,0,0,7
AIESP179,Spain,Illa de l'Aire,43.5,17,2,4,3,13.0,11.5,0,0,9
AIESP179a,Spain,Illa de l'Aire - Zona especial de buceo,45.3,4,1,1,1,18.8,4.5,0,4,8
AIESP179b,Spain,Punta de Sa Creu,48.7,19,2,5,3,13.2,11.5,0,4,10
AIESP179c,Spain,La Costa Noreste de Ibiza-Tagomago,59.7,17,3,6,2,17.7,13.0,0,4,10
AIESP179d,Spain,La Costa Noreste de Ibiza-Tagomago - Zona de reserva integral,46.3,3,1,1,1,23.3,6.0,0,0,7
AIESP18,Spain,Freus D'Eivissa i Formentera - Zona de protección máxima de s’Espardell,41.8,4,1,1,1,18.8,6.0,0,0,7
AIESP180,Spain,Cetacean Migration Corridor of the Mediterranean,41.2,4,2,1,1,22.8,1.5,0,0,7
AIESP182,Spain,Cabo de Gata-Nijar,59.0,23,8,3,1,16.5,13.5,0,0,9
AIESP182a,Spain,"Cabo de Gata-Nijar - Reservas marinas, Zonas A2",30.3,3,0,1,2,12.8,5.5,5,0,7
AIESP182b,Spain,"Cabo de Gata-Nijar - Areas marinas con aprovechamientos primarios y de esparcimiento, Zonas B5",31.3,3,0,1,2,12.8,6.5,5,0,7
AIESP184,Spain,Cabo de Gata-Nijar,54.7,6,3,1,1,24.2,6.5,0,0,7
AIESP186,Spain,Reserva marina del Cabo de Gata-Níjar,41.3,24,2,2,3,6.8,11.5,5,0,8
AIESP187,Spain,Reserva marina del Cabo de Gata-Níjar - Zonas de reserva integral,38.0,3,1,1,1,21.0,0.0,0,0,7
AIESP189,Spain,INTERCONTINENTAL DEL MEDITERRANEO,18.7,3,0,1,0,11.7,0.0,0,0,7
AIESP192,Spain,Espacio marino del Delta de l'Ebre-Illes Columbretes,40.0,8,1,4,1,21.0,0.0,0,0,9
AIESP193,Spain,Prat de Cabanes-Torreblanca,51.8,13,7,1,3,22.3,4.5,0,0,7
AIESP196,Spain,Prat de Cabanes i Torreblanca,54.7,6,3,1,1,24.2,6.5,0,0,7
AIESP197,Spain,Irta,16.1,11,0,1,1,4.6,4.5,0,0,7
AIESP198a,Spain,Reserva Marina de Interés Pesquero de la Sierra de Irta,61.8,2,1,1,0,33.2,11.5,0,0,5
AIESP199,Spain,Serra d'Irta,54.7,6,3,1,1,24.2,6.5,0,0,7
AIESP2,Spain,Canary Islands National Waters,47.8,8,3,1,0,15.8,8.0,0,0,7
AIESP200,Spain,Sierra d'Irta,26.5,27,2,1,1,5.5,4.0,0,0,7
AIESP202,Spain,Espacio marino del entorno de Illes Columbretes,54.7,6,3,1,1,24.2,6.5,0,0,7
AIESP204,Spain,Espacio marino de Illes Columbretes,54.7,6,3,1,1,24.2,6.5,0,0,7
AIESP205,Spain,Reserva marina de las Islas Columbretes,46.4,13,3,2,3,13.9,10.5,0,0,7
AIESP206,Spain,Reserva marina de las Islas Columbretes - Zonas de usos restringidos,45.1,5,1,2,2,19.6,8.5,0,0,7
AIESP207,Spain,Reserva marina de las Islas Columbretes - Zonas de reserva integral,36.6,5,1,2,2,19.6,0.0,0,0,7
AIESP208,Spain,Les Illes Columbretes,48.7,17,8,1,3,18.2,2.5,0,0,10
AIESP209,Spain,Árees emergides de les Illes Columbretes,54.7,6,3,1,1,24.2,6.5,0,0,7
AIESP21,Spain,Espacio marino de Formentera y del sur de Ibiza,40.0,8,1,4,1,21.0,0.0,0,0,9
AIESP210,Spain,Espacio marino de Orpesa i Benicàssim,54.7,6,3,1,1,24.2,6.5,0,0,7
AIESP213,Spain,Delta de l'Ebre,54.7,6,3,1,1,24.2,6.5,0,0,7
AIESP215,Spain,Delta de l'Ebre,46.3,4,2,1,0,25.8,1.5,0,0,9
AIESP217,Spain,Litoral meridional  tarragoní,54.7,6,3,1,1,24.2,6.5,0,0,7
AIESP218,Spain,L`illa de Sant Antoni,44.8,4,2,1,1,26.2,1.5,0,0,7
AIESP22,Spain,Cap de Barbaria,68.2,23,12,6,2,26.7,14.5,0,0,7
AIESP221,Spain,Punta de la Banya,40.3,3,1,1,1,23.3,0.0,0,0,7
AIESP222,Spain,Punta del Fangar,52.0,1,1,0,0,35.0,0.0,0,0,7
AIESP224,Spain,Rojala-Platja del Torn,63.4,37,16,4,2,19.4,10.0,5,0,9
AIESP225,Spain,Serres de Cardo- El Boix,54.7,6,3,1,1,24.2,6.5,0,0,7
AIESP226,Spain,Espacio marino de l'Empordà,40.0,8,1,4,1,21.0,0.0,0,0,9
AIESP227,Spain,Aiguamolls De L'Alt Empordà,54.7,6,3,1,1,24.2,6.5,0,0,7
AIESP228,Spain,Aiguamolls de l`Alt Emporda,47.9,39,9,7,0,14.4,6.5,0,0,9
AIESP229,Spain,Aiguamolls de l`Alt Emporda - Zona costanera,32.1,9,1,1,0,9.1,4.0,0,0,9
AIESP23,Spain,Àrea marina Platja de Migjorn,67.4,21,10,6,2,25.9,14.5,0,0,7
AIESP230,Spain,Aiguamolls de l`Alt Emporda - Zona marina,33.6,9,1,1,0,9.1,7.5,0,0,7
AIESP231,Spain,Aiguamolls de l`Alt Emporda - Zona marina - Subzona 7a,42.9,3,1,1,0,23.9,0.0,0,0,9
AIESP232,Spain,Aiguamolls de l`Alt Emporda - Zona perifèrica marina,30.9,13,1,1,0,6.9,7.0,0,0,7
AIESP234,Spain,Aiguamolls de l`Alt Emporda - Zona de reserva,29.0,18,2,1,0,7.5,2.5,0,0,9
AIESP235,Spain,Cap de Creus - Parque Natural,20.3,11,0,3,0,11.8,1.5,0,0,7
AIESP236,Spain,Cap de Creus - Reserva Natural Integral (marine portion),54.4,19,12,1,2,23.9,5.5,0,0,7
AIESP237,Spain,Cap de Creus - Reserva Natural Parcial,48.1,13,4,2,4,17.6,7.5,0,0,8
AIESP238,Spain,Cap de Creus,46.7,26,5,3,1,12.2,9.5,0,0,7
AIESP24,Spain,Àrea marina Platja de Tramuntana,67.4,21,10,6,2,25.9,14.5,0,0,7
AIESP240,Spain,Cap de Creus,54.7,6,3,1,1,24.2,6.5,0,0,7
AIESP247,Spain,"Sistema de cañones submarinos occidentales del Golfo de León
",54.7,6,3,1,1,24.2,6.5,0,0,7
AIESP248,Spain,Massís de l`Albera,54.7,6,3,1,1,24.2,6.5,0,0,7
AIESP25,Spain,La Mola,68.2,23,12,6,2,26.7,14.5,0,0,7
AIESP251,Spain,"Del Montgri, les Illes Medes i el Baix Ter",41.8,7,2,1,1,14.7,8.0,0,0,7
AIESP253,Spain,"Del Montgri, les Illes Medes i el Baix Ter - Reserva Natural Parcial Marina de les Medes",47.5,7,2,3,2,24.5,6.0,0,0,7
AIESP255,Spain,"Del Montgri, les Illes Medes i el Baix Ter - Zona Perifèrica de Protección",38.2,6,2,1,1,18.7,2.5,0,0,7
AIESP256,Spain,El Montgrí- Les Medes - El Baix Ter,54.7,6,3,1,1,24.2,6.5,0,0,7
AIESP26,Spain,Àrea marina de cala Saona,67.4,21,10,6,2,25.9,14.5,0,0,7
AIESP261,Spain,Castell-Cap Roig,39.7,8,2,2,1,17.7,3.0,0,0,9
AIESP265,Spain,Litoral del Baix Empordà,54.7,6,3,1,1,24.2,6.5,0,0,7
AIESP266,Spain,Riberes del Baix Ter,54.7,6,3,1,1,24.2,6.5,0,0,7
AIESP267,Spain,Ses Negres,34.0,7,1,1,1,11.0,6.0,0,0,7
AIESP268,Spain,Massís De Les Cadiretes,54.7,6,3,1,1,24.2,6.5,0,0,7
AIESP27,Spain,Salinas de Ibiza y Formentera,21.6,2,0,1,0,16.6,0.0,0,0,5
AIESP272,Spain,Riu i estanys de Tordera,54.7,6,3,1,1,24.2,6.5,0,0,7
AIESP273,Spain,Costes del Maresme,54.7,6,3,1,1,24.2,6.5,0,0,7
AIESP274,Spain,Espacio marino del Baix Llobregat-Garraf,40.0,8,1,4,1,21.0,0.0,0,0,9
AIESP275,Spain,Costes del Garraf,54.7,6,3,1,1,24.2,6.5,0,0,7
AIESP276,Spain,Delta del Llobregat,54.7,6,3,1,1,24.2,6.5,0,0,7
AIESP282,Spain,Serres del Litoral central,54.7,6,3,1,1,24.2,6.5,0,0,7
AIESP283,Spain,Reserva marina de Masía Blanca,46.7,18,4,4,9,16.2,5.5,0,0,10
AIESP284,Spain,Reserva marina de Masía Blanca - Zona de Amortiguación,54.9,29,5,4,10,11.9,13.0,0,0,10
AIESP285,Spain,Grapissar de Masia Blanca,54.7,6,3,1,1,24.2,6.5,0,0,7
AIESP286,Spain,Espacio marino de la Isla de Alborán,40.0,8,1,4,1,21.0,0.0,0,0,9
AIESP287,Spain,Reserva de Pesca de la Isla de Alborán - Zona de especial interés pesquero,42.2,24,1,7,3,12.2,10.0,0,0,10
AIESP288,Spain,Reserva marina de la Isla de Alborán,51.5,7,3,1,1,21.5,8.0,0,0,7
AIESP289,Spain,Reserva marina de la Isla de Alborán - Zonas de reserva integral,45.4,3,1,1,0,23.9,4.5,0,0,7
AIESP29,Spain,Espacio marino del levante de Ibiza,40.0,8,1,4,1,21.0,0.0,0,0,9
AIESP291,Spain,Alboran,61.9,10,5,2,2,22.9,6.0,5,0,10
AIESP292,Spain,Alboran,54.7,6,3,1,1,24.2,6.5,0,0,7
AIESP294,Spain,Espacio marino de Alborán,54.7,6,3,1,1,24.2,6.5,0,0,7
AIESP295,Spain,Bahía de Málaga-Cerro Gordo,40.0,8,1,4,1,21.0,0.0,0,0,9
AIESP296,Spain,Acantilados De Maro Cerro Gordo,36.2,16,1,1,0,5.7,11.5,0,0,9
AIESP297,Spain,Acantilados y Fondos Marinos de la Punta de la Mona,54.7,6,3,1,1,24.2,6.5,0,0,7
AIESP298,Spain,Peñones de San Cristobal,17.5,6,0,1,3,7.0,1.5,0,0,9
AIESP299,Spain,Acantilados y Fondos Marinos Tesorillo-Salobreña,54.7,6,3,1,1,24.2,6.5,0,0,7
AIESP3,Spain,Spain Internal Waters and Territorial Seas,54.1,9,4,1,1,18.1,12.0,0,0,7
AIESP30,Spain,Tagomago,63.0,23,5,9,0,20.5,13.5,0,0,9
AIESP300,Spain,Acantilados y Fondos Marinos de Calahonda-Castell de Ferro,54.7,6,3,1,1,24.2,6.5,0,0,7
AIESP301,Spain,Sur de Almería - Seco de los Olivos,54.7,6,3,1,1,24.2,6.5,0,0,7
AIESP302,Spain,Bahía de Almería,40.0,8,1,4,1,21.0,0.0,0,0,9
AIESP303,Spain,Fondos Marinos de Punta Entinas-Sabinar,58.5,31,8,7,6,17.5,11.0,0,0,10
AIESP304,Spain,Punta Entinas-Sabinar,35.0,6,1,1,1,12.5,5.5,0,0,7
AIESP307,Spain,Punta Entinas-Sabinar,11.2,12,0,1,0,4.2,0.0,0,0,7
AIESP308,Spain,Arrecife Barrera de Posidonia,42.8,7,1,2,1,15.2,8.5,0,0,9
AIESP309,Spain,Arrecifes de Roquetas de Mar,53.9,32,6,7,6,14.9,11.0,0,0,10
AIESP31,Spain,Àrea marina de Tagomago,60.4,13,3,6,0,22.9,13.5,0,0,7
AIESP310,Spain,"Ramblas de Gergal, Tabernas y Sur de Sierra Alhamilla",54.7,6,3,1,1,24.2,6.5,0,0,7
AIESP311,Spain,Sierra de Cabrera-Bedar,54.7,6,3,1,1,24.2,6.5,0,0,7
AIESP312,Spain,Fondos Marinos Levante Almeriense,53.9,32,6,7,6,14.9,11.0,0,0,10
AIESP314,Spain,Isla de Terreros e Isla Negra,37.5,7,1,2,2,15.5,3.0,0,0,9
AIESP315,Spain,Rio Antas,54.7,6,3,1,1,24.2,6.5,0,0,7
AIESP316,Spain,"Sierras Almagrera, de Los Pinos y El Aguilon",54.7,6,3,1,1,24.2,6.5,0,0,7
AIESP318a,Spain,Sierra de las Moreras,54.7,6,3,1,1,24.2,6.5,0,0,7
AIESP319,Spain,Espacio marino de los Islotes Litorales de Murcia y Almería,40.0,8,1,4,1,21.0,0.0,0,0,9
AIESP32,Spain,"Illots de Santa Eulària, Rodona i es Canà",63.0,23,5,9,0,20.5,13.5,0,0,9
AIESP320,Spain,Valles submarinos del Escarpe de Mazarrón,53.9,32,6,7,6,14.9,11.0,0,0,10
AIESP322,Spain,Cuatro Calas,54.7,6,3,1,1,24.2,6.5,0,0,7
AIESP323,Spain,Islas e Islotes del Litoral Mediterráneo,40.0,8,1,4,1,21.0,0.0,0,0,9
AIESP324,Spain,Islas Hormigas,40.0,8,1,4,1,21.0,0.0,0,0,9
AIESP325,Spain,Espacios Abiertos e Islas del Mar Menor,59.5,5,3,1,1,28.0,7.5,0,0,7
AIESP326,Spain,"Calblanque, Monte de las Cenizas y Peña del Aguila",43.2,10,4,1,1,18.2,3.0,0,0,7
AIESP33,Spain,Área marina del cap Martinet,54.6,33,6,7,7,14.6,12.0,0,0,10
AIESP330,Spain,Reserva Marina de Interés Pesquero del Cabo Tiñoso,51.8,7,3,2,1,23.8,6.0,0,0,7
AIESP330a,Spain,Reserva marina de Cabo Tiñoso,44.9,6,2,2,1,21.9,4.0,0,0,9
AIESP331,Spain,Cabo Tiñoso - Celula A: Isla de las Palomas,40.1,12,2,1,2,10.6,10.5,0,0,9
AIESP331a,Spain,Cabo Tiñoso - Celula B: Área de Reserva Integral,50.8,8,4,1,1,22.8,6.0,0,0,7
AIESP331b,Spain,Cabo Tiñoso - Celula C: Aguas Interiores,40.8,17,2,4,2,13.3,8.5,0,0,9
AIESP331c,Spain,Cabo Tiñoso - Celula D: Aguas Interiores,35.2,7,1,1,0,12.2,4.0,0,0,9
AIESP333,Spain,Franja Litoral Sumergida de la Región de Murcia,59.5,5,3,1,1,28.0,7.5,0,0,7
AIESP334,Spain,Cabezo de Roldán,54.7,6,3,1,1,24.2,6.5,0,0,7
AIESP335,Spain,Isla Cueva de Lobos,40.0,8,1,4,1,21.0,0.0,0,0,9
AIESP336,Spain,Isla de las Palomas,40.0,8,1,4,1,21.0,0.0,0,0,9
AIESP337,Spain,Calnegre,54.7,6,3,1,1,24.2,6.5,0,0,7
AIESP339,Spain,La Muela y Cabo Tiñoso,54.7,6,3,1,1,24.2,6.5,0,0,7
AIESP34,Spain,Nord de Sant Joan,64.2,11,4,5,1,27.2,13.0,0,0,7
AIESP340,Spain,Sierra de la Fausilla,54.7,6,3,1,1,24.2,6.5,0,0,7
AIESP341,Spain,Sierra de la Fausilla,17.1,5,0,1,1,8.1,0.0,0,0,9
AIESP342,Spain,Cabo Cope,55.2,7,4,1,1,24.8,6.5,0,0,7
AIESP343,Spain,Espacio marino de Tabarca-Cabo de Palos,40.0,8,1,4,1,21.0,0.0,0,0,9
AIESP344,Spain,Reserva marina de Cabo de Palos-Islas Hormigas,51.2,26,4,3,4,10.7,11.5,5,0,7
AIESP344a,Spain,Reserva marina de Cabo de Palos-Islas Hormigas - Zona de reserva integral,32.2,2,1,0,1,15.8,1.5,0,0,5
AIESP345,Spain,Espacio Marino de Cabo Roig,54.7,6,3,1,1,24.2,6.5,0,0,7
AIESP346,Spain,Salinas y Arenales de San Pedro del Pinatar,23.7,34,1,1,2,3.7,3.0,0,0,7
AIESP35,Spain,Espacio marino del poniente y norte de Ibiza,40.0,8,1,4,1,21.0,0.0,0,0,9
AIESP350,Spain,Mar Menor y Costa Oriental De La Region De Murcia,48.9,12,3,3,1,17.9,7.0,0,0,9
AIESP351,Spain,Mar Menor,59.5,5,3,1,1,28.0,7.5,0,0,7
AIESP353,Spain,Mar Menor,40.0,8,1,4,1,21.0,0.0,0,0,9
AIESP354,Spain,Isla Grosa,40.2,12,2,3,1,15.8,5.5,0,0,9
AIESP356,Spain,Litoral de Cabo Roig,54.7,6,3,1,1,24.2,6.5,0,0,7
AIESP357,Spain,Espacio marino de Tabarca,54.7,6,3,1,1,24.2,6.5,0,0,7
AIESP358,Spain,Reserva marina de la Isla de Tabarca,49.2,19,4,2,4,11.7,13.5,0,0,7
AIESP359,Spain,Isla de Tabarca - Zona de reserva integral,26.0,8,1,1,1,9.0,0.0,0,0,7
AIESP360,Spain,Isla de Tabarca - Zona de usos restringidos,15.1,10,0,1,0,5.1,3.0,0,0,7
AIESP361,Spain,Isla de Tabarca - Zonas de usos regulados,35.1,11,1,1,0,9.1,9.0,0,0,7
AIESP362,Spain,Illa de Tabarca,54.7,6,3,1,1,24.2,6.5,0,0,7
AIESP364,Spain,Clot de Galvany,50.6,9,5,1,3,22.6,3.0,0,0,7
AIESP365,Spain,Clot de Galvany,54.7,6,3,1,1,24.2,6.5,0,0,7
AIESP369,Spain,Salinas de Santa Pola,54.7,6,3,1,1,24.2,6.5,0,0,7
AIESP37,Spain,Illots de Ponent,29.8,9,1,1,0,8.8,4.0,0,0,7
AIESP370,Spain,Salines de Santa Pola,37.0,17,4,1,0,10.5,4.5,0,0,7
AIESP376,Spain,Dunes de Guardamar,54.7,6,3,1,1,24.2,6.5,0,0,7
AIESP378,Spain,Espacio marino del Cabo de les Hortes,54.7,6,3,1,1,24.2,6.5,0,0,7
AIESP379,Spain,Serra Gelada,46.8,16,7,1,3,17.8,3.0,0,0,8
AIESP38,Spain,Es Vedra i es Vedranell,29.8,9,1,1,0,8.8,4.0,0,0,7
AIESP383,Spain,Serra Gelada i Litoral de la Marina Baixa,54.7,6,3,1,1,24.2,6.5,0,0,7
AIESP384,Spain,Illots de Benidorm i Serra Gelada,40.0,8,1,4,1,21.0,0.0,0,0,9
AIESP385,Spain,Serres del Ferrer i Bèrnia,54.7,6,3,1,1,24.2,6.5,0,0,7
AIESP388,Spain,ZEPA Espacio marino de Ifac,40.0,8,1,4,1,21.0,0.0,0,0,9
AIESP389,Spain,Espacio marino de Ifac,54.7,6,3,1,1,24.2,6.5,0,0,7
AIESP390,Spain,Penyal d'Ifac,54.7,6,3,1,1,24.2,6.5,0,0,7
AIESP391,Spain,Penyal d'Ifac (ZEPA),40.0,8,1,4,1,21.0,0.0,0,0,9
AIESP392,Spain,Penyal d'Ifac,42.6,11,3,2,3,16.1,4.5,0,0,7
AIESP393,Spain,Espacio marino de la Marina Alta,54.7,6,3,1,1,24.2,6.5,0,0,7
AIESP394,Spain,Penya-segats de la Marina,54.7,6,3,1,1,24.2,6.5,0,0,7
AIESP395,Spain,Reserva Natural dels Fons Marins del Cap de Sant Antoni,33.8,7,1,2,1,14.2,1.5,0,0,8
AIESP397a,Spain,Reserva Marina de Interés Pesquero del Cabo de San Antonio,39.7,6,2,0,3,13.7,9.0,0,0,7
AIESP398,Spain,Montgó,54.7,6,3,1,1,24.2,6.5,0,0,7
AIESP399,Spain,Montgó-Cap de Sant Antoni,40.0,8,1,4,1,21.0,0.0,0,0,9
AIESP39a,Spain,Reserva Marina des Vedrà-Vedranell ,49.4,20,2,5,3,12.4,13.0,0,4,10
AIESP39b,Spain,Reserva Marina des Vedrà-Vedranell - Zona de protección especial,43.4,3,1,1,0,23.9,2.5,0,0,7
AIESP39c,Spain,Reserva Marina de ses Bledes,49.0,21,2,5,4,12.0,13.0,0,4,10
AIESP39d,Spain,Reserva Marina de ses Bledes - Zona de protección especial,44.9,3,1,1,0,23.9,4.0,0,0,7
AIESP4,Spain,Canary Islands Internal Waters and Territorial Seas,46.9,14,3,2,2,12.4,10.5,0,0,7
AIESP40,Spain,Es Vedrà - Es Vedranell,57.8,30,7,6,3,15.3,14.5,0,0,8
AIESP400,Spain,El Montgo,54.5,25,10,3,3,18.0,9.5,0,0,9
AIESP401,Spain,L'Almadrava,54.7,6,3,1,1,24.2,6.5,0,0,7
AIESP403,Spain,Dunes de la Safor,54.7,6,3,1,1,24.2,6.5,0,0,7
AIESP404,Spain,Marjal de la Safor,54.7,6,3,1,1,24.2,6.5,0,0,7
AIESP409,Spain,L`Albufera,46.9,17,8,1,0,18.9,3.0,0,0,7
AIESP41,Spain,Illots de Ponent d'Eivissa,57.8,30,7,6,3,15.3,14.5,0,0,8
AIESP413,Spain,l'Albufera (ZEPA),40.0,8,1,4,1,21.0,0.0,0,0,9
AIESP414,Spain,L'Albufera,54.7,6,3,1,1,24.2,6.5,0,0,7
AIESP417,Spain,Marjal dels Moros,54.7,6,3,1,1,24.2,6.5,0,0,7
AIESP419,Spain,Alguers de Borriana-Nules-Moncofa,54.7,6,3,1,1,24.2,6.5,0,0,7
AIESP42,Spain,Costa de l'Oest d'Eivissa,57.3,31,7,6,3,14.8,14.5,0,0,8
AIESP421,Spain,Marjal de Nules,54.7,6,3,1,1,24.2,6.5,0,0,7
AIESP423,Spain,Marjal d'Almenara,54.7,6,3,1,1,24.2,6.5,0,0,7
AIESP426,Spain,Desembocadura del Millars,54.7,6,3,1,1,24.2,6.5,0,0,7
AIESP427,Spain,Plataforma-talud marinos del Cabo de la Nao,40.0,8,1,4,1,21.0,0.0,0,0,9
AIESP428,Spain,Arroyo de la Cala,54.7,6,3,1,1,24.2,6.5,0,0,7
AIESP429,Spain,Calahonda,54.7,6,3,1,1,24.2,6.5,0,0,7
AIESP42a,Spain,Porroig,55.0,24,6,2,3,12.5,14.5,0,0,8
AIESP43,Spain,Àrea marina de ses Margalides,64.2,11,4,5,1,27.2,13.0,0,0,7
AIESP430,Spain,Desembocadura del Guadalhorce,38.0,5,1,2,2,21.0,0.0,0,0,7
AIESP431,Spain,Tamarit-Punta de la Móra-Costes del Tarragones,53.2,9,5,1,0,22.7,3.5,0,0,9
AIESP434,Spain,Costes del Tarragonès,54.7,6,3,1,1,24.2,6.5,0,0,7
AIESP435,Spain,Platja de Torredembarra i Creixell,52.2,13,6,3,0,23.2,4.0,0,0,7
AIESP438,Spain,Desembocadura y frente litoral del Xuquer,40.3,3,1,1,1,23.3,0.0,0,0,7
AIESP439,Spain,Estrecho,47.4,20,4,5,2,16.9,6.5,0,0,9
AIESP439a,Spain,Estrecho - espacios naturales y culturales costeros de extraordinario interés,16.6,4,0,1,1,9.6,0.0,0,0,7
AIESP439b,Spain,Estrecho - espacios marinos de extraordinario interés,25.2,3,0,1,1,12.2,6.0,0,0,7
AIESP44,Spain,Els Amunts d'Eivissa,64.2,11,4,5,1,27.2,13.0,0,0,7
AIESP440,Spain,Estrecho,54.7,6,3,1,1,24.2,6.5,0,0,7
AIESP441,Spain,Duna de Bolonia,24.5,5,0,2,1,14.0,1.5,0,0,9
AIESP444,Spain,Fondos Marinos Estuario del Rio Guadiaro,54.7,6,3,1,1,24.2,6.5,0,0,7
AIESP445,Spain,Estuario del Rio Guadiaro,26.7,16,1,1,0,5.7,4.0,0,0,7
AIESP446,Spain,Estuario del Rio Guadiaro,54.7,6,3,1,1,24.2,6.5,0,0,7
AIESP447,Spain,Rios Guadiaro y Hozgarganta,54.7,6,3,1,1,24.2,6.5,0,0,7
AIESP448,Spain,Fondos Marinos Marismas del Rio Palmones,54.7,6,3,1,1,24.2,6.5,0,0,7
AIESP449,Spain,Marismas del Rio Palmones,26.2,18,1,1,0,5.3,4.0,0,0,7
AIESP45,Spain,Costa dels Amunts,59.5,5,3,1,1,28.0,7.5,0,0,7
AIESP450,Spain,Marismas del Rio Palmones,54.7,6,3,1,1,24.2,6.5,0,0,7
AIESP451,Spain,Islote de San Andres,54.7,6,3,1,1,24.2,6.5,0,0,7
AIESP452,Spain,Isla de San Andres,27.0,6,0,2,1,12.0,6.0,0,0,9
AIESP454,Spain,Los Alcornocales,54.7,6,3,1,1,24.2,6.5,0,0,7
AIESP456,Spain,Sèquia Major,54.7,6,3,1,1,24.2,6.5,0,0,7
AIESP457,Spain,Rambla de Arejos,54.7,6,3,1,1,24.2,6.5,0,0,7
AIESP458,Spain,Riberes i illes de l`Ebre,54.7,6,3,1,1,24.2,6.5,0,0,7
AIESP459,Spain,Rio Guadaiza,54.7,6,3,1,1,24.2,6.5,0,0,7
AIESP46,Spain,Xarraca,59.5,5,3,1,1,28.0,7.5,0,0,7
AIESP460,Spain,Rio Guadalmansa,54.7,6,3,1,1,24.2,6.5,0,0,7
AIESP461,Spain,Rio Manilva,54.7,6,3,1,1,24.2,6.5,0,0,7
AIESP462,Spain,Rio Real,54.7,6,3,1,1,24.2,6.5,0,0,7
AIESP463,Spain,Rio Verde,54.7,6,3,1,1,24.2,6.5,0,0,7
AIESP464,Spain,Cap de Cullera,54.7,6,3,1,1,24.2,6.5,0,0,7
AIESP465,Spain,El Saladillo - Punta de Baños,53.9,32,6,7,6,14.9,11.0,0,0,10
AIESP466,Spain,Estrecho Oriental,59.4,14,5,1,1,15.9,14.5,0,0,9
AIESP467,Spain,Fondos Marinos de la Bahía de Estepona,53.9,32,6,7,6,14.9,11.0,0,0,10
AIESP47,Spain,Cap Llentrisca - Sa Talaia,55.0,24,6,2,3,12.5,14.5,0,0,8
AIESP471,Spain,Zona marítimo-terrestre del Monte Hacho,54.7,6,3,1,1,24.2,6.5,0,0,7
AIESP472,Spain,Acantilados del Monte Hacho,40.0,8,1,4,1,21.0,0.0,0,0,9
AIESP474,Spain,Islas Chafarinas,56.7,30,13,1,0,16.2,8.5,5,0,9
AIESP476,Spain,Zona marítimo terrestre de los acantilados de Aguadú,59.5,5,3,1,1,28.0,7.5,0,0,7
AIESP485,Spain,Volcanes de fango del Golfo de Cádiz,16.8,8,0,2,3,9.8,0.0,0,0,7
AIESP486,Spain,Golfo de Cádiz,40.0,8,1,4,1,21.0,0.0,0,0,9
AIESP487,Spain,Isla de San Bruno,41.2,9,2,2,1,16.7,7.5,0,0,7
AIESP494,Spain,Espacio marino del Tinto y del Odiel,40.0,8,1,4,1,21.0,0.0,0,0,9
AIESP495,Spain,Enebrales de Punta Umbría,38.0,5,1,2,2,21.0,0.0,0,0,7
AIESP497,Spain,Marismas del Odiel,53.2,17,5,2,5,13.7,11.5,0,0,8
AIESP498,Spain,Marismas del Odiel,8.4,5,0,0,2,2.5,0.0,0,0,6
AIESP499,Spain,Isla de Enmedio,30.6,3,1,0,1,11.1,2.5,0,0,7
AIESP5,Spain,Spain Mediterranean Waters,66.3,9,6,1,1,27.8,11.5,0,0,7
AIESP501,Spain,Estuario del Rio Tinto,33.1,3,1,0,1,14.6,1.5,0,0,7
AIESP504,Spain,Marisma del Burro,30.6,3,1,0,1,11.1,2.5,0,0,7
AIESP505,Spain,Marismas y Riberas del Tinto,33.1,3,1,0,1,14.6,1.5,0,0,7
AIESP508,Spain,Doñana,35.4,38,4,1,4,6.4,7.0,0,0,7
AIESP509,Spain,Doñana,36.8,51,4,1,6,5.3,9.5,0,0,7
AIESP510,Spain,Doñana,8.4,5,0,0,2,2.5,0.0,0,0,6
AIESP513,Spain,Corrales de Rota,21.0,7,0,1,2,6.5,5.5,0,0,9
AIESP514,Spain,Corrales de Rota,8.4,5,0,0,2,2.5,0.0,0,0,6
AIESP515,Spain,Espacio marino de la Bahía de Cádiz,36.5,8,1,3,2,17.5,0.0,0,0,9
AIESP516,Spain,Fondos Marinos de Bahía de Cádiz,8.4,5,0,0,2,2.5,0.0,0,0,6
AIESP517,Spain,Isla del Trocadero,9.7,12,0,0,1,2.2,1.5,0,0,6
AIESP518,Spain,Marismas de Sancti Petri,9.7,12,0,0,1,2.2,1.5,0,0,6
AIESP519,Spain,Punta del Boquerón,24.5,5,0,2,1,14.0,1.5,0,0,9
AIESP520,Spain,Bahia de Cadiz,25.1,25,1,0,4,3.1,3.0,0,0,9
AIESP520a,Spain,"Bahia de Cadiz - Zonas de Reserva salinas abandonadas de las Islas del Trocadero el Vicario y Pinar
del Coto de la Isleta, Zonas A2",9.7,13,0,0,1,2.2,1.5,0,0,6
AIESP520b,Spain,"Bahia de Cadiz - Zonas Húmedas de Elevado Interés Ecológico (marisma natural, salinera y lagunas
salobres), Zonas B1",9.7,12,0,0,1,2.2,1.5,0,0,6
AIESP520c,Spain,"Bahia de Cadiz - Zonas Costeras de Singular Valor Paisajístico y Naturalístico, Zonas B2",9.8,12,0,0,2,2.3,1.5,0,0,6
AIESP520d,Spain,"Bahia de Cadiz - Zonas Húmedas de Conservación Activa (cultivos marinos en salinas poco
transformadas y salinas abandonadas), Zonas B3",11.3,9,0,0,1,2.3,3.0,0,0,6
AIESP520e,Spain,"Bahia de Cadiz - Cursos de Agua y Planicies Mareales, Zonas B4",6.8,5,0,0,1,2.8,0.0,0,0,4
AIESP520f,Spain,"Bahia de Cadiz - Zonas de regulación común, Zonas C",10.5,19,0,0,1,2.0,2.5,0,0,6
AIESP521,Spain,Bahia de Cadiz,8.4,5,0,0,2,2.5,0.0,0,0,6
AIESP523,Spain,La Breña y Marismas del Barbate,8.4,5,0,0,2,2.5,0.0,0,0,6
AIESP524,Spain,La Breña y Marismas del Barbate,62.6,8,5,0,2,22.1,8.5,5,0,9
AIESP524a,Spain,La Breña y Marismas del Barbate - Zonas de Reserva,9.9,3,0,0,2,2.9,3.0,0,0,4
AIESP524b,Spain,La Breña y Marismas del Barbate - Zonas de regulación especial: Área marina,9.3,3,0,0,1,2.3,3.0,0,0,4
AIESP524c,Spain,La Breña y Marismas del Barbate - Zonas de regulación especial: Marismas,10.3,3,0,0,1,2.3,4.0,0,0,4
AIESP524d,Spain,La Breña y Marismas del Barbate - Zonas de regulación común,6.3,3,0,0,1,2.3,0.0,0,0,4
AIESP526,Spain,Punta de Trafalgar,8.4,5,0,0,2,2.5,0.0,0,0,6
AIESP53,Spain,Zonas Protegidas de Pesca de Canal de Mallorca,46.3,3,1,1,1,23.3,4.0,0,0,7
AIESP530,Spain,MARIÑAS CORUÑESAS E TERRAS DO MANDEO,4.6,2,0,0,1,2.6,0.0,0,0,2
AIESP531,Spain,Betanzos-Mandeo,44.9,23,7,2,4,15.4,3.5,0,0,8
AIESP532,Spain,Costa de Dexo,37.9,5,2,0,2,14.4,4.5,0,0,9
AIESP533,Spain,Costa de Dexo,44.9,23,7,2,4,15.4,3.5,0,0,8
AIESP534,Spain,"RIO EO, OSCOS Y TERRAS DE BURON",35.5,8,1,2,1,14.0,4.5,0,0,7
AIESP535,Spain,Río Eo,44.9,23,7,2,4,15.4,3.5,0,0,8
AIESP536,Spain,Ria de Ribadeo,25.1,15,1,0,5,4.1,3.0,0,0,8
AIESP537,Spain,Ribadeo,44.9,23,7,2,4,15.4,3.5,0,0,8
AIESP538,Spain,As Catedrais,44.9,23,7,2,4,15.4,3.5,0,0,8
AIESP539,Spain,A praia das Catedrais,46.6,6,3,0,1,18.1,4.5,0,0,9
AIESP54,Spain,Zona Protegida de Pesca de Canal de Menorca,46.3,3,1,1,1,23.3,4.0,0,0,7
AIESP540,Spain,Ría del Eo,31.0,3,1,0,2,14.0,0.0,0,0,7
AIESP542,Spain,Penarronda-Barayo,31.0,3,1,0,2,14.0,0.0,0,0,7
AIESP543,Spain,Barayo,25.2,7,1,0,1,6.7,1.5,0,0,7
AIESP544,Spain,Playa de Frexulfe,30.1,21,1,0,3,3.6,2.5,5,0,9
AIESP545,Spain,URDAIBAI,56.5,26,13,0,1,19.0,10.5,0,0,9
AIESP546,Spain,Espacio marino de la Ría de Mundaka-Cabo de Ogoño,36.5,8,1,3,2,17.5,0.0,0,0,9
AIESP547,Spain,Gaztelugatxe,50.4,13,6,0,4,17.9,7.5,0,0,7
AIESP548,Spain,Gaztelugatxeko Doniene / San Juan de Gaztelugatxe,54.5,14,8,1,1,22.0,7.5,0,0,7
AIESP549,Spain,Urdaibaiko itsasadarra / Ría de Urdaibai,63.7,13,11,1,1,31.2,5.5,0,0,9
AIESP550,Spain,Urdaibaiko itsasertzak eta padurak / Zonas litorales y marismas de Urdaibai,61.2,13,10,1,1,28.7,5.5,0,0,9
AIESP551,Spain,Urdaibaiko artadi kantauriarrak / Encinares cantábricos de Urdaibai,63.4,12,10,1,1,30.9,5.5,0,0,9
AIESP553,Spain,Tramo Litoral Deba-Zumaia,44.2,18,8,0,4,15.7,3.5,0,0,7
AIESP554,Spain,Urolako itsasadarra / Ría del Urola,41.1,12,5,0,3,14.6,1.5,0,0,7
AIESP555,Spain,Inurritza,24.7,13,1,1,1,6.7,0.0,0,0,8
AIESP556,Spain,Iñurritza,41.1,12,5,0,3,14.6,1.5,0,0,7
AIESP558,Spain,Txingudi,42.7,13,6,0,3,16.2,1.5,0,0,7
AIESP559,Spain,Txingudi-Bidasoa,42.7,13,6,0,3,16.2,1.5,0,0,7
AIESP56,Spain,Canal de Menorca,59.5,5,3,1,1,28.0,7.5,0,0,7
AIESP561,Spain,Costa central y Ría de Ajo,25.0,12,1,0,4,4.5,1.5,0,0,9
AIESP562,Spain,"Marismas de Santoña, Victoria y Joyel y Ría de Ajo",28.9,14,1,0,2,4.4,7.5,0,0,7
AIESP563,Spain,"Marismas de Santoña, Victoria y Joyel",28.1,13,1,0,2,4.6,6.5,0,0,7
AIESP565,Spain,"Marismas de Santoña, Victoria y Joyel",29.9,13,1,0,3,4.4,1.5,5,0,9
AIESP566,Spain,Espacio marino de los Islotes de Portios-Isla Conejera-Isla de Mouro,36.5,8,1,3,2,17.5,0.0,0,0,9
AIESP567,Spain, Dunas del Puntal y Estuario del Miera,25.0,12,1,0,4,4.5,1.5,0,0,9
AIESP568,Spain,Dunas de Liencres y Estuario del Pas,25.0,12,1,0,4,4.5,1.5,0,0,9
AIESP569,Spain,Dunas de Liencres y Costa Quebrada,34.2,18,1,0,1,3.7,6.5,5,0,9
AIESP571,Spain,El Cachucho,36.1,20,1,0,1,3.1,5.0,5,4,7
AIESP572,Spain,Sistema de cañones submarinos de Avilés,8.4,5,0,0,2,2.5,0.0,0,0,6
AIESP573,Spain,Espacio marino de Cabo Peñas,36.5,8,1,3,2,17.5,0.0,0,0,9
AIESP574,Spain,El Cabo Peñas,23.8,7,1,0,1,6.7,0.0,0,0,7
AIESP575,Spain,Cabo Busto-Luanco,31.0,3,1,0,2,14.0,0.0,0,0,7
AIESP576,Spain,Cabo Busto-Luanco,31.0,3,1,0,2,14.0,0.0,0,0,7
AIESP577,Spain,Charca de Zeluan y Ensenada de Llodero,35.0,17,1,1,2,5.5,5.5,5,0,9
AIESP578,Spain,Isla La Deva y el Playon de Bayas,33.6,13,1,1,2,6.6,3.0,5,0,9
AIESP579,Spain,Playa De El Espartal,33.6,13,1,1,2,6.6,3.0,5,0,9
AIESP58,Spain,Espacio marino del norte y oeste de Menorca,40.0,8,1,4,1,21.0,0.0,0,0,9
AIESP580,Spain,Espacio marino de Punta de Candelaria-Ría de Ortigueira-Estaca de Bares,36.5,8,1,3,2,17.5,0.0,0,0,9
AIESP581,Spain,Costa da Mariña Occidental,44.9,23,7,2,4,15.4,3.5,0,0,8
AIESP582,Spain,Costa da Mariña Occidental,44.9,23,7,2,4,15.4,3.5,0,0,8
AIESP583,Spain,Estaca de Bares,44.9,23,7,2,4,15.4,3.5,0,0,8
AIESP584,Spain,Ortigueira-Mera,44.9,23,7,2,4,15.4,3.5,0,0,8
AIESP585,Spain,Ria de Ortigueira e Ladrido,25.1,15,1,0,5,4.1,3.0,0,0,8
AIESP587,Spain,Ría de Ortigueira e Ladrido,44.9,23,7,2,4,15.4,3.5,0,0,8
AIESP588,Spain,Espacio marino de la Costa de Ferrolterra-Valdoviño,36.5,8,1,3,2,17.5,0.0,0,0,9
AIESP589,Spain,Costa de Ferrolterra-Valdoviño,44.9,23,7,2,4,15.4,3.5,0,0,8
AIESP59,Spain,Espacio marino del sureste de Menorca,40.0,8,1,4,1,21.0,0.0,0,0,9
AIESP591,Spain,Costa Artabra,44.9,23,7,2,4,15.4,3.5,0,0,8
AIESP592,Spain,Lagoa e Areal de Valdoviño,25.1,15,1,0,5,4.1,3.0,0,0,8
AIESP593,Spain,Espacio marino de la Costa da Morte,36.5,8,1,3,2,17.5,0.0,0,0,9
AIESP594,Spain,Costa da Morte,44.9,23,7,2,4,15.4,3.5,0,0,8
AIESP595,Spain,Costa da Morte Norte,44.9,23,7,2,4,15.4,3.5,0,0,8
AIESP596,Spain,Cabo Vilan,6.9,3,0,0,2,2.9,0.0,0,0,4
AIESP597,Spain,Carnota-Monte Pindo,44.9,23,7,2,4,15.4,3.5,0,0,8
AIESP598,Spain,Monte e lagoa de Louro,44.9,23,7,2,4,15.4,3.5,0,0,8
AIESP599,Spain,Esteiro do Tambre,44.9,23,7,2,4,15.4,3.5,0,0,8
AIESP60,Spain,S'Albufera Des Grau,30.9,17,2,1,2,7.4,4.5,0,0,9
AIESP600,Spain,Espacio marino de las Rías Baixas de Galicia,36.5,8,1,3,2,17.5,0.0,0,0,9
AIESP601,Spain,Complexo húmido de Corrubedo,44.9,23,7,2,4,15.4,3.5,0,0,8
AIESP602,Spain,"Complexo das Praias, Duna e lagoa de Corrubedo",25.1,15,1,0,5,4.1,3.0,0,0,8
AIESP604,Spain,Complexo litoral de Corrubedo,44.9,23,7,2,4,15.4,3.5,0,0,8
AIESP605,Spain,A Ramallosa,44.9,23,7,2,4,15.4,3.5,0,0,8
AIESP606,Spain,Cabo Udra,44.9,23,7,2,4,15.4,3.5,0,0,8
AIESP607,Spain,Illa de Ons,44.9,23,7,2,4,15.4,3.5,0,0,8
AIESP608,Spain,Costa da Vela,44.9,23,7,2,4,15.4,3.5,0,0,8
AIESP609,Spain,Maritimo -Terrestre de las Islas Atlanticas de Galicia,54.7,6,3,1,2,22.2,8.5,0,0,9
AIESP610,Spain,Maritimo -Terrestre de las Islas Atlanticas de Galicia - Zona Marina de Uso Moderado - Reserva,51.2,15,8,1,2,21.7,4.5,0,0,7
AIESP611,Spain,Maritimo -Terrestre de las Islas Atlanticas de Galicia - Zona Marina de Uso Restringido,44.6,6,3,0,1,18.1,4.5,0,0,7
AIESP612,Spain,Maritimo -Terrestre de las Islas Atlanticas de Galicia - Zona Marina de Uso Moderado,41.8,8,3,0,1,15.3,4.5,0,0,7
AIESP612a,Spain,Maritimo -Terrestre de las Islas Atlanticas de Galicia - Zona Marina de Uso Moderado - Restringido,45.5,12,5,0,1,16.0,4.5,0,0,7
AIESP614,Spain,Illas Cies,44.9,23,7,2,4,15.4,3.5,0,0,8
AIESP615,Spain,Illas Estelas,44.9,23,7,2,4,15.4,3.5,0,0,8
AIESP616,Spain,Complexo Ons-O Grove,44.9,23,7,2,4,15.4,3.5,0,0,8
AIESP617,Spain,"Complexo intermareal Umia - O Grove, A Lanzada, punta Carreiron e lagoa Bodeira",25.1,15,1,0,5,4.1,3.0,0,0,8
AIESP619,Spain,"Complexo intermareal Umia - O Grove, A Lanzada, punta Carreirón e lagoa Bodeira",44.9,23,7,2,4,15.4,3.5,0,0,8
AIESP620,Spain,Sistema fluvial Ulla-Deza,44.9,23,7,2,4,15.4,3.5,0,0,8
AIESP621,Spain,Enseada de San Simon,44.9,23,7,2,4,15.4,3.5,0,0,8
AIESP622,Spain,Baixo Miño,44.9,23,7,2,4,15.4,3.5,0,0,8
AIESP623,Spain,Esteiro do Miño,44.9,23,7,2,4,15.4,3.5,0,0,8
AIESP624,Spain,ZEPA Banco de Galicia,36.5,8,1,3,2,17.5,0.0,0,0,9
AIESP625,Spain,Banco de Galicia,8.4,5,0,0,2,2.5,0.0,0,0,6
AIESP626,Spain,Oyambre,35.8,11,3,0,1,10.3,3.5,0,0,7
AIESP628,Spain,Rias occidentales y Duna de Oyambre,25.0,12,1,0,4,4.5,1.5,0,0,9
AIESP630,Spain,Ría de Ribadesella-Ría de Tinamayor,27.9,4,1,0,2,10.9,0.0,0,0,7
AIESP631,Spain,Bufón de Santiuste,33.6,13,1,1,2,6.6,3.0,5,0,9
AIESP632,Spain,Yacimiento de Icnitas de Asturias,44.2,4,2,1,1,26.2,0.0,0,0,8
AIESP633,Spain,Yacimientos de Icnitas,8.6,4,0,0,2,2.6,0.0,0,0,6
AIESP634,Spain,Entrepeñes y Playa de Vega,29.2,15,1,0,2,4.2,3.0,5,0,7
AIESP635,Spain,Playa de Vega,6.6,4,0,0,2,2.6,0.0,0,0,4
AIESP636,Spain,Ria de Villaviciosa,41.6,36,5,0,5,6.6,9.0,0,0,8
AIESP637,Spain,Ría de Villaviciosa,41.6,36,5,0,5,6.6,9.0,0,0,8
AIESP638,Spain,LIC-RIO AGÜERA,26.7,15,1,0,2,4.2,5.5,0,0,7
AIESP639,Spain,Marismas de Isla Cristina,38.0,5,1,2,2,21.0,0.0,0,0,7
AIESP640,Spain,Marismas de Isla Cristina,8.4,5,0,0,2,2.5,0.0,0,0,6
AIESP641,Spain,Ria de Foz,44.9,23,7,2,4,15.4,3.5,0,0,8
AIESP642,Spain,Ria de Foz - Masma,44.9,23,7,2,4,15.4,3.5,0,0,8
AIESP643,Spain,Rio Ouro,44.9,23,7,2,4,15.4,3.5,0,0,8
AIESP644,Spain,Barbadungo Itsasadarra / Ría del Barbadun,36.9,11,4,0,3,13.4,1.5,0,0,7
AIESP650,Spain,ZEPA Banco de la Concepción,40.0,8,1,4,1,21.0,0.0,0,0,9
AIESP651,Spain,Banco de la Concepción,8.4,5,0,0,2,2.5,0.0,0,0,6
AIESP655,Spain,Espacio marino del norte de La Palma,40.0,8,1,4,1,21.0,0.0,0,0,9
AIESP656,Spain,Costa de Garafía,54.8,7,3,2,1,25.2,7.5,0,0,7
AIESP657,Spain,Reserva marina Isla de La Palma,54.9,23,7,0,6,11.4,10.5,5,0,8
AIESP658,Spain,Reserva marina Isla de La Palma - Zona de reserva integral,37.4,4,1,0,2,10.9,4.5,5,0,7
AIESP659,Spain,Franja marina de Fuencaliente,54.8,7,3,2,1,25.2,7.5,0,0,7
AIESP660,Spain,Costa de Hiscaguán,42.2,5,1,2,2,18.2,4.0,0,0,10
AIESP661,Spain,El Remo,26.1,5,1,0,2,9.1,0.0,0,0,7
AIESP662,Spain,Guelguén,52.4,4,3,0,1,21.9,5.5,0,0,10
AIESP663,Spain,Las Nieves,45.6,6,3,0,2,16.6,5.0,0,0,9
AIESP664,Spain,Tamanca,8.4,5,0,0,2,2.5,0.0,0,0,6
AIESP665,Spain,Volcanes de Teneguía,32.2,3,1,0,2,11.7,1.5,0,0,9
AIESP666,Spain,Cumbres y acantilados del norte de La Palma,36.5,8,1,3,2,17.5,0.0,0,0,9
AIESP667,Spain,Roque Negro,36.5,8,1,3,2,17.5,0.0,0,0,9
AIESP668,Spain,Roques de Garafía,36.5,8,1,3,2,17.5,0.0,0,0,9
AIESP67,Spain,Norte De Menorca,51.2,24,5,2,2,11.7,12.5,0,0,7
AIESP672,Spain,Espacio marino de la zona occidental de El Hierro,36.5,8,1,3,2,17.5,0.0,0,0,9
AIESP673,Spain,Mar de Las Calmas,54.8,7,3,2,1,25.2,7.5,0,0,7
AIESP674,Spain,Espacio marino de los Roques de Salmor,36.5,8,1,3,2,17.5,0.0,0,0,9
AIESP675,Spain,Reserva marina de la Restinga-Mar de las Calmas,42.8,10,2,1,3,12.2,11.5,0,0,9
AIESP676,Spain,Reserva marina de la Restinga-Mar de las Calmas - Zona de reserva integral,31.7,3,1,0,2,11.7,3.0,0,0,7
AIESP677,Spain,Reserva marina de la Restinga-Mar de las Calmas - Zona de usos restringidos,31.7,3,1,0,2,11.7,3.0,0,0,7
AIESP678,Spain,Frontera Rural Park,32.7,3,1,0,2,11.7,4.0,0,0,7
AIESP679,Spain,Frontera,32.7,3,1,0,2,11.7,4.0,0,0,7
AIESP68,Spain,Norte De Menorca - Zona de protección especial A,47.8,4,2,1,1,26.2,4.5,0,0,7
AIESP680,Spain,El Hierro,36.5,8,1,3,2,17.5,0.0,0,0,9
AIESP681,Spain,Las Playas,26.9,12,1,0,4,5.4,4.5,0,0,7
AIESP682,Spain,Risco de Las Playas,8.4,5,0,0,2,2.5,0.0,0,0,6
AIESP683,Spain,Tibataje,46.5,5,3,0,1,18.6,6.0,0,0,7
AIESP684,Spain,Gorreta y Salmor,36.5,8,1,3,2,17.5,0.0,0,0,9
AIESP685,Spain,Roques de Salmor,8.4,5,0,0,2,2.5,0.0,0,0,6
AIESP69,Spain,Norte De Menorca - Zona de protección especial B,47.8,4,2,1,1,26.2,4.5,0,0,7
AIESP690,Spain,Área marina de la Isleta,54.8,7,3,2,1,25.2,7.5,0,0,7
AIESP691,Spain,Bahía del Confital,54.8,7,3,2,1,25.2,7.5,0,0,7
AIESP692,Spain,La Isleta,50.5,5,3,0,2,21.0,1.5,5,0,8
AIESP693,Spain,Costa de Sardina del Norte,54.8,7,3,2,1,25.2,7.5,0,0,7
AIESP694,Spain,Bahía de Gando,54.8,7,3,2,1,25.2,7.5,0,0,7
AIESP695,Spain,Roque de Gando,34.7,3,1,0,2,11.7,4.0,0,0,9
AIESP696,Spain,Tufia,8.4,5,0,0,2,2.5,0.0,0,0,6
AIESP697,Spain,Playa del Cabrón,54.8,7,3,2,1,25.2,7.5,0,0,7
AIESP698,Spain,Arinaga,48.0,5,3,0,2,21.0,4.0,0,0,8
AIESP699,Spain,Punta de la Sal,8.4,5,0,0,2,2.5,0.0,0,0,6
AIESP70,Spain,Norte De Menorca - Zona de veda de pesca recreativa,21.8,3,0,1,1,12.2,2.5,0,0,7
AIESP700,Spain,Punta del Mármol,8.4,5,0,0,2,2.5,0.0,0,0,6
AIESP701,Spain,Espacio marino de Mogán-La Aldea,36.5,8,1,3,2,17.5,0.0,0,0,9
AIESP702,Spain,Franja marina de Mogán,54.8,7,3,2,1,25.2,7.5,0,0,7
AIESP703,Spain,Sebadales de Güigüí,54.8,7,3,2,1,25.2,7.5,0,0,7
AIESP704,Spain,Sebadales de Playa del Inglés,54.8,7,3,2,1,25.2,7.5,0,0,7
AIESP705,Spain,Güi-güí,53.4,4,3,0,1,21.9,4.5,5,0,7
AIESP705a,Spain,Reserva Natural Especial de Güigüí - Zona de Exclusión - Suelo Rústico de Protección Natural Integral/Suelo Rústico de Protección Costera,31.6,4,1,0,1,9.6,0.0,5,0,7
AIESP705b,Spain,Reserva Natural Especial de Güigüí - Zona de Exclusión - Suelo Rústico de Protección Cultural,33.4,4,1,0,1,11.4,0.0,5,0,7
AIESP705c,Spain,Reserva Natural Especial de Güigüí - Zona de Uso Restringido - Suelo Rústico de Protección Natural,28.6,13,1,0,2,4.6,0.0,5,0,9
AIESP705d,Spain,Reserva Natural Especial de Güigüí - Zona de Uso Restringido - Suelo Rústico de Protección Cultural,26.6,13,1,0,2,4.6,0.0,5,0,7
AIESP705e,Spain,Reserva Natural Especial de Güigüí - Zona de Uso Moderado - Suelo Rústico de Protección Natural de Restauración,26.6,11,2,0,3,7.6,2.0,0,0,7
AIESP705f,Spain,Reserva Natural Especial de Güigüí - Zona de Uso Moderado - Suelo Rústico de Protección Paisajística,23.8,12,1,0,2,4.8,0.0,0,0,9
AIESP705g,Spain,Reserva Natural Especial de Güigüí - Zona de Uso Moderado - Suelo Rústico de Protección Paisajística Silvo-Pastoril,27.9,9,2,0,3,8.9,2.0,0,0,7
AIESP705h,Spain,Reserva Natural Especial de Güigüí - Zona de Uso Moderado - Suelo Rústico de Protección Paisajística/Suelo Rústico de Protección Costera,23.3,8,1,0,2,6.3,0.0,0,0,7
AIESP706,Spain,Tamadaba,39.0,3,1,0,2,14.0,3.0,5,0,7
AIESP707,Spain,Tamadaba,39.0,3,1,0,2,14.0,3.0,5,0,7
AIESP708,Spain,Parque Rural del Nublo,34.0,3,1,0,2,14.0,3.0,0,0,7
AIESP71,Spain,Àrea marina del Nord de Menorca,67.1,20,9,6,2,25.6,14.5,0,0,7
AIESP710,Spain,Nublo,8.4,5,0,0,2,2.5,0.0,0,0,6
AIESP714,Spain,Espacio marino de La Gomera-Teno,36.5,8,1,3,2,17.5,0.0,0,0,9
AIESP716,Spain,Costa de Los Órganos,54.8,7,3,2,1,25.2,7.5,0,0,7
AIESP717,Spain,Franja marina Santiago - Valle Gran Rey,54.8,7,3,2,1,25.2,7.5,0,0,7
AIESP718,Spain,Acantilados de Alajeró,40.7,3,2,0,1,22.2,1.5,0,0,7
AIESP719,Spain,"Acantilados de Alajeró, La Dama y Valle Gran Rey",36.5,8,1,3,2,17.5,0.0,0,0,9
AIESP72,Spain,S'Albufera des Grau,60.0,32,12,6,0,19.5,13.5,0,0,7
AIESP720,Spain,Orone,32.2,3,1,0,2,11.7,2.5,0,0,8
AIESP721,Spain,Valle de Gran Rey,27.7,4,1,0,2,9.2,1.5,0,0,7
AIESP722,Spain,Charco de Cieno,33.2,3,1,0,2,11.7,2.5,0,0,9
AIESP723,Spain,Charco del Conde,26.1,5,1,0,2,9.1,0.0,0,0,7
AIESP724,Spain,Charco del Conde,8.4,5,0,0,2,2.5,0.0,0,0,6
AIESP725,Spain,Barranco del Cabrito,39.0,7,3,0,2,13.5,3.5,0,0,7
AIESP726,Spain,Los Órganos,34.7,3,1,0,2,11.7,3.0,0,0,10
AIESP727,Spain,Los Órganos,36.5,8,1,3,2,17.5,0.0,0,0,9
AIESP728,Spain,Teselinde-Cabecera de Vallehermoso,8.4,5,0,0,2,2.5,0.0,0,0,6
AIESP729,Spain,Montaña del Cepo,8.4,5,0,0,2,2.5,0.0,0,0,6
AIESP73,Spain,Àrea marina del Sud de Ciutadella,62.6,19,6,6,0,21.1,14.5,0,0,7
AIESP730,Spain,Majona,32.5,6,2,0,3,12.5,3.0,0,0,7
AIESP731,Spain,Puntallana,30.2,3,1,0,2,11.7,1.5,0,0,7
AIESP732,Spain,"Costa de Majona, El Águila y Avalo",36.5,8,1,3,2,17.5,0.0,0,0,9
AIESP735,Spain,Franja marina Teno - Rasca,54.8,7,3,2,1,25.2,7.5,0,0,7
AIESP736,Spain,Costa de San Juan de la Rambla,54.8,7,3,2,1,25.2,7.5,0,0,7
AIESP737,Spain,Espacio marino de los Acantilados de Santo Domingo y Roque de Garachico,36.5,8,1,3,2,17.5,0.0,0,0,9
AIESP738,Spain,Rambla de Castro,37.7,3,1,0,2,11.7,7.0,0,0,9
AIESP739,Spain,La Rambla de Castro,8.4,5,0,0,2,2.5,0.0,0,0,6
AIESP74,Spain,Àrea marina Punta Prima - Illa de l'Aire,60.7,18,6,5,1,20.2,13.5,0,0,7
AIESP740,Spain,Roque de Garachico,36.2,3,1,0,2,11.7,4.5,0,0,10
AIESP741,Spain,Acantilado costero de Los Perros,8.4,5,0,0,2,2.5,0.0,0,0,6
AIESP742,Spain,Sebadales del Sur de Tenerife,54.8,7,3,2,1,25.2,7.5,0,0,7
AIESP743,Spain,Montaña Amarilla,39.8,4,2,0,2,15.8,4.0,0,0,10
AIESP744,Spain,Montaña Roja,29.7,5,1,0,2,7.7,3.0,0,0,9
AIESP745,Spain,Montaña Pelada,44.2,3,2,0,1,22.2,3.0,0,0,9
AIESP746,Spain,Espacio marino del Roque de la Playa,36.5,8,1,3,2,17.5,0.0,0,0,9
AIESP747,Spain,Costa de Acentejo,26.1,5,1,0,2,9.1,0.0,0,0,7
AIESP748,Spain,Roque de la Playa,36.5,8,1,3,2,17.5,0.0,0,0,9
AIESP749,Spain,Acantilado de la Hondura,31.7,3,1,0,2,11.7,3.0,0,0,7
AIESP75,Spain,Arenal de Son Saura,64.2,11,4,5,1,27.2,13.0,0,0,7
AIESP750,Spain,Tabaibal del Porís,32.8,2,1,0,1,15.8,0.0,0,0,7
AIESP751,Spain,Malpaís de Güímar,32.7,3,1,0,2,11.7,4.0,0,0,7
AIESP752,Spain,Malpaís de Güímar,8.4,5,0,0,2,2.5,0.0,0,0,6
AIESP753,Spain,Teno,31.7,3,1,0,2,11.7,3.0,0,0,7
AIESP754,Spain,Teno,8.4,5,0,0,2,2.5,0.0,0,0,6
AIESP755,Spain,Cueva marina de San Juan,54.8,7,3,2,1,25.2,7.5,0,0,7
AIESP756,Spain,Acantilados de Isorana,45.2,3,2,0,1,22.2,4.0,0,0,9
AIESP757,Spain,Barranco de Erques,8.4,5,0,0,2,2.5,0.0,0,0,6
AIESP758,Spain,La Caleta,43.2,3,2,0,1,22.2,4.0,0,0,7
AIESP759,Spain,Rasca y Guaza,36.5,8,1,3,2,17.5,0.0,0,0,9
AIESP76,Spain,Cala d'Algairens,64.2,11,4,5,1,27.2,13.0,0,0,7
AIESP760,Spain,Montaña de Guaza,27.0,9,1,0,1,6.0,4.0,0,0,7
AIESP761,Spain,Malpaís de La Rasca,32.7,3,1,0,2,11.7,4.0,0,0,7
AIESP763,Spain,Espacio marino de Anaga,36.5,8,1,3,2,17.5,0.0,0,0,9
AIESP764,Spain,Sebadal de San Andrés,54.8,7,3,2,1,25.2,7.5,0,0,7
AIESP765,Spain,Sebadales de Antequera,54.8,7,3,2,1,25.2,7.5,0,0,7
AIESP766,Spain,Anaga,34.0,3,1,0,2,14.0,3.0,0,0,7
AIESP767,Spain,Anaga,8.4,5,0,0,2,2.5,0.0,0,0,6
AIESP768,Spain,Ijuana,31.7,3,1,0,2,11.7,3.0,0,0,7
AIESP769,Spain,Roques de Anaga,48.8,3,2,0,1,19.8,5.0,5,0,9
AIESP77,Spain,Cala en Brut,60.5,31,12,6,0,20.0,13.5,0,0,7
AIESP772,Spain,Espacio marino del oriente y sur de Lanzarote-Fuerteventura,50.0,6,3,0,2,19.5,6.5,0,0,7
AIESP773,Spain,Espacio marino de La Bocayna,36.5,8,1,3,2,17.5,0.0,0,0,9
AIESP775,Spain,Playas de sotavento de Jandía,54.8,7,3,2,1,25.2,7.5,0,0,7
AIESP776,Spain,Playa del Matorral,32.7,3,1,0,2,11.7,4.0,0,0,7
AIESP777,Spain,Jandía,31.2,5,1,0,2,7.7,6.5,0,0,7
AIESP778,Spain,Jandía,36.5,8,1,3,2,17.5,0.0,0,0,9
AIESP779,Spain,Sebadales de Corralejo,54.8,7,3,2,1,25.2,7.5,0,0,7
AIESP78,Spain,Caleta de Binillautí,60.5,31,12,6,0,20.0,13.5,0,0,7
AIESP780,Spain,Islote de Lobos,36.9,10,2,1,4,11.4,5.5,0,0,10
AIESP781,Spain,Corralejo,8.4,5,0,0,2,2.5,0.0,0,0,6
AIESP782,Spain,Dunas de Corralejo e Isla de Lobos,36.5,8,1,3,2,17.5,0.0,0,0,9
AIESP783,Spain,Betancuria,38.2,3,1,0,2,11.7,4.5,5,0,7
AIESP784,Spain,Betancuria,36.5,8,1,3,2,17.5,0.0,0,0,9
AIESP785,Spain,Ajuí,43.8,3,2,0,1,19.8,5.0,0,0,9
AIESP786,Spain,Los Cuchillos de Vigán,35.7,3,1,0,2,11.7,7.0,0,0,7
AIESP787,Spain,Pozo Negro,32.5,3,1,0,2,14.0,1.5,0,0,7
AIESP788,Spain,Costa del norte de Fuerteventura,36.5,8,1,3,2,17.5,0.0,0,0,9
AIESP789,Spain,"Lajares, Esquinzo y costa del Jarubio",36.5,8,1,3,2,17.5,0.0,0,0,9
AIESP79,Spain,Cap Negre,64.2,11,4,5,1,27.2,13.0,0,0,7
AIESP790,Spain,Cueva de Lobos,8.4,5,0,0,2,2.5,0.0,0,0,6
AIESP794,Spain,Cagafrecho,54.8,7,3,2,1,25.2,7.5,0,0,7
AIESP795,Spain,Sebadales de Guasimeta,54.8,7,3,2,1,25.2,7.5,0,0,7
AIESP796,Spain,Los Ajaches,35.2,5,1,0,2,7.7,5.5,5,0,7
AIESP797,Spain,Janubio,36.5,8,1,3,2,17.5,0.0,0,0,9
AIESP798,Spain,Llanos de La Mareta y cantil del Rubicón,36.5,8,1,3,2,17.5,0.0,0,0,9
AIESP799,Spain,La Geria,36.5,8,1,3,2,17.5,0.0,0,0,9
AIESP80,Spain,Costa Nord de Ciutadella,59.5,5,3,1,1,28.0,7.5,0,0,7
AIESP800,Spain,Los Volcanes,8.4,5,0,0,2,2.5,0.0,0,0,6
AIESP801,Spain,Timanfaya,28.8,4,1,0,1,8.8,3.0,0,0,7
AIESP802,Spain,La Corona,29.1,4,1,0,3,9.6,2.5,0,0,7
AIESP803,Spain,Los Jameos,8.4,5,0,0,2,2.5,0.0,0,0,6
AIESP804,Spain,Espacio marino de los Islotes de Lanzarote,36.5,8,1,3,2,17.5,0.0,0,0,9
AIESP805,Spain,Archipiélago de Chinijo,46.8,5,2,0,3,13.3,9.5,5,0,9
AIESP806,Spain,Islotes del norte de Lanzarote y Famara,36.5,8,1,3,2,17.5,0.0,0,0,9
AIESP807,Spain,Archipiélago Chinijo,8.4,5,0,0,2,2.5,0.0,0,0,6
AIESP808,Spain,Sebadales de La Graciosa,54.8,7,3,2,1,25.2,7.5,0,0,7
AIESP809,Spain,Reserva Natural Integral de Los Islotes,36.6,4,1,0,2,10.1,2.5,5,0,9
AIESP81,Spain,Costa Sud de Ciutadella,59.5,5,3,1,1,28.0,7.5,0,0,7
AIESP810,Spain,Reserva marina de la Isla Graciosa e Islotes del Norte de Lanzarote,31.3,11,1,1,2,7.8,6.5,0,0,7
AIESP810a,Spain,Reserva marina de la Isla Graciosa e Islotes del Norte de Lanzarote - Zona de Reserva Integral,39.1,4,2,0,1,17.1,3.0,0,0,9
AIESP82,Spain,D'Addaia a s'Albufera,62.6,37,13,10,0,21.1,14.5,0,0,7
AIESP823,Spain,Costa nord-oest de Mallorca,6.5,9,0,0,4,2.5,0.0,0,0,4
AIESP826,Spain,Illa d'en Calders,6.5,9,0,0,4,2.5,0.0,0,0,4
AIESP827,Spain,Illeta de Cala Salada,6.5,9,0,0,4,2.5,0.0,0,0,4
AIESP83,Spain,De Binigaus a cala Mitjana,59.5,5,3,1,1,28.0,7.5,0,0,7
AIESP830,Spain,Llanos de la Corona y Tegala Grande,36.5,8,1,3,2,17.5,0.0,0,0,9
AIESP833,Spain,Punta Prima,6.5,9,0,0,4,2.5,0.0,0,0,4
AIESP835,Spain,Sa Costera-Es Binis,6.5,9,0,0,4,2.5,0.0,0,0,4
AIESP836,Spain,Son Real,6.5,9,0,0,4,2.5,0.0,0,0,4
AIESP837,Spain,Uso Potencial Acuicultura (ZAPAC) - Canary Islands (CAN),21.9,18,0,2,2,5.4,9.5,0,0,7
AIESP838,Spain,Uso Potencial Acuicultura (ZAPAC) - Strait and Alboran (ESAL) ,13.2,16,0,1,1,3.7,2.5,0,0,7
AIESP839,Spain,Uso Potencial Acuicultura (ZAPAC) - Levantine-Balearic (LEBA),7.7,4,0,0,1,2.2,1.5,0,0,4
AIESP84,Spain,De cala Llucalari a Cales Coves,64.2,11,4,5,1,27.2,13.0,0,0,7
AIESP841,Spain,Uso Potencial Acuicultura (ZAPAC) - North Atlantic (NOR),7.7,4,0,0,1,2.2,1.5,0,0,4
AIESP842,Spain,Uso Potencial Acuicultura (ZAPAC) - South Atlantic (SUD),7.7,4,0,0,1,2.2,1.5,0,0,4
AIESP85,Spain,De s'Albufera a la Mola,56.0,25,11,2,0,18.5,10.5,0,0,7
AIESP86,Spain,Dels Alocs a Fornells,59.5,5,3,1,1,28.0,7.5,0,0,7
AIESP87,Spain,Des Canutells a Llucalari,59.5,5,3,1,1,28.0,7.5,0,0,7
AIESP88,Spain,Illa de l'Aire,54.6,12,5,1,1,17.1,10.5,0,0,7
AIESP89,Spain,La Mola i s'Albufera de Fornells,56.0,25,11,2,0,18.5,10.5,0,0,7
AIESP898,Spain,Uso Potencial Biodiversidad (ZAPBD) - Canary Islands (CAN),6.9,3,0,0,2,2.9,0.0,0,0,4
AIESP899,Spain,Uso Potencial Biodiversidad (ZAPBD) - Strait and Alboran (ESAL) ,6.9,3,0,0,2,2.9,0.0,0,0,4
AIESP9,Spain,Ses Salines D'Eivissa I Formentera,56.1,30,14,4,1,20.6,8.5,0,0,9
AIESP90,Spain,La Vall,40.0,8,1,4,1,21.0,0.0,0,0,9
AIESP900,Spain,Uso Potencial Biodiversidad (ZAPBD) - Levantine-Balearic (LEBA),6.9,3,0,0,2,2.9,0.0,0,0,4
AIESP901,Spain,Uso Potencial Biodiversidad (ZAPBD) - North Atlantic (NOR),6.9,3,0,0,2,2.9,0.0,0,0,4
AIESP902,Spain,Uso Potencial Biodiversidad (ZAPBD) - South Atlantic (SUD),6.9,3,0,0,2,2.9,0.0,0,0,4
AIESP904,Spain,Zona Protegida (ZP) Especies Acuaticas: Moluscos - 01- VIVEIRO-VIVEIRO-A,6.5,5,0,0,2,2.5,0.0,0,0,4
AIESP905,Spain,Zona Protegida (ZP) Especies Acuaticas: Moluscos - 02 - O BARQUEIRO-VIVEIRO-B,6.5,5,0,0,2,2.5,0.0,0,0,4
AIESP906,Spain,Zona Protegida (ZP) Especies Acuaticas: Moluscos - 03 - O BARQUEIRO -VIVEIRO-C,6.5,5,0,0,2,2.5,0.0,0,0,4
AIESP907,Spain,Zona Protegida (ZP) Especies Acuaticas: Moluscos - 04 - O BARQUEIRO -VIVEIRO-D,6.5,5,0,0,2,2.5,0.0,0,0,4
AIESP908,Spain,Zona Protegida (ZP) Especies Acuaticas: Moluscos - 05-VIVEIRO-VIVEIRO-E,6.5,5,0,0,2,2.5,0.0,0,0,4
AIESP909,Spain,Zona Protegida (ZP) Especies Acuaticas: Moluscos - 06-ORTIGUEIRA-CARINO-A,6.5,5,0,0,2,2.5,0.0,0,0,4
AIESP91,Spain,La Vall,59.5,5,3,1,1,28.0,7.5,0,0,7
AIESP910,Spain,Zona Protegida (ZP) Especies Acuaticas: Moluscos - 07-CEDEIRA-CEDEIRA-A,6.5,5,0,0,2,2.5,0.0,0,0,4
AIESP911,Spain,Zona Protegida (ZP) Especies Acuaticas: Moluscos - 08 - FERROL-FERROL-A,6.5,5,0,0,2,2.5,0.0,0,0,4
AIESP912,Spain,Zona Protegida (ZP) Especies Acuaticas: Moluscos - 09 - FERROL-FERROL-B,6.5,5,0,0,2,2.5,0.0,0,0,4
AIESP913,Spain,Zona Protegida (ZP) Especies Acuaticas: Moluscos - 10 - FERROL-FERROL-C,6.5,5,0,0,2,2.5,0.0,0,0,4
AIESP914,Spain,Zona Protegida (ZP) Especies Acuaticas: Moluscos - 11 - ARES-BETANZOS-FERROL-D,6.5,5,0,0,2,2.5,0.0,0,0,4
AIESP915,Spain,Zona Protegida (ZP) Especies Acuaticas: Moluscos - 12 - ARES-BETANZOS-SADA-I,6.5,5,0,0,2,2.5,0.0,0,0,4
AIESP916,Spain,Zona Protegida (ZP) Especies Acuaticas: Moluscos - 15 - BARIZO-CORME-A,6.5,5,0,0,2,2.5,0.0,0,0,4
AIESP917,Spain,Zona Protegida (ZP) Especies Acuaticas: Moluscos - 16 - CORME-CORME-B,8.0,5,0,0,2,2.5,1.5,0,0,4
AIESP918,Spain,Zona Protegida (ZP) Especies Acuaticas: Moluscos - 17 - CAMARIÑAS-CAMARIÑAS-A,8.0,5,0,0,2,2.5,1.5,0,0,4
AIESP919,Spain,Zona Protegida (ZP) Especies Acuaticas: Moluscos - 18 - CAMARINAS-CAMARINAS-B,8.0,5,0,0,2,2.5,1.5,0,0,4
AIESP92,Spain,Punta Redona - Arenal d'en Castell,60.5,31,12,6,0,20.0,13.5,0,0,7
AIESP920,Spain,Zona Protegida (ZP) Especies Acuaticas: Moluscos - 19 - CORCUBION-CORCUBION-A,8.0,5,0,0,2,2.5,1.5,0,0,4
AIESP921,Spain,Zona Protegida (ZP) Especies Acuaticas: Moluscos - 20 - CORCUBION-CORCUBION-B,8.0,5,0,0,2,2.5,1.5,0,0,4
AIESP922,Spain,Zona Protegida (ZP) Especies Acuaticas: Moluscos - 21 - MUROS-NOIA-MUROS-A,8.0,5,0,0,2,2.5,1.5,0,0,4
AIESP923,Spain,Zona Protegida (ZP) Especies Acuaticas: Moluscos - 22 - MUROS-NOIA-MUROS-B,8.0,5,0,0,2,2.5,1.5,0,0,4
AIESP924,Spain,Zona Protegida (ZP) Especies Acuaticas: Moluscos - 23 - MUROS-NOIA-MUROS-C,8.0,5,0,0,2,2.5,1.5,0,0,4
AIESP925,Spain,Zona Protegida (ZP) Especies Acuaticas: Moluscos - 24 - MUROS-NOIA-NOIA-A,8.0,5,0,0,2,2.5,1.5,0,0,4
AIESP926,Spain,Zona Protegida (ZP) Especies Acuaticas: Moluscos - 26 - AROUSA-RIBEIRA-B,8.0,5,0,0,2,2.5,1.5,0,0,4
AIESP927,Spain,Zona Protegida (ZP) Especies Acuaticas: Moluscos - 27 - AROUSA-RIBEIRA-C,8.0,5,0,0,2,2.5,1.5,0,0,4
AIESP928,Spain,Zona Protegida (ZP) Especies Acuaticas: Moluscos - 28 - AROUSA-CARAMIÑAL-A,8.0,5,0,0,2,2.5,1.5,0,0,4
AIESP929,Spain,Zona Protegida (ZP) Especies Acuaticas: Moluscos - 30 - AROUSA-CARAMIÑAL-C,8.0,5,0,0,2,2.5,1.5,0,0,4
AIESP93,Spain,Son Bou i barranc de sa Vall,59.5,5,3,1,1,28.0,7.5,0,0,7
AIESP930,Spain,Zona Protegida (ZP) Especies Acuaticas: Moluscos - 31 - AROUSA-CARAMIÑAL-D,8.0,5,0,0,2,2.5,1.5,0,0,4
AIESP931,Spain,Zona Protegida (ZP) Especies Acuaticas: Moluscos - 32 - AROUSA-CARAMIÑAL-E,8.0,5,0,0,2,2.5,1.5,0,0,4
AIESP932,Spain,Zona Protegida (ZP) Especies Acuaticas: Moluscos - 34 - AROUSA-CARAMIÑAL-G,8.0,5,0,0,2,2.5,1.5,0,0,4
AIESP933,Spain,Zona Protegida (ZP) Especies Acuaticas: Moluscos - 36 - AROUSA-VILAGARCIA-A,8.0,5,0,0,2,2.5,1.5,0,0,4
AIESP934,Spain,Zona Protegida (ZP) Especies Acuaticas: Moluscos - 37 - AROUSA-VILAGARCIA-B,8.0,5,0,0,2,2.5,1.5,0,0,4
AIESP935,Spain,Zona Protegida (ZP) Especies Acuaticas: Moluscos - 38 - AROUSA-CAMBADOS-A1,8.0,5,0,0,2,2.5,1.5,0,0,4
AIESP936,Spain,Zona Protegida (ZP) Especies Acuaticas: Moluscos - 39 - AROUSA-CAMBADOS-B,8.0,5,0,0,2,2.5,1.5,0,0,4
AIESP937,Spain,Zona Protegida (ZP) Especies Acuaticas: Moluscos - 40 - AROUSA-CAMBADOS-C1,8.0,5,0,0,2,2.5,1.5,0,0,4
AIESP938,Spain,Zona Protegida (ZP) Especies Acuaticas: Moluscos - 41 - AROUSA-CAMBADOS-C2,8.0,5,0,0,2,2.5,1.5,0,0,4
AIESP939,Spain,Zona Protegida (ZP) Especies Acuaticas: Moluscos - 42 - AROUSA-CAMBADOS-D,8.0,5,0,0,2,2.5,1.5,0,0,4
AIESP940,Spain,Zona Protegida (ZP) Especies Acuaticas: Moluscos - 43 - AROUSA-CAMBADOS-E,8.0,5,0,0,2,2.5,1.5,0,0,4
AIESP941,Spain,Zona Protegida (ZP) Especies Acuaticas: Moluscos - 43 - AROUSA-O GROVE-C1,8.0,5,0,0,2,2.5,1.5,0,0,4
AIESP942,Spain,Zona Protegida (ZP) Especies Acuaticas: Moluscos - 43 - AROUSA-O GROVE-C2,8.0,5,0,0,2,2.5,1.5,0,0,4
AIESP943,Spain,Zona Protegida (ZP) Especies Acuaticas: Moluscos - 43 - AROUSA-O GROVE-C3,8.0,5,0,0,2,2.5,1.5,0,0,4
AIESP944,Spain,Zona Protegida (ZP) Especies Acuaticas: Moluscos - 43 - AROUSA-O GROVE-C4,8.0,5,0,0,2,2.5,1.5,0,0,4
AIESP945,Spain,Zona Protegida (ZP) Especies Acuaticas: Moluscos - 44 - AROUSA-OGROVE-R,8.0,5,0,0,2,2.5,1.5,0,0,4
AIESP946,Spain,Zona Protegida (ZP) Especies Acuaticas: Moluscos - 45 - PONTEVEDRA-PORTONOVO-A,8.0,5,0,0,2,2.5,1.5,0,0,4
AIESP947,Spain,Zona Protegida (ZP) Especies Acuaticas: Moluscos - 46 - PONTEVEDRA-PORTONOVO-C,8.0,5,0,0,2,2.5,1.5,0,0,4
AIESP948,Spain,Zona Protegida (ZP) Especies Acuaticas: Moluscos - 47 - PONTEVEDRA-PORTONOVO-B,8.0,5,0,0,2,2.5,1.5,0,0,4
AIESP949,Spain,Zona Protegida (ZP) Especies Acuaticas: Moluscos - 49 - PONTEVEDRA-BUEU-A,8.0,5,0,0,2,2.5,1.5,0,0,4
AIESP950,Spain,Zona Protegida (ZP) Especies Acuaticas: Moluscos - 50 - PONTEVEDRA-BUEU-B,8.0,5,0,0,2,2.5,1.5,0,0,4
AIESP951,Spain,Zona Protegida (ZP) Especies Acuaticas: Moluscos - 51 - ALDAN-CANGAS-A,8.0,5,0,0,2,2.5,1.5,0,0,4
AIESP952,Spain,Zona Protegida (ZP) Especies Acuaticas: Moluscos - 52 - ALDAN-CANGAS-B,8.0,5,0,0,2,2.5,1.5,0,0,4
AIESP953,Spain,Zona Protegida (ZP) Especies Acuaticas: Moluscos - 53 - VIGO-CANGAS-C,8.0,5,0,0,2,2.5,1.5,0,0,4
AIESP954,Spain,Zona Protegida (ZP) Especies Acuaticas: Moluscos - 54 - VIGO-CANGAS-D,8.0,5,0,0,2,2.5,1.5,0,0,4
AIESP955,Spain,Zona Protegida (ZP) Especies Acuaticas: Moluscos - 55 - VIGO-CANGAS-E,8.0,5,0,0,2,2.5,1.5,0,0,4
AIESP956,Spain,Zona Protegida (ZP) Especies Acuaticas: Moluscos - 56 - VIGO-CANGAS-F,8.0,5,0,0,2,2.5,1.5,0,0,4
AIESP957,Spain,Zona Protegida (ZP) Especies Acuaticas: Moluscos - 57 - VIGO-CANGAS-G,8.0,5,0,0,2,2.5,1.5,0,0,4
AIESP958,Spain,Zona Protegida (ZP) Especies Acuaticas: Moluscos - 58 - VIGO-CANGAS-H,8.0,5,0,0,2,2.5,1.5,0,0,4
AIESP959,Spain,Zona Protegida (ZP) Especies Acuaticas: Moluscos - 59 - VIGO-REDONDELA-A,8.0,5,0,0,2,2.5,1.5,0,0,4
AIESP96,Spain,Parque Nacional Marítimo-Terrestre del Archipiélago de Cabrera,45.1,29,3,6,4,11.6,9.5,0,0,9
AIESP960,Spain,Zona Protegida (ZP) Especies Acuaticas: Moluscos - 60 - VIGO-REDONDELA-B,8.0,5,0,0,2,2.5,1.5,0,0,4
AIESP961,Spain,Zona Protegida (ZP) Especies Acuaticas: Moluscos - 61 - VIGO-REDONDELA-C,8.0,5,0,0,2,2.5,1.5,0,0,4
AIESP962,Spain,Zona Protegida (ZP) Especies Acuaticas: Moluscos - 62 - VIGO-REDONDELA-D,8.0,5,0,0,2,2.5,1.5,0,0,4
AIESP963,Spain,Zona Protegida (ZP) Especies Acuaticas: Moluscos - 64 - VIGO-VIGO-A,8.0,5,0,0,2,2.5,1.5,0,0,4
AIESP964,Spain,Zona Protegida (ZP) Especies Acuaticas: Moluscos - 65 - BAIONA-BAIONA-A,8.0,5,0,0,2,2.5,1.5,0,0,4
AIESP965,Spain,Zona Protegida (ZP) Especies Acuaticas: Moluscos - ALCANAR-SANT CARLES DE LA RÁPITA,8.0,5,0,0,2,2.5,1.5,0,0,4
AIESP966,Spain,Zona Protegida (ZP) Especies Acuaticas: Moluscos - AS PIAS-EXTERIOR,8.0,5,0,0,2,2.5,1.5,0,0,4
AIESP967,Spain,Zona Protegida (ZP) Especies Acuaticas: Moluscos - AS PIAS-INTERIOR,8.0,5,0,0,2,2.5,1.5,0,0,4
AIESP968,Spain,Zona Protegida (ZP) Especies Acuaticas: Moluscos - BAHÍA DE EL FANGAR Y GOLFO DE L'AMPOLLA,8.0,5,0,0,2,2.5,1.5,0,0,4
AIESP969,Spain,Zona Protegida (ZP) Especies Acuaticas: Moluscos - BAHÍA DE ELS ALFACS,8.0,5,0,0,2,2.5,1.5,0,0,4
AIESP97,Spain,Archipiélago de Cabrera - Zonas de Reserva,44.1,4,2,1,0,24.1,3.0,0,0,7
AIESP970,Spain,Zona Protegida (ZP) Especies Acuaticas: Moluscos - BAHÍA DE SANTANDER,8.0,5,0,0,2,2.5,1.5,0,0,4
AIESP971,Spain,Zona Protegida (ZP) Especies Acuaticas: Moluscos - BAHÍA DE SANTANDER,8.0,5,0,0,2,2.5,1.5,0,0,4
AIESP972,Spain,Zona Protegida (ZP) Especies Acuaticas: Moluscos - BAHÍA DE SANTANDER,8.0,5,0,0,2,2.5,1.5,0,0,4
AIESP973,Spain,Zona Protegida (ZP) Especies Acuaticas: Moluscos - BAHÍA DE SANTANDER,8.0,5,0,0,2,2.5,1.5,0,0,4
AIESP974,Spain,Zona Protegida (ZP) Especies Acuaticas: Moluscos - BAHÍA DE SANTANDER,8.0,5,0,0,2,2.5,1.5,0,0,4
AIESP975,Spain,Zona Protegida (ZP) Especies Acuaticas: Moluscos - BAHÍA DE SANTANDER,8.0,5,0,0,2,2.5,1.5,0,0,4
AIESP976,Spain,Zona Protegida (ZP) Especies Acuaticas: Moluscos - BAHÍA DE SANTANDER,8.0,5,0,0,2,2.5,1.5,0,0,4
AIESP977,Spain,Zona Protegida (ZP) Especies Acuaticas: Moluscos - BAHÍA DE SANTOÑA,8.0,5,0,0,2,2.5,1.5,0,0,4
AIESP978,Spain,Zona Protegida (ZP) Especies Acuaticas: Moluscos - BAHÍA DE SANTOÑA,8.0,5,0,0,2,2.5,1.5,0,0,4
AIESP979,Spain,Zona Protegida (ZP) Especies Acuaticas: Moluscos - BAHÍA DE SANTOÑA,8.0,5,0,0,2,2.5,1.5,0,0,4
AIESP98,Spain,Archipiélago de Cabrera - Zonas de Uso Restringo,36.6,10,2,2,2,15.1,4.5,0,0,7
AIESP980,Spain,Zona Protegida (ZP) Especies Acuaticas: Moluscos - BAHÍA DE SANTOÑA,8.0,5,0,0,2,2.5,1.5,0,0,4
AIESP981,Spain,Zona Protegida (ZP) Especies Acuaticas: Moluscos - BAHÍA DE SANTOÑA,8.0,5,0,0,2,2.5,1.5,0,0,4
AIESP982,Spain,Zona Protegida (ZP) Especies Acuaticas: Moluscos - BAHÍA DE SANTOÑA,8.0,5,0,0,2,2.5,1.5,0,0,4
AIESP983,Spain,Zona Protegida (ZP) Especies Acuaticas: Moluscos - BAHÍA NORTE,8.0,5,0,0,2,2.5,1.5,0,0,4
AIESP984,Spain,Zona Protegida (ZP) Especies Acuaticas: Moluscos - BALDAIO,8.0,5,0,0,2,2.5,1.5,0,0,4
AIESP985,Spain,Zona Protegida (ZP) Especies Acuaticas: Moluscos - BANCO DE COMBOA,8.0,5,0,0,2,2.5,1.5,0,0,4
AIESP986,Spain,Zona Protegida (ZP) Especies Acuaticas: Moluscos - BANCO PRACERES-NORTE,8.0,5,0,0,2,2.5,1.5,0,0,4
AIESP987,Spain,Zona Protegida (ZP) Especies Acuaticas: Moluscos - BANCO PRACERES-SUR,8.0,5,0,0,2,2.5,1.5,0,0,4
AIESP988,Spain,Zona Protegida (ZP) Especies Acuaticas: Moluscos - BARBATE MARISMAS,8.0,5,0,0,2,2.5,1.5,0,0,4
AIESP989,Spain,Zona Protegida (ZP) Especies Acuaticas: Moluscos - BARRA DEL TERRÓN,8.0,5,0,0,2,2.5,1.5,0,0,4
AIESP99,Spain,Archipiélago de Cabrera - Zonas de Uso Moderado,17.9,6,0,1,0,7.9,3.0,0,0,7
AIESP990,Spain,Zona Protegida (ZP) Especies Acuaticas: Moluscos - BARRA DEL TERRÓN,8.0,5,0,0,2,2.5,1.5,0,0,4
AIESP991,Spain,Zona Protegida (ZP) Especies Acuaticas: Moluscos - BENALMÁDENA-MÁLAGA,8.0,5,0,0,2,2.5,1.5,0,0,4
AIESP992,Spain,Zona Protegida (ZP) Especies Acuaticas: Moluscos - CABO DE SALOU-CABO GROS,8.0,5,0,0,2,2.5,1.5,0,0,4
AIESP993,Spain,Zona Protegida (ZP) Especies Acuaticas: Moluscos - CABO GROS-VILANOVA I LA GELTRÚ,8.0,5,0,0,2,2.5,1.5,0,0,4
AIESP994,Spain,Zona Protegida (ZP) Especies Acuaticas: Moluscos - CABOPINO-CALABURRAS,8.0,5,0,0,2,2.5,1.5,0,0,4
AIESP995,Spain,Zona Protegida (ZP) Especies Acuaticas: Moluscos - CALABURRAS-TORRE QUEBRADA,8.0,5,0,0,2,2.5,1.5,0,0,4
AIESP996,Spain,Zona Protegida (ZP) Especies Acuaticas: Moluscos - CALELLA-LLORET DE MAR,8.0,5,0,0,2,2.5,1.5,0,0,4
AIESP997,Spain,Zona Protegida (ZP) Especies Acuaticas: Moluscos - COSTA DA MORTE,8.0,5,0,0,2,2.5,1.5,0,0,4
AIESP998,Spain,Zona Protegida (ZP) Especies Acuaticas: Moluscos - COSTA ESTE DE MENORCA,8.0,5,0,0,2,2.5,1.5,0,0,4
AIESP999,Spain,Zona Protegida (ZP) Especies Acuaticas: Moluscos - COSTA LUCENSE,8.0,5,0,0,2,2.5,1.5,0,0,4
AIESPEEZ,Spain,Spain EEZ,21.3,3,0,1,0,12.8,1.5,0,0,7
AIGAB1,Gabon,Gabon EEZ,7.2,5,0,0,0,1.8,1.5,0,0,4
AIGAB10,Gabon,Cap Lopez Marine Park - Buffer Zone,27.6,9,2,0,0,9.1,1.5,0,0,7
AIGAB11,Gabon,Cap Lopez Canyons Aquatic Reserve,48.7,11,3,2,1,16.7,10.0,0,0,7
AIGAB12,Gabon,Ogooue Delta Aquatic Reserve,43.7,13,2,4,1,16.2,10.5,0,0,7
AIGAB13,Gabon,Mandji-Etimboue Aquatic Reserve,51.5,16,4,5,1,19.0,10.5,0,0,7
AIGAB14,Gabon,Embouchure d'Ozouri Marine Park,43.7,16,1,6,4,15.2,11.5,0,0,7
AIGAB15,Gabon,Embouchure d'Ozouri Marine Park - Buffer Zone,3.8,2,0,0,0,1.8,0.0,0,0,2
AIGAB16,Gabon,Embouchure d'Olende Marine Park,40.9,16,1,6,2,15.4,8.5,0,0,7
AIGAB17,Gabon,Embouchure d'Olende Marine Park - Buffer Zone,3.8,2,0,0,0,1.8,0.0,0,0,2
AIGAB18,Gabon,Koumandji Aquatic Reserve,51.0,14,3,4,1,17.5,11.5,0,0,7
AIGAB19,Gabon,Tchatamba Aquatic Reserve,49.6,13,4,5,1,23.6,4.0,0,0,7
AIGAB2,Gabon,Gabon Territorial Sea,7.2,6,0,0,0,1.8,1.5,0,0,4
AIGAB20,Gabon,Embouchure d'Iguela Marine Park,50.5,11,3,5,1,24.5,4.0,0,0,7
AIGAB21,Gabon,Embouchure d'Iguela Marine Park - Buffer Zone,31.3,3,1,0,0,12.8,1.5,0,0,7
AIGAB22,Gabon,Embouchure Sette Cama Marine Park,50.2,14,3,6,1,21.8,6.5,0,0,7
AIGAB23,Gabon,Embouchure Sette Cama Marine Park - Buffer Zone,6.1,2,0,0,1,2.6,1.5,0,0,2
AIGAB24,Gabon,Gamba Aquatic Reserve,29.8,4,1,0,1,8.8,4.0,0,0,7
AIGAB25,Gabon,Olowi Aquatic Reserve,30.5,4,1,0,1,10.5,3.0,0,0,7
AIGAB26,Gabon,Embouchure de la Nyanga Marine Park,51.4,14,2,6,1,19.4,10.0,0,4,8
AIGAB27,Gabon,Embouchure de la Nyanga Marine Park - Buffer Zone,3.8,2,0,0,0,1.8,0.0,0,0,2
AIGAB28,Gabon,Embouchure de la Banio Marine Park,44.4,15,2,4,2,13.9,11.5,0,0,9
AIGAB29,Gabon,Embouchure de la Banio Marine Park - Buffer Zone,31.3,6,2,0,0,12.8,1.5,0,0,7
AIGAB3,Gabon,Mbanie Island Marine Park,45.6,14,3,4,2,17.1,6.5,0,0,7
AIGAB30,Gabon,Grand Sud du Gabon Aquatic Reserve,48.6,15,3,4,2,16.6,10.0,0,0,7
AIGAB31,Gabon,Abysse Bleu Aquatic Reserve,42.5,12,2,4,2,17.5,6.0,0,0,7
AIGAB4,Gabon,Mbanie Island Marine Park - Buffer Zone,35.2,10,3,0,0,11.7,1.5,0,0,7
AIGAB5,Gabon,Cap Esterias Aquatic Reserve,53.7,15,4,4,1,18.2,11.5,0,0,7
AIGAB6,Gabon,Caillou Aquatic Reserve,38.8,11,2,4,1,18.8,3.0,0,0,7
AIGAB7,Gabon,Pointe Denis Marine Park,41.8,16,2,4,2,13.3,11.5,0,0,7
AIGAB8,Gabon,Pointe Denis Marine Park - Buffer Zone,5.2,2,0,0,0,1.8,1.5,0,0,2
AIGAB9,Gabon,Cap Lopez Marine Park,38.3,10,1,4,2,17.3,4.0,0,0,7
AIGRC1,Greece,Greece EEZ,59.1,52,25,2,4,18.6,11.5,0,0,9
AIGRC10,Greece,Ζώνη Α1 Εθνικού Θαλάσσιου Πάρκου Βορείων Σποράδων Αλοννήσου (Zóni A1 Ethnikoú Thalássiou Párkou Voreíon Sporádon Alonnísou),24.6,6,1,0,3,7.6,0.0,0,0,7
AIGRC101,Greece,"Δέλτα Αχελώου, Λιμνοθάλασσα Μεσολογγίου - Αιτωλικού και Εκβολές Ευήνου, Νήσοι Εχινάδες, Νήσος Πεταλάς, Δυτικός Αράκυνθος και Στενά Κλεισούρας (Delta Acheloou, Limnothalassa Mesolongiou - Aitolikou Kai Ekvoles Evinou, Nisoi Echinades, Nisos Petalas, Dytikos Arakynthos Kai Stena Kleisouras)",43.6,10,4,0,3,15.6,2.0,0,0,9
AIGRC102,Greece,"Δέλτα Αχελώου, Λιμνοθάλασσα Μεσολογγίου - Αιτωλικού, Εκβολές Ευήνου, Νήσοι Εχινάδες, Νήσος Πεταλάς (Delta Acheloou, Limnothalassa Mesolongiou - Aitolikou, Ekvoles Evinou, Nisoi Echinades, Nisos Petalas)",37.1,5,2,0,3,16.1,2.0,0,0,7
AIGRC104,Greece,Όρος Βαράσοβα (Oros Varasova),37.1,5,2,0,3,16.1,2.0,0,0,7
AIGRC105,Greece,"Περιφερειακές περιοχές PP1, PP2, PP3, PP4, PP5, PP6, PP7 και Περιφερειακή ζώνη Εθνικού Πάρκου Μεσολογγίου (Perifereiakes Perioches PP1, PP2, PP3, PP4, PP5, PP6, PP7 Kai Perifereiaki Zoni Ethnikou Parkou Mesolongiou)",39.9,11,3,0,2,12.4,5.5,0,0,7
AIGRC106,Greece,"Ζώνες απόλυτης προστασίας AP1, AP2, AP3 και AP4 Εθνικού Πάρκου λιμνοθαλασσών Μεσολογγίου (Zones Apolytis Prostasias AP1, AP2, AP3 Kai AP4 Ethnikou Parkou Limnothalasson Mesolongiou)",28.0,13,1,0,3,5.0,6.0,0,0,7
AIGRC11,Greece,Ζώνη Α2 Εθνικού Θαλάσσιου Πάρκου Βορείων Σποράδων Αλοννήσου (Zóni A2 Ethnikoú Thalássiou Párkou Voreíon Sporádon Alonnísou),35.2,19,2,0,2,6.2,12.0,0,0,7
AIGRC111,Greece,Εθνικό Πάρκο Σχινιά Μαραθώνα (Ethniko Parko Schinia Marathona),44.6,12,5,0,2,15.6,4.0,0,0,7
AIGRC111_B,Greece,Ζώνη Α2 Εθνικού Πάρκου Σχινιά - Μαραθώνα (Zone A2 Ethnikou Parkou Schinia - Marathona),44.6,12,5,0,2,15.6,4.0,0,0,7
AIGRC111_C,Greece,Ζώνη Α3 Εθνικού Πάρκου Σχινιά - Μαραθώνα (Zone A3 Ethnikou Parkou Schinia - Marathona),47.6,16,8,0,2,18.6,4.0,0,0,7
AIGRC111_D,Greece,Ζώνη Α4 Εθνικού Πάρκου Σχινιά - Μαραθώνα (Zone A4 Ethnikou Parkou Schinia - Marathona),40.8,13,4,1,2,14.8,4.0,0,0,7
AIGRC111_E,Greece,Ζώνη Β1 Εθνικού Πάρκου Σχινιά - Μαραθώνα (Zone B1 Ethnikou Parkou Schinia - Marathona),43.4,14,5,0,4,14.4,4.0,0,0,7
AIGRC112,Greece,Εθνικό Πάρκο Σχινιά - Μαραθώνα (Ethniko Parko Schinia - Marathona),37.1,5,2,0,3,16.1,2.0,0,0,7
AIGRC113,Greece,Υγρότοπος Σχινιά (Ygrotopos Schinia),43.6,10,4,0,3,15.6,2.0,0,0,9
AIGRC114,Greece,Ζώνη Α1 Εθνικού Πάρκου Σχινιά - Μαραθώνα (Zone A1 Ethnikou Parkou Schinia - Marathona),44.3,13,5,0,2,15.3,4.0,0,0,7
AIGRC115,Greece,Ζώνη Α5 Εθνικού Πάρκου Σχινιά - Μαραθώνα (Zone A5 Ethnikou Parkou Schinia - Marathona),46.7,13,5,0,3,15.2,6.5,0,0,7
AIGRC116,Greece,Ζώνη Β3 Εθνικού Πάρκου Σχινιά - Μαραθώνα (Zone B3 Ethnikou Parkou Schinia - Marathona),41.8,10,4,0,2,15.8,4.0,0,0,7
AIGRC117,Greece,Εθνικό Θαλάσσιο Πάρκο Ζακύνθου (Zakynthos National Marine Park),26.1,5,1,0,2,9.1,0.0,0,0,7
AIGRC118,Greece,Ζώνη Ia Περιοχή Κόλπου Λαγανά - Εθνικού Θαλασσίου Πάρκου Ζακύνθου (Zone Ia Laganas Bay Area - Ethnikou Thalassiou Parkou Zakynthou),47.6,9,4,0,2,18.1,5.5,0,0,7
AIGRC119,Greece,Ζώνες Ia και Ib - Θαλάσσια Περιοχή Α (Zones Ia and Ib - Marine Area A),32.0,5,1,0,3,9.5,5.5,0,0,7
AIGRC12,Greece,Ζώνη Α3 Εθνικού Θαλάσσιου Πάρκου Βορείων Σποράδων Αλοννήσου (Zóni A3 Ethnikoú Thalássiou Párkou Voreíon Sporádon Alonnísou),36.2,22,2,0,2,5.7,13.5,0,0,7
AIGRC120,Greece,Ζώνες Ia και Ib - Θαλάσσια Περιοχή Β (Zones Ia and Ib - Marine Area B),30.5,5,1,0,3,9.5,4.0,0,0,7
AIGRC121,Greece,Ζώνες Ia και Ib - Θαλάσσια Περιοχή Γ (Zones Ia and Ib - Marine Area C),31.0,3,1,0,2,14.0,0.0,0,0,7
AIGRC122,Greece,Ζώνη Ib Νησιά Στροφάδες Θαλάσσια Περιοχή - Εθνικού Θαλασσίου Πάρκου Ζακύνθου (Zoni Ib Strofades Islands Marine Area - Ethnikou Thalassiou Parkou Zakynthou),32.0,5,1,0,2,10.5,4.5,0,0,7
AIGRC123,Greece,Ζώνη A2 και A3 - Εθνικού Θαλασσίου Πάρκου Ζακύνθου (Zoni A2 and A3 - Ethnikou Thalassiou Parkou Zakynthou),33.5,5,2,0,2,16.4,0.0,0,0,7
AIGRC125,Greece,Ζώνη P1 - Εθνικού Θαλασσίου Πάρκου Ζακύνθου (Zoni P1 - Ethnikou Thalassiou Parkou Zakynthou),26.8,5,1,0,4,9.8,0.0,0,0,7
AIGRC126,Greece,Ζώνη P2 - Εθνικού Θαλασσίου Πάρκου Ζακύνθου (Zoni P2 - Ethnikou Thalassiou Parkou Zakynthou),27.8,5,1,0,4,9.8,1.0,0,0,7
AIGRC127,Greece,Ζώνη P3 - Εθνικού Θαλασσίου Πάρκου Ζακύνθου (Zoni P3 - Ethnikou Thalassiou Parkou Zakynthou),29.0,6,1,0,4,9.0,1.0,0,0,9
AIGRC129,Greece,"Κόλπος Λαγανά Ζακύνθου (Ακρ. Γεράκι - Κερί) και Νησίδες Μαραθωνήσι και Πελούζο  
(Kolpos Lagana Zakynthou (Akr. Geraki - Keri) Kai Nisides Marathonsi Kai Pelouzo)",37.1,5,2,0,3,16.1,2.0,0,0,7
AIGRC13,Greece,Ζώνη Α4 Εθνικού Θαλάσσιου Πάρκου Βορείων Σποράδων Αλοννήσου (Zóni A4 Ethnikoú Thalássiou Párkou Voreíon Sporádon Alonnísou),40.4,24,3,1,2,7.4,11.0,0,0,7
AIGRC130,Greece,Περιφερειακή ζώνη του Εθνικού Θαλασσίου Πάρκου Ζακύνθου (Perifereiaki Zoni Tou Ethnikou Thalassiou Parkou Zakynthou),7.2,5,0,0,4,3.1,0.0,0,0,4
AIGRC131,Greece,"Προστατευόμενα τοπία F1, F1', F2 και F3 Εθνικού Θαλασσίου Πάρκου Ζακύνθου (Prostatevomena Topia F1, F1', F2 Kai F3 Ethnikou Thalassiou Parkou Zakynthou)",28.4,4,1,0,3,11.4,0.0,0,0,7
AIGRC132,Greece,Ζώνη Α1 Εθνικού Θαλασσίου Πάρκου Ζακύνθου (Zoni A1 Ethnikou Thalassiou Parkou Zakynthou),28.8,4,1,0,2,11.8,0.0,0,0,7
AIGRC133,Greece,Νησίδες Σταμφάνη και Αρπυία (Στροφάδες) (Nisides Stamfani Kai Arpyia (Strofades)),43.6,10,4,0,3,15.6,2.0,0,0,9
AIGRC134,Greece,Νήσοι Στροφάδες (Nisi Strofades),37.1,5,2,0,3,16.1,2.0,0,0,7
AIGRC135,Greece,Στροφάδες Δήμου Ζακύνθου (Strofades Dimou Zakynthion),34.3,6,2,0,3,14.3,3.0,0,0,7
AIGRC137,Greece,Άγιος Ευστράτιος και Παράκτια Θαλάσσια Ζώνη (Agios Efstratios Kai Paraktia Thalassia Zoni),40.2,4,2,0,2,19.2,2.0,0,0,7
AIGRC138,Greece,Νήσος Άγιος Ευστράτιος και Θαλάσσια Ζώνη (Nisos Agios Efstratios Kai Thalassia Zoni),44.9,9,4,0,2,16.9,2.0,0,0,9
AIGRC139,Greece,Αμμουδιά - Βαλανιδοράχη - Λούτσα Δήμου Φαναρίου (Ammoudia - Valanidorachi - Loutsa Dimou Fanariou),36.5,5,2,0,2,16.4,3.0,0,0,7
AIGRC14,Greece,Ζώνη Α5 Εθνικού Θαλάσσιου Πάρκου Βορείων Σποράδων Αλοννήσου (Zóni A5 Ethnikoú Thalássiou Párkou Voreíon Sporádon Alonnísou),50.5,21,7,0,2,13.5,12.0,0,0,7
AIGRC140,Greece,Ανατολική Κέα (Anatoliki Kea),40.2,4,2,0,2,19.2,2.0,0,0,7
AIGRC141,Greece,Άγιος Σερής-Καμπούρι (Κέας) (Agios Seris-Kampouri (Keas)),36.5,5,2,0,2,16.4,3.0,0,0,7
AIGRC142,Greece,Κάτω Μεριά (Κέας) (Kato Meria (Keas)),36.5,5,2,0,2,16.4,3.0,0,0,7
AIGRC143,Greece,Αγκίστρι Κοινότητα Αγκιστρίου (Agkistri Koinotita Agkistriou),36.5,5,2,0,2,16.4,3.0,0,0,7
AIGRC144,Greece,Αισθητικό Δάσος Όσσας (Aisthitiko Dasos Ossas),40.2,4,2,0,2,19.2,2.0,0,0,7
AIGRC145,Greece,Όρος Όσσα (Oros Ossa),44.9,9,4,0,2,16.9,2.0,0,0,9
AIGRC146,Greece,Ακροναυπλία και Παλαμίδι (Akronafplia Kai Palamidi),40.2,4,2,0,2,19.2,2.0,0,0,7
AIGRC147,Greece,Ακρωτήριο Πύργος - Όρμος Κυψάς - Μαλάμο (Akrotirio Pyrgos - Ormos Kypsas - Malamo),40.2,4,2,0,2,19.2,2.0,0,0,7
AIGRC148,Greece,Αλυκή (Αιγίου) (Alyki (Aigiou)),36.5,5,2,0,2,16.4,3.0,0,0,7
AIGRC149,Greece,Αλυκή Αιγίου (Alyki Aigiou),44.9,9,4,0,2,16.9,2.0,0,0,9
AIGRC15,Greece,Ζώνη Α6 Εθνικού Θαλάσσιου Πάρκου Βορείων Σποράδων Αλοννήσου (Zóni A6 Ethnikoú Thalássiou Párkou Voreíon Sporádon Alonnísou),48.6,18,5,0,2,11.6,12.0,0,0,7
AIGRC150,Greece,Αλυκή Λευκίμμης (Κέρκυρα) (Alyki Lefkimmis (Kerkyra)),44.9,9,4,0,2,16.9,2.0,0,0,9
AIGRC151,Greece,Ανάφη: Χερσόνησος Καλamos - Ρουκουνας (Anafi: Chersonisos Kalamos - Roukounas),40.2,4,2,0,2,19.2,2.0,0,0,7
AIGRC152,Greece,"Ανατολικό Τμήμα Αστυπάλαιας και Νήσοι Κουνουποί, Φτενό, Χονδροπούλο, Κουτσόμητης, Μονή, Αγία Κυριακή, Τηγάνι, Χόνδρι, Λίγνο, Φωκιανίσια, Κατσαγκρέλι, Ποντικονούσα, Οφιδούσα, Κτενιά και Θαλάσσια Περιοχή (Anatoliko Tmima Astypalaias Kai Nisides Kounopoi, Fteno, Chondropoulo, Koutsomytis, Moni, Agia Kyriaki, Tigani, Chondri, Ligno, Fokionisia, Katsagrelli, Pontikoussa, Ofidoussa, Ktenia Kai Thalassia Periochi)",44.9,9,4,0,2,16.9,2.0,0,0,9
AIGRC153,Greece,Ανατολικό Τμήμα νησιού Αστυπάλαιας και γύρωθεν νησίδες (Anatoliko Tmima Nisou Astypalaias Kai Gyrothen Nisides),36.5,5,2,0,2,16.4,3.0,0,0,7
AIGRC154,Greece,"Αστυπάλαια: Ανατολικό Τμήμα, Γύρω Νησίδες και Οφιδούσα και Θαλάσσια Ζώνη (Ακρ. Λάντρα - Ακρ. Βρύση) (Astypalaia: Anatoliko Tmima, Gyro Nisides Kai Ofidoussa Kai Thalassia Zoni (Akr. Lantra - Akr. Vrysi))",40.2,4,2,0,2,19.2,2.0,0,0,7
AIGRC155,Greece,Λιβάδι - Κουτέλα - Αθυμαδάρι - Εχέιλη νησιού Αστυπάλαιας (Livadi - Koutela - Athymadari - Echeili Nisou Astypalaias),36.5,5,2,0,2,16.4,3.0,0,0,7
AIGRC156,Greece,"Ανατολικό Τμήμα νησιού Σύμης και Νήσοι Κουλούντρος Σέσκλι, Τρούμπετο, Μαρμάρας, Καραβαλονήσι, Μεγαλονήσι, Γιαλησίνo, Οξέα, Χονδρός, Πλατύ, Νήμος και Θαλάσσια Περιοχή νησιού Σύμης (Anatoliko Tmima Nisou Symis Kai Nisides Kouloundros Seskli, Troumpeto, Marmaras, Karavalonisi, Megalonisi, Gialesino, Oxia, Chondros, Platy, Nimos Kai Thalassia Periochi Nisou Symis)",44.9,9,4,0,2,16.9,2.0,0,0,9
AIGRC157,Greece,Ερημονήσια Σέσκλι-Νήμος (Σύμης) (Erimonisia Seskli-Nimos (Symis)),36.5,5,2,0,2,16.4,3.0,0,0,7
AIGRC158,Greece,"Άνδρος: Κεντρικό και Νότιο Τμήμα, Γύρω Νησίδες και Παράκτια Θαλάσσια Ζώνη (Andros: Kentiko Kai Notio Tmima, Gyro Nisides Kai Paraktia Thalassia Zoni)",44.9,9,4,0,2,16.9,2.0,0,0,9
AIGRC159,Greece,Συνέτιο (Άνδρου) (Synetio (Androu)),36.5,5,2,0,2,16.4,3.0,0,0,7
AIGRC16,Greece,Ζώνη Α7 Εθνικού Θαλάσσιου Πάρκου Βορείων Σποράδων Αλοννήσου (Zóni A7 Ethnikoú Thalássiou Párkou Voreíon Sporádon Alonnísou),40.4,19,3,0,2,7.9,10.5,0,0,7
AIGRC160,Greece,Στενό-Κορθίου (Άνδρου) (Steno-Korthiou (Androu)),36.5,5,2,0,2,16.4,3.0,0,0,7
AIGRC161,Greece,Στενιές-Μ. Αγίου Νικολάου (Stenies-M. Agiou Nikolaou),36.5,5,2,0,2,16.4,3.0,0,0,7
AIGRC162,Greece,Θαλάσσια Ζώνη Άνδρου (Thalassia Zoni Androu),40.2,4,2,0,2,19.2,2.0,0,0,7
AIGRC163,Greece,Άνδρος: Όρμος Βιτάλι και Κεντρικός Ορεινός Όγκος (Andros: Ormos Vitali Kai Kentricos Oreinos Ogkos),40.2,4,2,0,2,19.2,2.0,0,0,7
AIGRC164,Greece,Αντικύθηρα - Πρασονήσι και Λαγούβαρδος (Antikythera - Prasonisi Kai Lagouvardos),40.2,4,2,0,2,19.2,2.0,0,0,7
AIGRC165,Greece,"Νήσος Αντικύθηρα και Νήσοι Πρασονήσι, Λαγούβαρδος, Πλακουλίθρα και Νήσοι Θυμονιές (Nisos Antikythera Kai Nisoi Prasonisi, Lagouvardos, Plakoulithra Kai Nisides Thymonies)",44.9,9,4,0,2,16.9,2.0,0,0,9
AIGRC166,Greece,Ανεμομύλοι-Ψάθη-Κάλυμνος-Προφήτης Ηλίας (Ιού) (Anemomyloi-Psathi-Kalamos-Profitis Ilias (Iou)),36.5,5,2,0,2,16.4,3.0,0,0,7
AIGRC168,Greece,"Δυτική Μήλος, Αντίμηλος, Πολυαίγος και Νήσοι (Dytiki Milos, Antimilos, Polyaigos Kai Nisides)",44.9,9,4,0,2,16.9,2.0,0,0,9
AIGRC169,Greece,Νήσος Αντίμηλος - Θαλάσσια Παράκτια Ζώνη (Nisos Antimilos - Thalassia Paraktia Zoni),40.2,4,2,0,2,19.2,2.0,0,0,7
AIGRC17,Greece,Ζώνη Α8: Περιοχή Ειδικών Ρυθμίσεων Εθνικού Θαλασσίου Πάρκου Αλοννήσου Βορείων Σποράδω (Zóni A8: Periochí Eidikón Rythmíseon Ethnikoú Thalassíou Párkou Alonnísou Voreíon Sporádon),29.8,14,2,0,2,6.7,6.0,0,0,7
AIGRC170,Greece,Αποσελέμη Δήμου Χερσονήσου (Aposelemi Dimou Chersonisou),36.5,5,2,0,2,16.4,3.0,0,0,7
AIGRC171,Greece,Αργυρό-Προφήτης Ηλίας-Παναγία (Argyro-Profitis Ilias-Panagia),36.5,5,2,0,2,16.4,3.0,0,0,7
AIGRC172,Greece,"Άρκοί, Λειψοί, Αγιονήσι και Βραχονησίδες (Arki, Leipsoi, Agathonisi Kai Vrachonisides)",40.2,4,2,0,2,19.2,2.0,0,0,7
AIGRC173,Greece,Ασφεντού - Καλλικράτης και Παράκτια Ζώνη (Asfendou - Kallikraties Kai Paraktia Zoni),40.2,4,2,0,2,19.2,2.0,0,0,7
AIGRC174,Greece,Αστερούσια Όρη (Κόφινας) (Asterousia Ori (Kofinas)),44.9,9,4,0,2,16.9,2.0,0,0,9
AIGRC175,Greece,Αστερούσια (Κόφινας) (Asterousia (Kofinas)),40.2,4,2,0,2,19.2,2.0,0,0,7
AIGRC176,Greece,Αστερούσια Δήμων Αστερουσίων και Κοφίνου (Asterousia Dimon Asterousion Kai Kofina),36.5,5,2,0,2,16.4,3.0,0,0,7
AIGRC177,Greece,Δυτικά Αστερούσια - Αγιοφάραγγο του Δήμου Μοιρών (Dytika Asterousia - Agiofarango Tou Dimou Moiron),36.5,5,2,0,2,16.4,3.0,0,0,7
AIGRC178,Greece,Δυτικά Αστερούσια (Από Αγιοφάραγγο έως Κόκκινο Πύργο) (Dytika Asterousia (Apo Agiofarango Eos Kokkino Pyrgo)),40.2,4,2,0,2,19.2,2.0,0,0,7
AIGRC179,Greece,Αταλαντονήσι (Αταλάντης) (Atalantonisi Atalantis),29.8,7,2,0,2,10.8,0.0,0,0,9
AIGRC18,Greece,Ζώνη Α9: Περιοχή Ειδικών Ρυθμίσεων Εθνικού Θαλασσίου Πάρκου Αλοννήσου Βορείων Σποράδω (Zóni A9: Periochí Eidikón Rythmíseon Ethnikoú Thalassíou Párkou Alonnísou Voreíon Sporádon),29.8,17,2,0,3,5.8,7.0,0,0,7
AIGRC180,Greece,Λιμνοθάλασσα Αγίου Μάμα (Limnothalassa Agiou Mama),44.9,9,4,0,2,16.9,2.0,0,0,9
AIGRC181,Greece,Βάρα Αγίου Μάμα στη θέση Λορίδα Δήμου Νέων Μουδανιών (Bara Agiou Mama sti Thesi Lorida Dimou Neon Moudanion),36.5,5,2,0,2,16.4,3.0,0,0,7
AIGRC182,Greece,Όρος Στρατονίκων - Κορυφή Σκάλμη (Oros Stratonikon - Koryfi Skamni),40.2,4,2,0,2,19.2,2.0,0,0,7
AIGRC183,Greece,Βροστόμνητσα (Στρατονίκης) (Brostomnitsa (Stratonikis)),36.5,5,2,0,2,16.4,3.0,0,0,7
AIGRC185,Greece,Χερσόνησος Άθως (Chersonisos Athos),40.2,4,2,0,2,19.2,2.0,0,0,7
AIGRC187,Greece,Θαλάσσια Ζώνη Ανατολικά και Νότια Χερσονήσου Άθωνα (Thalassia Zoni Anatolika Kai Notia Chersonisou Athona),44.9,9,4,0,2,16.9,2.0,0,0,9
AIGRC188,Greece,Θαλάσσια Ζώνη Χερσονήσου Άθωνα (Thalassia Zoni Chersonisou Athona),40.2,4,2,0,2,19.2,2.0,0,0,7
AIGRC189,Greece,"Χερσόνησος Γραμβούσσας και Νήσοι Ήμερη και Άγρια Γραμβούσσα, Ποντικονήσι και Θαλάσσια Ζώνη (Chersonisos Gramvoussas Kai Nisides Imeri Kai Agria Gramvoussa, Pontikonisi Kai Thalassia Zoni)",44.9,9,4,0,2,16.9,2.0,0,0,9
AIGRC19,Greece,Ζώνη Ειδικών Ρυθμίσεων Β1 Εθνικού Θαλασσίου Πάρκου Αλοννήσου Βορείων Σποράδων  (Zóni Eidikón Rythmíseon B1 Ethnikoú Thalassíou Párkou Alonnísou Voreíon Sporádon),51.9,12,5,0,2,17.4,7.5,0,0,9
AIGRC190,Greece,Χερσόνησος Ρόδου - Παραλία Μάλεμε - Κόλπος Χανίων (Chersonisos Rodopou - Paralia Maleme - Kolpos Chanion),40.2,4,2,0,2,19.2,2.0,0,0,7
AIGRC191,Greece,Χερσόνησος Ρόδου (Chersonisos Rodopou),44.9,9,4,0,2,16.9,2.0,0,0,9
AIGRC192,Greece,Βόρειο Τμήμα Χερσονήσου Ρόδου Δήμου Κολυμβαρίου (Voreio Tmima Chersonisou Rodopou Dimou Kolymvariou),36.5,5,2,0,2,16.4,3.0,0,0,7
AIGRC193,Greece,Νήσιδα Άγιοι Θεόδωροι (Nisida Agioi Theodoroi),44.9,9,4,0,2,16.9,2.0,0,0,9
AIGRC195,Greece,Δάση Αμυγδαλεώνα Καβάλας (Dasi Amygdaleona Kavalas),28.8,8,1,0,2,6.3,5.5,0,0,7
AIGRC196,Greece,Δάση νησιού Σκιάθου Μαγνησίας (Dasi Nisou Skiathou Magnisias),28.8,8,1,0,2,6.3,5.5,0,0,7
AIGRC197,Greece,Δέλτα Πηνειού (Delta Pineiou),44.9,9,4,0,2,16.9,2.0,0,0,9
AIGRC198,Greece,Δέλτα Πηνειού (Στομίου) (Delta Pineiou (Stomiou)),36.5,5,2,0,2,16.4,3.0,0,0,7
AIGRC199,Greece,Θαλάσσια Περιοχή Διαπόντιων Νήσων (Thalassia Periochi Diapontion Nison),40.2,4,2,0,2,19.2,2.0,0,0,7
AIGRC2,Greece,Greece Territorial Waters,58.8,53,25,2,4,18.3,11.5,0,0,9
AIGRC20,Greece,Ζώνη Ειδικών Ρυθμίσεων Β2 Εθνικού Θαλασσίου Πάρκου Αλοννήσου Βορείων Σποράδων  (Zóni Eidikón Rythmíseon B2 Ethnikoú Thalassíou Párkou Alonnísou Voreíon Sporádon),45.0,8,3,0,2,16.0,5.0,0,0,9
AIGRC200,Greece,"Διαπόντια Νήσια (Οθωνοί, Ερεικούσα, Μαθράκι και Βραχονησίδες) (Diapontia Nisia (Othoni, Ereikousa, Mathraki Kai Vrachonisides))",44.9,9,4,0,2,16.9,2.0,0,0,9
AIGRC202,Greece,Νήσος Δία (Nisos Dia),44.9,9,4,0,2,16.9,2.0,0,0,9
AIGRC203,Greece,Δυτικές Ακτές Κεφαλονιάς - Στενό Κεφαλονιάς Ιθάκης - Βόρεια Ιθάκη (Ακρωτήρια Γερό Γκόμπος - Δράκου Πήδημα - Κέντρο - Αγ. Ιωάννης) (Dytikes Aktes Kefalonias - Steno Kefalonias Ithakis - Voreia Ithaki (Akrotiria Gero Gkompos - Drakou Pidima - Kentri - Ag. Ioannis)),40.2,4,2,0,2,19.2,2.0,0,0,7
AIGRC204,Greece,Δυτικές και Βορειοανατολικές Ακτές Ζακύνθου (Dytikes Kai Voreioanatolikes Aktes Zakynthou),44.9,9,4,0,2,16.9,2.0,0,0,9
AIGRC205,Greece,"Ρόδος: Ακραμύτης, Αρμενιστής, Ατταβύρος, Ρέματα και Θαλάσσια Ζώνη (Καραβόλα-Όρμος Γλύφαδα) (Rodos: Akramytis, Armenistis, Attavyros, Remata Kai Thalassia Zoni (Karavola-Ormos Glyfada))",40.2,4,2,0,2,19.2,2.0,0,0,7
AIGRC206,Greece,"Δυτική Ρόδος: Όρη Ατταβύρου & Ακραμύτης, Τεχνητή Λίμνη Απολλακίας και Νήσοι Γεωργίου, Στρογγύλη, Χτενιές & Καραβόλα (Dytiki Rodos: Ori Attavyros & Akramytis, Techniti Limni Apolakkias Kai Nisides Georgiou, Strongyli, Chtenies & Karavolas)",44.9,9,4,0,2,16.9,2.0,0,0,9
AIGRC207,Greece,Εκβολές (Δέλτα) Πηνειού (Ekvoles (Delta) Pineiou),40.2,4,2,0,2,19.2,2.0,0,0,7
AIGRC208,Greece,"Εκβολές Ευρώτα, Περιοχή Βροντάμα και Θαλάσσια Περιοχή Λακωνικού Κόλπου (Ekvoles Evrota, Periochi Vrontama Kai Thalassia Periochi Lakonikou Kolpou)",40.2,4,2,0,2,19.2,2.0,0,0,7
AIGRC209,Greece,Υγρότοποι Εκβολών Ευρώτα (Ygrotopoi Ekvolon Evrota),44.9,9,4,0,2,16.9,2.0,0,0,9
AIGRC21,Greece,Ζώνη Ειδικών Ρυθμίσεων Β3 Εθνικού Θαλασσίου Πάρκου Αλοννήσου Βορείων Σποράδων  (Zóni Eidikón Rythmíseon B3 Ethnikoú Thalassíou Párkou Alonnísou Voreíon Sporádon),43.0,8,3,0,2,15.5,3.5,0,0,9
AIGRC210,Greece,Εκβολές Ποταμού Στρυμόνα (Ekvoles Potamou Strymona),44.9,9,4,0,2,16.9,2.0,0,0,9
AIGRC211,Greece,Τσουράκι-Γέφυρα (Αμφίπολη) (Tsouraki-Gefyra (Amfipolis)),36.5,5,2,0,2,16.4,3.0,0,0,7
AIGRC212,Greece,Εκβολές Στρυμόνα Δήμος Ορφανού (Ekvoles Strymona Dimos Orfanou),36.5,5,2,0,2,16.4,3.0,0,0,7
AIGRC213,Greece,Κοιλάδα και Εκβολές Σπερχειού – Μαλιακός Κόλπος – Μεσοχώρι Σπερχειού (Koilada Kai Ekvoles Sperchiou – Mialiakos Kolpos – Mesochori Sperchiou),40.2,4,2,0,2,19.2,2.0,0,0,7
AIGRC214,Greece,Κάτω Ρούς και Εκβολές Σπερχειού Ποταμού (Kato Rous Kai Ekvoles Sperchiou Potamou),44.9,9,4,0,2,16.9,2.0,0,0,9
AIGRC215,Greece,Εκβολές Σπερχειού-Ανθλίλη-Ροδίτσα (Ekvoles Sperchiou-Anthlili-Roditsa),36.5,5,2,0,2,16.4,3.0,0,0,7
AIGRC216,Greece,Εκβολή Γεροποτάμου Μεσαράς (Ekvoli Geropotamou Mesaras),44.9,9,4,0,2,16.9,2.0,0,0,9
AIGRC217,Greece,Ελί Νέας Φώκαιας - Δημοτικά Διαμερίσματα Νέας Φώκαιας και Ποτίδαιας Δήμου Παλλήνης Κασσάνδρας (Eli Neas Fokaias - Dimotika Diamerismata Neas Fokaias Kai Potidaias Dimou Pallinis Kassandras),36.5,5,2,0,2,16.4,3.0,0,0,7
AIGRC218,Greece,Υγρότοποι Νέας Φώκαιας (Ygrotopoi Neas Fokaias),44.9,9,4,0,2,16.9,2.0,0,0,9
AIGRC219,Greece,Έλος Σουρπής Δήμων Αλμυρού και Σουρπής (Elos Sourpis Dimon Almyrou Kai Sourpis),36.5,5,2,0,2,16.4,3.0,0,0,7
AIGRC22,Greece,Ζώνη Ειδικών Ρυθμίσεων Β4 Εθνικού Θαλασσίου Πάρκου Αλοννήσου Βορείων Σποράδων  (Zóni Eidikón Rythmíseon B4 Ethnikoú Thalassíou Párkou Alonnísou Voreíon Sporádon),48.9,9,3,0,2,14.4,10.5,0,0,9
AIGRC220,Greece,Ενοποίηση Κεφάλου-Καμήλα και Λιμνιώνα-Σφακιά (Κεφάλου Κό) (Enopoiisi Kefalos-Kamila and Limniona-Sfakia (Kefalou Ko)),36.5,5,2,0,2,16.4,3.0,0,0,7
AIGRC221,Greece,"Εσωτερικό Αρχιπέλαγος Ιονίου (Μεγανήσι, Αρκούδι, Ατόκος, Βρωμονήσι) (Esoteriko Archipelago Ioniou (Meganisi, Arkoudi, Atokos, Vromonis))",40.2,4,2,0,2,19.2,2.0,0,0,7
AIGRC222,Greece,"Λίμνες Κορωνείας - Βόλβης, Στενά Ρεντίνης και Ευρύτερη Περιοχή (Limnes Koroneias - Volvis, Stena Rentinas Kai Evryteri Periochi)",44.9,9,4,0,2,16.9,2.0,0,0,9
AIGRC223,Greece,Στενά Ρεντίνης – Ευρύτερη Περιοχή Σπήλαιο Δρακότρυπα - Σπήλαιο Λάκκια και Ρέμα Νερομάνα (Stena Rentinas – Evryteri Periochi Spilaio Drakotrypa - Spilaio Lakkia Kai Rema Neromana),40.2,4,2,0,2,19.2,2.0,0,0,7
AIGRC224,Greece,Εθνικό Πάρκο Υγροτόπων των Λιμνών Κορωνείας - Βόλβης και των Μακεδονικών Τόπων (Ethniko Parko Ygrotopon Ton Limnon Koroneias - Volvis Kai Ton Makedonikon Tempon),8.3,8,0,0,1,2.8,1.5,0,0,4
AIGRC225,Greece,"Μαδύτου, Απολλωνίας, Λίμνης Βόλβης, Εκβολές Ρυχείου Ποταμού Δήμων Απολλωνίας, Αγίου Γεωργίου και Ρεντίνης (Madytou, Apollonias, Limnis Volvis, Ekvoles Rycheiou Potamou Dimon Apollonias, Agiou Georgiou Kai Rentinas)",36.5,5,2,0,2,16.4,3.0,0,0,7
AIGRC226,Greece,Ζώνη A2 (Μακεδονικά Τέμπη) Εθνικού Πάρκου Υγροτόπων των Λιμνών Κορωνείας - Βόλβης και των Μακεδονικών Τόπων (Zoni A2 (Makedonika Tempi) Ethnikou Parkou Ygrotopon Ton Limnon Koroneias - Volvis Kai Ton Makedonikon Tempon),32.0,7,2,0,1,13.5,1.5,0,0,7
AIGRC227,Greece,Λευκά Όρη και Παράκτια Ζώνη (Lefka Ori Kai Paraktia Zoni),40.2,4,2,0,2,19.2,2.0,0,0,7
AIGRC228,Greece,Εθνικός Δρυμός Σαμαριάς - Φαράγγι Τρυπίτης - Ψιλαφί - Κουστογεράκο (Ethnikos Drymos Samarias - Farangi Trypitis - Psilafi - Koustogerako),44.9,9,4,0,2,16.9,2.0,0,0,9
AIGRC229,Greece,Λευκά Όρη Ανατολικού Σελίνου και Σφακίων (Lefka Ori Anatolikou Selinou Kai Sfakion),36.5,5,2,0,2,16.4,3.0,0,0,7
AIGRC231,Greece,Φάρος Ακρωτηρίου-Οίας (Θήρας Θέση Καλντέρας) (Faros Akrotiriou-Oias (Thiras Thesi Kalnteras)),36.5,5,2,0,2,16.4,3.0,0,0,7
AIGRC232,Greece,Σαμοθράκη: Όρος Φεγγάρι και Παράκτια Ζώνη (Samothraki: Oros Fengari Kai Paraktia Zoni),44.9,9,4,0,2,16.9,2.0,0,0,9
AIGRC233,Greece,"Φεγγάρι Σαμοθράκης, Ανατολικές Ακτές, Βραχονησίδα Ζουράφα και Θαλάσσια Ζώνη (Fengari Samothrakis, Anatolikes Aktes, Vrachonisida Zourafa Kai Thalassia Zoni)",40.2,4,2,0,2,19.2,2.0,0,0,7
AIGRC234,Greece,Αλονουδιά Δήμου Σαμοθράκης (Alonoudia Dimou Samothrakis),36.5,5,2,0,2,16.4,3.0,0,0,7
AIGRC235,Greece,Κατσαμπάς Δήμου Σαμοθράκης (Katsampas Dimou Samothrakis),36.5,5,2,0,2,16.4,3.0,0,0,7
AIGRC236,Greece,"Βορειοανατολικό Άκρο Κρήτης: Διονυσάδες, Ελάσα και Χερσόνησος Σιδέρο (Άκρα Μαυρομουρί - Βάι - Άκρα Πλάκας) και Θαλάσσια Ζώνη (Voreioanatoliko Akro Kritis: Dionysades, Elasa Kai Chersonisos Sidero (Akra Mavro Mouri - Vai - Akra Plakas) Kai Thalassia Zoni)",40.2,4,2,0,2,19.2,2.0,0,0,7
AIGRC237,Greece,Διονυσάδες Νήσοι και Θαλάσσια Ζώνη (Dionysades Nisoi Kai Thalassia Zoni),44.9,9,4,0,2,16.9,2.0,0,0,9
AIGRC238,Greece,Βορειοανατολικό Άκρο Κρήτης (Voreioanatoliko Akro Kritis),44.9,9,4,0,2,16.9,2.0,0,0,9
AIGRC239,Greece,Διονυσάδες Νήσοι Δήμου Σητείας (Dionysades Nisoi Dimou Siteias),36.5,5,2,0,2,16.4,3.0,0,0,7
AIGRC24,Greece,Εθνικό Πάρκο Υγροτόπων Αμβρακικού (Ethnikó Párko Ygrotópon Amvrakikoú),39.1,11,3,0,2,11.1,6.0,0,0,7
AIGRC240,Greece,Φοινικόδασος Βάι Λασιθίου (Foinikodasos Vai Lasithiou),28.8,8,1,0,2,6.3,5.5,0,0,7
AIGRC241,Greece,Βάι Δήμου Ιτάνου (Vai Dimou Itanou),36.5,5,2,0,2,16.4,3.0,0,0,7
AIGRC242,Greece,Φολέγανδρος Ανατολική μέχρι Δυτική Σίκινο και Θαλάσσια Ζώνη (Folegandros Anatoliki Mechri Dytiki Sikino Kai Thalassia Zoni),44.9,9,4,0,2,16.9,2.0,0,0,9
AIGRC243,Greece,Ραχιδιά Τρύπουλες (Φολέγανδρος)(Rachidia Trypoules (Folegandrou)),36.5,5,2,0,2,16.4,3.0,0,0,7
AIGRC244,Greece,Γουρνάδο-Φυλακότη (Τριοβάσαλο-Μήλος) (Gournado-Fylakoti (Triovasalou-Milou)),36.5,5,2,0,2,16.4,3.0,0,0,7
AIGRC245,Greece,Ικαρία - Φούρνοι και Παράκτια Ζώνη (Ikaria - Fournoi Kai Paraktia Zoni),40.2,4,2,0,2,19.2,2.0,0,0,7
AIGRC246,Greece,Νήσος Ικαρία (Νοτιοδυτικό Τμήμα) (Nisos Ikaria (Notiodytiko Tmima)),44.9,9,4,0,2,16.9,2.0,0,0,9
AIGRC247,Greece,"Νήσος Φούρνοι και Νήσοι Θυμαίνα, Αλατόνησι, Θυμανάκι, Στρογγύλο, Πλάκα, Μακρονήσι, Μικρός και Μέγας Ανθρωποφάγος, Άγιος Μηνάς και Θαλάσσια Περιοχή (Nisos Fournoi Kai Nisides Thymaina Alatonisi, Thymanaki, Strongylo, Plaka, Makronisi, Mikros Kai Megalos Anthropofagos, Agios Minas Kai Thalassia Periochi)",44.9,9,4,0,2,16.9,2.0,0,0,9
AIGRC248,Greece,"Ήμερη και Άγρια Γραμβούσσα - Τηγάνι και Φαλάσαρνα - Ποντικονήσι, Όρμος Λιβάδι - Βίγλια (Imeri Kai Agria Gramvoussa - Tigani Kai Falasarna - Pontikonisi, Ormos Livadi - Viglia)",40.2,4,2,0,2,19.2,2.0,0,0,7
AIGRC249,Greece,Καλλιράχη-Μαρίες (Kallirachi-Maries),36.5,5,2,0,2,16.4,3.0,0,0,7
AIGRC25,Greece,Εθνικό Πάρκο Υγροτόπων Αμβρακικού - Περιοχή προστασίας της φύσης (Ζώνη Α) (Ethniko Parko Ygrotopon Amvrakikou - Periochi prostasias tis fysis (Zoni A)),37.9,13,4,0,5,12.9,3.0,0,0,7
AIGRC250,Greece,Κεντρική Κάρπαθος: Καλή Λίμνη - Λάστος - Κυρά Παναγία και Παράκτια Θαλάσσια Ζώνη (Kentriki Karpathos: Kali Limni - Lastos - Kyra Panagia Kai Paraktia Thalassia Zoni),40.2,4,2,0,2,19.2,2.0,0,0,7
AIGRC251,Greece,Καμηνάκια-Άγιος Επιφάνειος-Μακρυγιάλος (Μεσοχώριου Καρπάθου) (Kaminakia-Agios Epifaneios-Makrygialos (Mesochoriou Karpathou)),36.5,5,2,0,2,16.4,3.0,0,0,7
AIGRC252,Greece,Άσπρη Πέτρα-Πούα-Χάι (Σπούν Καρπάθου) (Aspri Petra-Poua-Chai (Spoon Karpathou)),36.5,5,2,0,2,16.4,3.0,0,0,7
AIGRC253,Greece,Κανάλι Μακρονήσου (Kanali Makronisou),44.9,9,4,0,2,16.9,2.0,0,0,9
AIGRC254,Greece,Παράκτια και Θαλάσσια Ζώνη Μακρονήσου (Paraktia Kai Thalassia Zoni Makronisou),40.2,4,2,0,2,19.2,2.0,0,0,7
AIGRC255,Greece,Μαμαρόξερα (Μακρονήσου) (Marmaroxera (Makronisou)),36.5,5,2,0,2,16.4,3.0,0,0,7
AIGRC256,Greece,Κάρλα - Μαυρόβουνι - Κεφαλόβρυσο Βελεστινού - Νεοχώρι (Karla - Mavrovouni - Kefalovryso Velestinou - Neochori),40.2,4,2,0,2,19.2,2.0,0,0,7
AIGRC257,Greece,Όρος Μαυρόβουνι (Oros Mavrovouni),44.9,9,4,0,2,16.9,2.0,0,0,9
AIGRC258,Greece,Κάσος και Κασονήσια - Ευρύτερη Θαλάσσια Περιοχή (Kasos Kai Kasonisia - Evryteri Thalassia Periochi),40.2,4,2,0,2,19.2,2.0,0,0,7
AIGRC259,Greece,Νήσος Κάσος και Συμπλέγμα Κασονήσιων (Nisos Kasos Kai Symplegma Kasonision),44.9,9,4,0,2,16.9,2.0,0,0,9
AIGRC26,Greece,Εθνικό Πάρκο Υγροτόπων Αμβρακικού (Ζώνη Β: Περιοχή Ειδικών Ρυθμίσεων) (Ethnikó Párko Ygrotópon Amvrakikoú (Zóni B: Periochí Eidikón Rythmíseon)),36.2,17,4,0,4,10.2,4.0,0,0,7
AIGRC260,Greece,"Νήσοι Αρμάθια και Μακρονήσι της Κάσου, Αντίτηλος και Γαϊδάρος της Τήλου (Nisides Armathia Kai Makronisi Tis Kasou, Antitilos Kai Gaidaros Tis Tilou)",36.5,5,2,0,2,16.4,3.0,0,0,7
AIGRC261,Greece,Κασσάνδρεια-Φούρκα (Kassandreia-Fourka),36.5,5,2,0,2,16.4,3.0,0,0,7
AIGRC262,Greece,Καστέλλο-Μακρύς Γιαλός (Μενέτων Καρπάθου) (Kastello-Makrys Gyalos (Meneton Karpathou)),36.5,5,2,0,2,16.4,3.0,0,0,7
AIGRC263,Greece,Καστελλόριζο και Νήσοι Ρό και Στρογγύλη και Παράκτια Θαλάσσια Ζώνη (Kastellorizo Kai Nisides Ro Kai Strongyli Kai Paraktia Thalassia Zoni),40.2,4,2,0,2,19.2,2.0,0,0,7
AIGRC264,Greece,"Νήσοι Χονδρός, Μαρμάρας, Γιαλησίνος και Κουλούνδρος της Σύμης.... κλπ. (Nisides Chondros, Marmaras, Gialesinos Kai Kouloundros Tis Symis.... Klp.)",36.5,5,2,0,2,16.4,3.0,0,0,7
AIGRC265,Greece,Κάστρο Σίφνου (Kastro Sifnou),36.5,5,2,0,2,16.4,3.0,0,0,7
AIGRC266,Greece,"Κάτω Κοργωνά Δήμων Διαμερισμάτων Δαιμονίας, Παπαδιανίκου Δήμου Ασωπού (Kato Korogona Dimotikon Diamerismaton Daimonias, Papadianikou Dimou Asopou)",36.5,5,2,0,2,16.4,3.0,0,0,7
AIGRC267,Greece,"Κεφαλονιά: Αίνoς, Αγία Δυνατή και Καλόν Όρος (Kefalonia: Ainos, Agia Dynati Kai Kalon Oros)",44.9,9,4,0,2,16.9,2.0,0,0,9
AIGRC268,Greece,Νότια Σέριφος (Notia Serifos),40.2,4,2,0,2,19.2,2.0,0,0,7
AIGRC269,Greece,"Σέριφος: Παράκτια Ζώνη και Νήσοι Σερίφοπούλα, Πιπέρι και Βούς (Serifos: Paraktia Zoni Kai Nisides Serifopoula, Piperi Kai Vous)",44.9,9,4,0,2,16.9,2.0,0,0,9
AIGRC27,Greece,"(Αμβρακικός Κόλπος, Δέλτα Λούρου και Αράχθου (Πέτρα, Μύτικας, Ευρύτερη Περιοχή, Κάτω Πούς Αράχθου, Κάμποι Φιλιππιάδας)) (Amvrakikos Kolpos, Delta Lourou Kai Arachthou (Petra, Mytikas, Evryteri Periochi, Kato Pous Arachthou, Kampi Filippiadas))",55.8,19,11,0,3,21.8,5.0,0,0,9
AIGRC270,Greece,Κεντάρχος-Γαλήνη (Σέριφος) (Kentarchos-Galini (Serifos)),36.5,5,2,0,2,16.4,3.0,0,0,7
AIGRC271,Greece,Κεντρική και Νότια Νάξος: Ζας και Βίγλα έως Μαυρόβουνι και Θαλάσσια Ζώνη (Όρμος Καράδες - Όρμος Μουτσούνας) (Kentriki Kai Notia Naxos: Zas Kai Vigla Eos Mavrovouni Kai Thalassia Zoni (Ormos Karades - Ormos Moutsounas)),40.2,4,2,0,2,19.2,2.0,0,0,7
AIGRC272,Greece,"Νάξος: Όρη Αναθεματίστρα, Κορωνός, Μαυρόβουνι, Ζας, Βιγλατούρι (Naxos: Ori Anathematistra, Koronos, Mavrovouni, Zas, Viglatouri)",44.9,9,4,0,2,16.9,2.0,0,0,9
AIGRC273,Greece,Αλυκή Δήμου Νάξου (Alyki Dimou Naxou),36.5,5,2,0,2,16.4,3.0,0,0,7
AIGRC274,Greece,Αλύκο Δήμου Νάξου (Alyko Dimou Naxou),36.5,5,2,0,2,16.4,3.0,0,0,7
AIGRC275,Greece,Κόκκινη (Λαρυμνάς) (Kokkini (Larymnas)),36.5,5,2,0,2,16.4,3.0,0,0,7
AIGRC276,Greece,Κόλπος Παλαιού - Όρμος Ελευθέρων (Kolpos Palaioy - Ormos Eleftheron),40.2,4,2,0,2,19.2,2.0,0,0,7
AIGRC277,Greece,Θαλάσσια Περιοχή Καβάλας - Θάσου (Thalassia Periochi Kavalas - Thasou),44.9,9,4,0,2,16.9,2.0,0,0,9
AIGRC278,Greece,"Θάσος (Όρος Υψάριο και Παράκτια Ζώνη) και Νήσοι Κοινύρα, Ξηρονήσι  (Thasos (Oros Ypsario Kai Paraktia Zoni) Kai Nisides Koinyra, Xironisi)",44.9,9,4,0,2,16.9,2.0,0,0,9
AIGRC279,Greece,Κολύμπιον Δήμου Αφαντού Νήσου Ρόδου (Kolympion Dimou Afantou Nisou Rodou),36.5,5,2,0,2,16.4,3.0,0,0,7
AIGRC28,Greece,"Αμβρακικός Κόλπος, Λιμνοθάλασσα Καταφούρκο Και Κορακονησιά (Amvrakikós Kólpos, Limnothálassa Katafoúrko Kai Korakonisiá)",44.1,9,3,0,3,14.6,3.5,0,0,9
AIGRC280,Greece,Κολύμπος-Ζαγανιάρη (Παλαιόπολις) (Kolympos-Zaganiari (Palaiopolis)),36.5,5,2,0,2,16.4,3.0,0,0,7
AIGRC281,Greece,Κορησσία Νήσου Κέας (Korrisia Nisou Kea),36.5,5,2,0,2,16.4,3.0,0,0,7
AIGRC282,Greece,"Κως: Ακρωτήριο Λουρός - Λίμνη Ψαλίδι - Όρος Δίκαιος - Αλυκή - Παράκτια Θαλάσσια Ζώνη
(Kos: Akrotirio Louros - Limni Psalidi - Oros Dikaios - Alyki - Paraktia Thalassia Zoni)",40.2,4,2,0,2,19.2,2.0,0,0,7
AIGRC283,Greece,Κως: Λίμνη Ψαλίδι - Αλυκή (Kos: Limni Psalidi - Alyki),44.9,9,4,0,2,16.9,2.0,0,0,9
AIGRC284,Greece,Άγιος Φωκάς - Ψαλίδι - Καστέλο - Ηρακλής Νήσου Κω (Agios Fokas - Psalidi - Kastelo - Iraklis Nisou Ko),36.5,5,2,0,2,16.4,3.0,0,0,7
AIGRC286,Greece,Υγρότοπος και Ακτή Ψαλιδιού Δήμου Κω - Ζώνη PPF2 (Ygrotopos Kai Akti Psalidiou Dimou Ko - Zoni PPF2),29.9,6,1,0,1,9.9,3.0,0,0,7
AIGRC287,Greece,Υγροβιότοπος Αλυκής περιοχής Βλυχάδας Αλυκής Δήμου Δικαίου Νήσου Κω - Από Κοινοτήτων Πυλίου και Ασφενδιού Νήσου Κω  (Ygroviiotopos Alykis Periochis Vlychadas Alykis Dimou Dikaiou Nisou Ko - Apo Koinotiton Pyliou Kai Asfendiou Nisou Ko),36.5,5,2,0,2,16.4,3.0,0,0,7
AIGRC288,Greece,Σκιάθος: Κουκουναριές και Ευρύτερη Θαλάσσια Περιοχή  (Skiathos: Koukounaries Kai Evryteri Thalassia Periochi),40.2,4,2,0,2,19.2,2.0,0,0,7
AIGRC289,Greece,Κουκουναριές Δήμου Σκιάθου (Koukounaries Dimou Skiathou),36.5,5,2,0,2,16.4,3.0,0,0,7
AIGRC29,Greece,Λίμνες Βουλκαρία Και Σαλτίνη (Límnes Voulkaría Kai Saltíni),45.2,6,3,0,3,19.2,2.0,0,0,7
AIGRC290,Greece,Κρεμαστής - Παραδεισίου Δήμου Πεταλούδων Νήσου Ρόδου (Kremastis - Paradeisiou Dimou Petaloudon Nisou Rodou),36.5,5,2,0,2,16.4,3.0,0,0,7
AIGRC291,Greece,"Κύθηρα και Γύρω Νήσοι: Πρασονήσι, Δραγονέρα, Αντιδραγονέρα, Αυγό, Καπέλο, Κούφο και Φιδονήσι  (Kythira Kai Gyro Nisides: Prasonisi, Dragonera, Antidragonera, Avgo, Kapello, Koufo Kai Fidonisi)",44.9,9,4,0,2,16.9,2.0,0,0,9
AIGRC292,Greece,"Νήσοι Κυθήρων: Πρασονήσι, Δραγονέρα, Αντιδραγονέρα (Nisides Kythiron: Prasonisi, Dragonera, Antidragonera)",40.2,4,2,0,2,19.2,2.0,0,0,7
AIGRC293,Greece,Θαλάσσια Περιοχή Κυθήρων (Thalassia Periochi Kythiron),44.9,9,4,0,2,16.9,2.0,0,0,9
AIGRC294,Greece,"Θολάρια, Αγία Μονή, Άγιος Γεώργιος, Μεγάλη Δραγονέρα, Αντιδραγονέρα, Πρασονήσι Δήμου Κυθήρων  (Tholaria, Agia Moni, Agios Georgios, Megali Dragonera, Antidragonera, Prasonisi Dimou Kythiron)",36.5,5,2,0,2,16.4,3.0,0,0,7
AIGRC295,Greece,Λεύκη-Σταυρός-Ανώγυι (Ιθάκης) (Lefki-Stavros-Anogi (Ithakis)),36.5,5,2,0,2,16.4,3.0,0,0,7
AIGRC296,Greece,Λειχούρα Δήμου Πτελέου (Leichoura Dimou Pteleou),36.5,5,2,0,2,16.4,3.0,0,0,7
AIGRC297,Greece,"Λέσβος: Κόλπος Γέρας, Ελί Ντύπη και Χαραμίδα (Lesvos: Kolpos Geras, Eli Ntipi Kai Charamida)",44.9,9,4,0,2,16.9,2.0,0,0,9
AIGRC298,Greece,"Λέσβος: Κόλπος Γέρας, Έλος Ντύπη και Όρος Όλυμπος  (Lesvos: Kolpos Geras, Elos Ntipi Kai Oros Olympus)",40.2,4,2,0,2,19.2,2.0,0,0,7
AIGRC299,Greece,Δίβολο-Ακόθη (Λουτρά) (Divolo-Akothi (Loutron)),36.5,5,2,0,2,16.4,3.0,0,0,7
AIGRC3,Greece,Αλόννησος - Σποράδες Βορειές (Alónnisos - Vóreies Sporádes),36.4,13,1,2,3,10.4,7.0,0,0,9
AIGRC30,Greece,Περιοχή Περιβαλλοντικού Ελέγχου Εθνικού Πάρκου Υγροτόπων Αμβρακικού (Ζώνη Γ) (Periochí Perivallontikoú Elénchou Ethnikoú Párkou Ygrotópon Amvrakikoú (Zóni G)),38.8,11,4,0,3,15.3,1.5,0,0,7
AIGRC300,Greece,"Νήσοι Λέσβου (Συμπλέγμα Τομαρωνήσιων, Κύδωνας, Άγιος Γεώργιος, Γλαρονήσι, κλπ) (Nisides Lesvou (Symplegma Tomaronision, Kydonas, Agios Georgios, Glaronisi, KLP))",44.9,9,4,0,2,16.9,2.0,0,0,9
AIGRC301,Greece,Θαλάσσια Περιοχή Νησίδων Τοκμάκια (Thalassia Periochi Nisidon Tokmakia),40.2,4,2,0,2,19.2,2.0,0,0,7
AIGRC302,Greece,"Νήσοι Τοκμάκια, Πρασαλόγος και Μονοπέτρα του Δήμου Μανταμάδου και Κύδωνος του Δήμου Λ. Θερμής (Nisides Toukmakia, Prasalogos Kai Monopetra Tou Dimou Mantamadou Kai Kydonas Tou Dimou L. Thermis)",36.5,5,2,0,2,16.4,3.0,0,0,7
AIGRC303,Greece,Βόρεια Λέσβος (Voreia Lesvos),44.9,9,4,0,2,16.9,2.0,0,0,9
AIGRC304,Greece,Καστέλια Άγιος Δημήτριος (Μήθυμνα-Αργένου-Λεπέτυμνου) (Kastelia Agios Dimitrios (Mithymna-Argenou-Lepetymnou)),36.5,5,2,0,2,16.4,3.0,0,0,7
AIGRC305,Greece,Λέσβος: Δυτική Χερσόνησος - Απολιθωμένο Δάσος (Lesvos: Dytiki Chersonisos - Apolithomeno Dasos),40.2,4,2,0,2,19.2,2.0,0,0,7
AIGRC306,Greece,Λέσβος: Κόλπος Καλλονής και Χερσαία Παράκτια Ζώνη  (Lesvos: Kolpos Kallonis Kai Chersia Paraktia Zoni),40.2,4,2,0,2,19.2,2.0,0,0,7
AIGRC307,Greece,Λέσβος: Παράκτιοι Υγρότοποι Κόλπου Καλλονής  (Lesvos: Paraktioi Ygrotopoi Kolpou Kallonis),44.9,9,4,0,2,16.9,2.0,0,0,9
AIGRC308,Greece,"Νοτιοδυτική Χερσόνησος, Απολιθωμένο Δάσος Λέσβου  (Notiodytiki Chersonisos, Apolithomeno Dasos Lesvou)",44.9,9,4,0,2,16.9,2.0,0,0,9
AIGRC309,Greece,Θαλάσσια Περιοχή Δυτικής Λέσβου (Thalassia Periochi Dytikis Lesvou),44.9,9,4,0,2,16.9,2.0,0,0,9
AIGRC31,Greece,Ανατολικής Μακεδονίας Και Θράκης (Anatolikís Makedonías Kai Thrákis),37.1,12,4,0,3,13.6,1.5,0,0,7
AIGRC310,Greece,Μεγαλονήσι-Νησιώτη (Σιγρίου) (Megalonisi-Nisioti (Sigriou)),36.5,5,2,0,2,16.4,3.0,0,0,7
AIGRC311,Greece,Το απολιθωμένο δάσος της Λέσβου (To apolithomeno dasos tis Lesvou),29.4,6,1,0,2,7.9,4.5,0,0,7
AIGRC312,Greece,Ξηρολίμνη (Βατούσα-Σκαλοχώριου) (Xerolimni (Vatousas-Skalochoriou)),36.5,5,2,0,2,16.4,3.0,0,0,7
AIGRC313,Greece,Λογάρας (Πλωμαρίου) (Logaras (Plomariou)),36.5,5,2,0,2,16.4,3.0,0,0,7
AIGRC314,Greece,Προφήτης Ηλίας (Πολιχνίτου) (Profitis Ilias (Polichnitou)),36.5,5,2,0,2,16.4,3.0,0,0,7
AIGRC315,Greece,Λίμνη Αγιάς - Πλατανιάς - Ρέμα και Εκβολή Κερίτη - Κοιλάδα Φάσα (Limni Agias - Platanias - Rema Kai Ekvoli Keriti - Koilada Fasa),40.2,4,2,0,2,19.2,2.0,0,0,7
AIGRC316,Greece,Δράπανο (Βορειοανατολικές Ακτές) - Παραλία Γεωργιούπολης - Λίμνη Κουρνά (Drapano (Voreioanatolikes Aktes) - Paralia Georgioupolis - Limni Kourna),40.2,4,2,0,2,19.2,2.0,0,0,7
AIGRC317,Greece,Λίμνη Κουρνά και Εκβολή Αλμυρού (Limni Kourna Kai Ekvoli Almyrou),44.9,9,4,0,2,16.9,2.0,0,0,9
AIGRC318,Greece,Λιμνοθάλασσα Γιάλοβας και Νήσος Σφακτήρια (Limnothalassa Gialovas Kai Nisos Sfaktiria),44.9,9,4,0,2,16.9,2.0,0,0,9
AIGRC319,Greece,"Λιμνοθάλασσα Πύλου (Διβάρι) και Νήσος Σφακτήρια, Άγιος Δημήτριος  (Limnothalassa Pylou (Divari) Kai Nisos Sfaktiria, Agios Dimitrios)",40.2,4,2,0,2,19.2,2.0,0,0,7
AIGRC31_A,Greece,Ethniko Parko Anatolikis Makedonias kai Thrakis - Periochi prostasias tis fysis - Zoni A3,22.4,9,0,3,3,11.9,1.5,0,0,9
AIGRC32,Greece,Δέλτα Νέστου και παρακείμενες λιμνοθάλασσες (Délta Néstou kai parakeímenes limnothálasses),36.5,5,2,0,2,16.4,3.0,0,0,7
AIGRC320,Greece,"Νήσοι Σαπιέντζα και Σχίζα, Ακρωτήριο Ακρίτας (Nisoi Sapientza Kai Schiza, Akrotirio Akritas)",40.2,4,2,0,2,19.2,2.0,0,0,7
AIGRC321,Greece,Θαλάσσια Περιοχή Νότιας Μεσσηνίας (Thalassia Periochi Notias Messinias),40.2,4,2,0,2,19.2,2.0,0,0,7
AIGRC322,Greece,Θαλάσσια Περιοχή Στενού Μεθώνης (Thalassia Periochi Stenou Methonis),40.2,4,2,0,2,19.2,2.0,0,0,7
AIGRC323,Greece,Λίμνη Ντιβάρι-Βάλτος (Πύλου-Ρωμανού) (Limni Ntivari-Valtos (Pylou-Romanou)),36.5,5,2,0,2,16.4,3.0,0,0,7
AIGRC325,Greece,Άγιος Σώζων-Λιμνιώνα (Καμίνιον-Φυσίνης) (Agios Sozon-Limnionas (Kaminion-Fysinis)),36.5,5,2,0,2,16.4,3.0,0,0,7
AIGRC326,Greece,Λήμνος: Χορταρόλημνη - Λίμνη Αλυκή και Θαλάσσια Περιοχή (Limnos: Hortarolimni - Limni Alyki Kai Thalassia Periochi),40.2,4,2,0,2,19.2,2.0,0,0,7
AIGRC327,Greece,"Λήμνος: Λίμνες Χορταρόλημνη και Αλυκή, Κόλπος Μούδρου, Έλος Διαπόρι και Χερσόνησος Φάκος (Limnos: Limnes Hortarolimni Kai Alyki, Kolpos Moudrou, Elos Diapori Kai Chersonisos Fakos)",44.9,9,4,0,2,16.9,2.0,0,0,9
AIGRC328,Greece,"Νήσοι και Βραχονησίδες Λήμνου: Νήσος Σεργίτσι και Νήσοι Διάβητες, Κόμπιο, Καστρία, Τηγάνι, Κάρκαλας, Πρασονήσι (Nisides Kai Vrachonisides Limnou: Nisos Sergitsi Kai Nisides Diavates, Kompio, Kastria, Tigani, Karkalas, Prasonisi)",44.9,9,4,0,2,16.9,2.0,0,0,9
AIGRC329,Greece,Μητάκας-Άγιος Αθανάσιος-Άγιος Ιωάννης (Κορνού-Κασπάκα-Μύρινας) (Mitakas-Agios Athanasios-Agios Ioannis (Kornou-Kaspaka-Myrinas)),36.5,5,2,0,2,16.4,3.0,0,0,7
AIGRC33,Greece,"Δέλτα Νέστου και Λιμνοθάλασσες Κεραμωτής - Ευρύτερη Περιοχή και Παράκτια Ζώνη
(Delta Nestou Kai Limnothalasses Keramotis - Evryteri Periochi Kai Paraktia Zoni)",48.4,5,3,0,2,22.4,2.0,0,0,7
AIGRC330,Greece,Νησίδα Σιδερίτης (Σεργίτσι) του Δήμου Ατσικής νησιού Λήμνου  (Nisida Sideritis (Sergitsi) Tou Dimou Atsikis Nisou Limnou),36.5,5,2,0,2,16.4,3.0,0,0,7
AIGRC331,Greece,Παλαιοκάστρο-Αλεποτρύπες-Βουτσαδικά (Παναγίας-Πλάκας) (Palaiokastro-Alepotrypes-Voutsadika (Panagias-Plakas)),36.5,5,2,0,2,16.4,3.0,0,0,7
AIGRC332,Greece,Πλάκα–Κορακιά–Παρθενομήτο (Μούδρο) (Plaka–Korakia–Parthenomyto (Moudrou)),36.5,5,2,0,2,16.4,3.0,0,0,7
AIGRC333,Greece,Λιμνοθάλασσα Αγγελοχωρίου (Limnothalassa Angelochoriou),44.9,9,4,0,2,16.9,2.0,0,0,9
AIGRC334,Greece,Λιμνοθάλασσα Αντινιώτη (Κέρκυρα) (Limnothalassa Antinioti (Kerkyra)),44.9,9,4,0,2,16.9,2.0,0,0,9
AIGRC335,Greece,Λιμνοθάλασσα Επανομής (Limnothalassa Epanomis),44.9,9,4,0,2,16.9,2.0,0,0,9
AIGRC336,Greece,Λιμνοθάλασσα Επανομής και Θαλάσσια Παράκτια Ζώνη (Limnothalassa Epanomis Kai Thalassia Paraktia Zoni),40.2,4,2,0,2,19.2,2.0,0,0,7
AIGRC337,Greece,Τσαΐρη Δήμου Επανομής (Tsairi Dimou Epanomis),36.5,5,2,0,2,16.4,3.0,0,0,7
AIGRC338,Greece,Λιμνοθάλασσα Αντινιώτη και Ποταμός Φονίσσας (Κέρκυρα) (Limnothalassa Antinioti Kai Potamos Fonissas (Kerkyra)),40.2,4,2,0,2,19.2,2.0,0,0,7
AIGRC339,Greece,Λιμνοθάλασσα Κορισσίων (Κέρκυρα) (Limnothalassa Korission (Kerkyra)),40.2,4,2,0,2,19.2,2.0,0,0,7
AIGRC34,Greece,"Δέλτα Νέστου και Λιμνοθάλασσες Κεραμωτής και Νήσος Θασοπούλα  
(Delta Nestou Kai Limnothalasses Keramotis Kai Nisos Thasopoula)",48.1,28,9,1,3,13.6,5.5,0,0,9
AIGRC340,Greece,Λιμνοθάλασσα Κορισσίων (Κέρκυρα) και Νήσος Λαγούδια (Limnothalassa Korission (Kerkyra) Kai Nisos Lagoudia),44.9,9,4,0,2,16.9,2.0,0,0,9
AIGRC341,Greece,Λιμνοθάλασσα Μουστού (Limnothalassa Moustou),40.2,4,2,0,2,19.2,2.0,0,0,7
AIGRC342,Greece,Υγροβιότοπος Μουστού Δημοτικού Διαμερίσματος Μελίγους και Κορακωβουνίου Δήμου Βόρειας Κυνουρίας (Ygroviiotopos Moustou Dimotikou Diamerismatos Meligous Kai Korakovouniou Dimou Voreias Kynourias),36.5,5,2,0,2,16.4,3.0,0,0,7
AIGRC343,Greece,Λιμνοθάλασσες Στενών Λευκάδας (Παλιονής - Αβλίμον) και Αλυκές Λευκάδας (Limnothalasses Stenon Lefkadas (Palionis - Avlimon) Kai Alykes Lefkadas),44.9,9,4,0,2,16.9,2.0,0,0,9
AIGRC345,Greece,Μεγάλα Βράχια (Megala Vrachia),36.5,5,2,0,2,16.4,3.0,0,0,7
AIGRC346,Greece,Μεγάλο και Μικρό Λιβάρι - Δέλτα Ξηριά (Megalo Kai Mikro Livari - Delta Xerias),44.9,9,4,0,2,16.9,2.0,0,0,9
AIGRC347,Greece,Μεγάλο και Μικρό Λιβάρι - Δέλτα Ξηριά - Υδροχαρές Δάσος Αγ. Νικολάου - Παράκτια Θαλάσσια Ζώνη (Megalo Kai Mikro Livari - Delta Xerias - Ydrochares Dasos Ag. Nikolaou - Paraktia Thalassia Zoni),40.2,4,2,0,2,19.2,2.0,0,0,7
AIGRC349,Greece,"Μικρές Κυκλάδες: Ηρακλειά, Σχοινούσσα, Κουφονήσια, Κέρος, Αντικέρια και Θαλάσσια Ζώνη (Mikres Kyklades: Irakleia, Schoinoussa, Koufonisia, Keros, Antikeria Kai Thalassia Zoni)",40.2,4,2,0,2,19.2,2.0,0,0,7
AIGRC35,Greece,"Εθνικό Πάρκο Ανατολικής Μακεδονίας και Θράκης - Περιοχή προστασίας της φύσης - Ζώνη Α1  
(Ethniko Parko Anatolikis Makedonias Kai Thrakis - Periochi Prostasias Tis Fysis - Zoni A1)",23.1,15,0,3,3,8.1,6.0,0,0,9
AIGRC350,Greece,"Μικρές Κυκλάδες, Βορειοανατολική Αμοργός, Ανατολικές Ακτές Δονούσας, Γύρω Νήσοι και Θαλάσσια Περιοχή (Mikres Kyklades, Voreioanatoliki Amorgos, Anatolikes Aktes Donousas, Gyro Nisides Kai Thalassia Periochi)",44.9,9,4,0,2,16.9,2.0,0,0,9
AIGRC351,Greece,"Βόρεια Αμοργός και Κίναρος, Λέβιθα, Μαύρα, Γλάρος και Θαλάσσια Ζώνη (Voreia Amorgos Kai Kinaros, Levitha, Mavra, Glaros Kai Thalassia Zoni)",40.2,4,2,0,2,19.2,2.0,0,0,7
AIGRC352,Greece,Νήσος Ηρακλειά (Nisos Irakleia),36.5,5,2,0,2,16.4,3.0,0,0,7
AIGRC353,Greece,Μικρό και Μεγάλο Σειτάνι Σάμου (Περιοχή A1-Πυρίνας) (Mikro kai Megalo Seitani Samou (Periochi A1-Pyrinas)),31.0,3,1,0,2,14.0,0.0,0,0,7
AIGRC354,Greece,Μικρό και Μεγάλο Σειτάνι Σάμου (Περιοχή A2) (Mikro kai Megalo Seitani Samou (Periochi A2)),31.0,3,1,0,2,14.0,0.0,0,0,7
AIGRC355,Greece,Όρος Κέρκης στη Σάμο (Oros Kerkis stin Samos),31.0,3,1,0,2,14.0,0.0,0,0,7
AIGRC356,Greece,"Σάμος: Όρος Κερκετέφς - Μικρό και Μεγάλο Σειτάνι - Δάσος Καστανιάς και Λέκκας, Ακρ. Κατάβασης - Λιμένας (Samos: Oros Kerketevs - Mikro Kai Megalo Seitani - Dasos Kastanias Kai Lekkas, Akr. Katavasis - Limenas)",40.2,4,2,0,2,19.2,2.0,0,0,7
AIGRC357,Greece,Σάμος: Όρος Κέρκης (Samos: Oros Kerkis),44.9,9,4,0,2,16.9,2.0,0,0,9
AIGRC358,Greece,Κουρούνια-Νενιτούρια (Kourounia-Nenitouria),36.5,5,2,0,2,16.4,3.0,0,0,7
AIGRC359,Greece,Μοναστήρι Οινούσσων (Monastiri Oinouson),36.5,5,2,0,2,16.4,3.0,0,0,7
AIGRC36,Greece,"Εθνικό Πάρκο Ανατολικής Μακεδονίας και Θράκης - Περιοχή προστασίας της φύσης - Ζώνη Α5  
(Ethniko Parko Anatolikis Makedonias Kai Thrakis - Periochi Prostasias Tis Fysis - Zoni A5)",21.1,11,0,2,4,8.1,4.0,0,0,9
AIGRC360,Greece,Νήσος Βενετικό (Nisida Venetiko),44.9,9,4,0,2,16.9,2.0,0,0,9
AIGRC361,Greece,"Νήσοι Άγιος Παντελεήμονας, Πατερονήσι και Βάτος Δήμου Οινούσσων (Nisides Agios Panteleimon, Pateroniso Kai Vatos Dimou Oinousson)",36.5,5,2,0,2,16.4,3.0,0,0,7
AIGRC362,Greece,Πραστάσια-Περδίκκα (Βολισσού-Σιδηρούντας) (Prastia-Perdika (Volissou-Sidirountas)),36.5,5,2,0,2,16.4,3.0,0,0,7
AIGRC363,Greece,Βόρεια Χίος (Voreia Chios),44.9,9,4,0,2,16.9,2.0,0,0,9
AIGRC364,Greece,Βόρεια Χίος και Νήσοι Οινούσσες και Παράκτια Θαλάσσια Ζώνη (Voreia Chios Kai Nisoi Oinousses Kai Paraktia Thalassia Zoni),40.2,4,2,0,2,19.2,2.0,0,0,7
AIGRC365,Greece,Μονή Ελώνας και Χαράδρα Λεωνιδίου (Moni Elonas Kai Charadra Leonidiou),40.2,4,2,0,2,19.2,2.0,0,0,7
AIGRC366,Greece,Νεοχώρι (Κομιτάτον-Κάρυας) (Neochori (Komitaton-Karyas)),36.5,5,2,0,2,16.4,3.0,0,0,7
AIGRC367,Greece,Νήσος Χρυσή (Nisos Chrysi),40.2,4,2,0,2,19.2,2.0,0,0,7
AIGRC368,Greece,Νήσος Χρυσή ή Γαϊδουρονήσι (Nisi Chrysi i Gaidouronisi),36.5,5,2,0,2,16.4,3.0,0,0,7
AIGRC369,Greece,Νήσος Κουφονήσι και Παράκτια Θαλάσσια Ζώνη (Nisos Koufonisi Kai Paraktia Thalassia Zoni),40.2,4,2,0,2,19.2,2.0,0,0,7
AIGRC37,Greece,Φανάρι-Πόρτο Λάγος (Fanari-Porto Lagos),44.5,3,2,0,1,24.5,3.0,0,0,7
AIGRC370,Greece,"Νήσος Κουφονήσι, Γύρω Νήσοι και Νήσοι Καβλοί (Nisos Koufonisi, Gyro Nisides Kai Nisoi Kavloi)",44.9,9,4,0,2,16.9,2.0,0,0,9
AIGRC371,Greece,Νήσος Κουφονήσι (Nisi Koufonisi),36.5,5,2,0,2,16.4,3.0,0,0,7
AIGRC372,Greece,"Νήσια Αντίψαρα και Νήσοι Δασκαλιό, Μαστρογιώργη, Πρασονήσι, Κάτω Νησί, Μεσιάκο, Κουτσούλια (Nisia Antipsara Kai Nisides Daskalio, Mastrogiorgi, Prasonisi, Kato Nisi, Mesiako, Koutsoulia)",44.9,9,4,0,2,16.9,2.0,0,0,9
AIGRC373,Greece,"Νήσος Αντίψαρα, Δήμου Ψαρών (Nisida Antipsara, Dimou Psaron)",36.5,5,2,0,2,16.4,3.0,0,0,7
AIGRC374,Greece,Ξερόκαμπος-Φτελιά (Ψαρών) (Xerokampos-Ftelia (Psarron)),36.5,5,2,0,2,16.4,3.0,0,0,7
AIGRC375,Greece,"Νήσοι Αρκοί, Μαράθι και Βραχονησίδες Άνυδρο, Πετροκάραβο Δήμου Πάτμου (Nisides Arkoi, Marathoi kai Vrachonisides Anydro, Petrokaravo Dimou Patmou)",36.5,5,2,0,2,16.4,3.0,0,0,7
AIGRC376,Greece,Άγιος Θεολόγος - Χάλη Νήσου Καλύμνου (Agios Theologos - Chali Nisou Kalymnou),36.5,5,2,0,2,16.4,3.0,0,0,7
AIGRC377,Greece,"Νήσοι Καλύμνου: Επάνω, Νέρα, Σάρι, Τέλενδος (Nisides Kalymnou: Epano, Nera, Sari, Telendos)",44.9,9,4,0,2,16.9,2.0,0,0,9
AIGRC378,Greece,Τέλενδος (Καλυμνίων) (Telendos (Kalymnion)),36.5,5,2,0,2,16.4,3.0,0,0,7
AIGRC379,Greece,"Νήσοι Καρπαθίου Πελάγους: Μεγάλο Σωφράνο, Σοχάς, Μικρό Σωφράνο, Αυγό, Διβούνια, Χαμίλη, Αστακιδονήσια (Nisides Karpathiou Pelagous: Megalo Sofrano, Sochas, Mikro Sofrano, Avgo, Divounia, Chamili, Astakidonisia)",44.9,9,4,0,2,16.9,2.0,0,0,9
AIGRC38,Greece,Καράτζα Δήμου Αιγείρου  (Karatza Dimou Aigeirou),36.5,5,2,0,2,16.4,3.0,0,0,7
AIGRC380,Greece,Νήσοι Λιχάδες και Θαλάσσια Περιοχή (Nisides Lichades Kai Thalassia Periochi),40.2,4,2,0,2,19.2,2.0,0,0,7
AIGRC381,Greece,Δήλος (Μυκόνου) (Dilos (Mykonou)),36.5,5,2,0,2,16.4,3.0,0,0,7
AIGRC382,Greece,"Νήσοι Μυκόνου (Ρήνεια, Χταποδία, Τραγονήσι)  
(Nisides Mykonou (Rineia, Chtapodia, Tragonisi))",44.9,9,4,0,2,16.9,2.0,0,0,9
AIGRC385,Greece,Τηγάνι–Προφήτης Ηλίας (Άνω Μερά Μυκόνου) (Tigani-Profitis Ilias (Ano Meras Mykonou)),36.5,5,2,0,2,16.4,3.0,0,0,7
AIGRC386,Greece,"Νήσοι Μυρτώου Πελάγους: Φαλκόνερα, Βελόπουλα, Ανάνες (Nisides Myrtoou Pelagous: Falkonera, Velopoula, Ananes)",44.9,9,4,0,2,16.9,2.0,0,0,9
AIGRC387,Greece,Νήσοι Παρού και Νότια Αντίπαρος και Θαλάσσια Περιοχή (Nisides Parou Kai Notia Antiparos Kai Thalassia Periochi),44.9,9,4,0,2,16.9,2.0,0,0,9
AIGRC388,Greece,Νήσοι Δεσποτικό και Στρογγύλο και Θαλάσσια Ζώνη (Nisoi Despotiko Kai Strongylo Kai Thalassia Zoni),40.2,4,2,0,2,19.2,2.0,0,0,7
AIGRC389,Greece,"Νήσοι Πάτμου: Πετροκάραβο, Άνυδρος (Nisides Patmou: Petrokavo, Anydros)",44.9,9,4,0,2,16.9,2.0,0,0,9
AIGRC39,Greece,Κομψάτου Δήμου Ιάσμου (Kompsatou Dimou Iasmou),36.5,5,2,0,2,16.4,3.0,0,0,7
AIGRC390,Greece,Νήσοι Ρόμβη-Δασκαλειό (Τολού) (Nisides Romvi-Daskaleio (Tolou)),36.5,5,2,0,2,16.4,3.0,0,0,7
AIGRC391,Greece,Κάμπος-Κατούνες-Τράχη (Σκύρου) (Kampos-Katounes-Trachy (Skyrou)),36.5,5,2,0,2,16.4,3.0,0,0,7
AIGRC392,Greece,Νήσοι Σκύρου και Θαλάσσια Περιοχή (Nisides Skyrou Kai Thalassia Periochi),44.9,9,4,0,2,16.9,2.0,0,0,9
AIGRC393,Greece,Νήσος Βαλαξά (Nisos Valaxa),36.5,5,2,0,2,16.4,3.0,0,0,7
AIGRC394,Greece,Πεύκο-Άγιος Ιωάννης-Άγιος Παύλος (Pefko-Agios Ioannis-Agios Pavlos),36.5,5,2,0,2,16.4,3.0,0,0,7
AIGRC395,Greece,Σκύρος: Όρος Κόχυλας (Skyros: Oros Kochylas),44.9,9,4,0,2,16.9,2.0,0,0,9
AIGRC396,Greece,Νήσοι Χριστιανά (Nisoi Christiana),44.9,9,4,0,2,16.9,2.0,0,0,9
AIGRC397,Greece,"Βραχονησία Νοτίου Αιγαίου: Βελόπουλα, Φαλκόνερα, Ανάνες, Χριστιανά, Πάχαια, Φτενό, Μακρά, Αστακιδονήσια, Σύρνα - Γύρω Νησιά και Θαλάσσια Ζώνη (Vrachonisia Notiou Aigaiou: Velopoula, Falkonera, Ananes, Christiana, Pacheia, Fteno, Makra, Astakidonisia, Syrna - Gyro Nisia Kai Thalassia Zoni)",40.2,4,2,0,2,19.2,2.0,0,0,7
AIGRC398,Greece,Νήσοι Γαύδος και Γαυδοπούλα  (Nisoi Gavdos Kai Gavdopoula),40.2,4,2,0,2,19.2,2.0,0,0,7
AIGRC399,Greece,Νοτιοδυτική Γαύδος και Γαυδοπούλα και Θαλάσσια Περιοχή  (Notiodytiki Gavdos Kai Gavdopoula Kai Thalassia Periochi),44.9,9,4,0,2,16.9,2.0,0,0,9
AIGRC4,Greece,"Εθνικό Θαλάσσιο Πάρκο Αλοννήσου - Βορείων Σποράδων, Ανατολική Σκόπελος (Ethniko Thalassio Parko Alonnisou - Voreion Sporadon, Anatoliki Skopelos)",48.3,11,5,0,3,17.3,2.0,0,0,9
AIGRC40,Greece,Λίμνες και Λιμνοθάλασσες της Θράκης - Ευρύτερη Περιοχή και Παράκτια Ζώνη (Limnes Kai Limnothalasses Tis Thrakis - Evryteri Periochi Kai Paraktia Zoni),40.2,4,2,0,2,19.2,2.0,0,0,7
AIGRC400,Greece,"Νήσοι Κίναρος και Λέβιθα και Νήσοι Λιάδια, Πλάκα, Γλάρος, Μαύρα  (Nisoi Kinaros Kai Levitha Kai Nisides Liadia, Plaka, Glaros, Mavra)",44.9,9,4,0,2,16.9,2.0,0,0,9
AIGRC401,Greece,Νήσοι Παξοί και Αντίπαξοι (Nisoi Paxoi Kai Antipaxoi),40.2,4,2,0,2,19.2,2.0,0,0,7
AIGRC402,Greece,"Νήσος Χάλκη και Νήσοι: Κολοφώνας, Πάνω Πρασούδα, Τραγούσα, Στρογγύλη, Άγιος Θεόδωρος, Μαελωνήσι, Αλιμία, Κρεββατή, Νησάκι (Nisos Chalki Kai Nisides: Kolofonas, Pano Prasouda, Tragousa, Strongyli, Agios Theodoros, Maelonnisi, Alimia, Krevati, Nisaki)",44.9,9,4,0,2,16.9,2.0,0,0,9
AIGRC403,Greece,Θαλάσσια Περιοχή Δυτικής και Νοτιοδυτικής Κρήτης (Thalassia Periochi Dytikis Kai Notiodytikis Kritis),40.2,4,2,0,2,19.2,2.0,0,0,7
AIGRC404,Greece,Παραλία από Χρυσοσκαλίτισσα μέχρι Ακρωτήριο Κριός (Paralia Apo Chryssokalitissa Mechri Akrotirio Krios),40.2,4,2,0,2,19.2,2.0,0,0,7
AIGRC405,Greece,Νήσος Ελαφόνησος και Παράκτια Θαλάσσια Ζώνη (Nisos Elafonisos Kai Paraktia Thalassia Zoni),40.2,4,2,0,2,19.2,2.0,0,0,7
AIGRC406,Greece,Νήσος Μήλος: Προφήτης Ηλίας - Ευρύτερη Περιοχή (Nisos Milos: Profitis Ilias - Evryteri Periochi),40.2,4,2,0,2,19.2,2.0,0,0,7
AIGRC407,Greece,Παράκτια Ζώνη Δυτικής Μήλου (Paraktia Zoni Dytikis Milou),40.2,4,2,0,2,19.2,2.0,0,0,7
AIGRC408,Greece,Νήσος Μονή Δήμου Αιγίνης (Nisos Moni Dimou Aiginas),36.5,5,2,0,2,16.4,3.0,0,0,7
AIGRC409,Greece,Νήσος Νίσυρος και Νήσοι (Nisos Nisyros Kai Nisides),44.9,9,4,0,2,16.9,2.0,0,0,9
AIGRC41,Greece,"Λίμνες Βιστονίδας, Ισμαρίδας - Λιμνοθάλασσες Πόρτο Λάγος, Αλυκή Πτελέα, Ξηρολίμνη, Καράτζα (Limnes Vistonis, Ismaris - Limnothalasses Porto Lagos, Alyki Ptelea, Xirolimni, Karatza)",44.9,9,4,0,2,16.9,2.0,0,0,9
AIGRC410,Greece,"Νότια Νίσυρος και Στρογγύλη, Ηφαιστειακό Πεδίο και Παράκτια Θαλάσσια Ζώνη (Notia Nisyros Kai Strongyli, Ifaistiako Pedio Kai Paraktia Thalassia Zoni)",40.2,4,2,0,2,19.2,2.0,0,0,7
AIGRC411,Greece,"Νήσος Σύρνα και Νήσοι Μέγαλους Αδελφός, Μικρός Αδελφός, Κατσίκας, Μεσονήσι, Πλάκιδας, Στεφανία, Ναυάγιο  (Nisos Syrna Kai Nisides Megalos Adelphos, Mikros Adelphos, Katsikas, Mesonisi, Plakida, Stefania, Navagio)",44.9,9,4,0,2,16.9,2.0,0,0,9
AIGRC412,Greece,Νήσος Τήλος (Nisos Tilos),36.5,5,2,0,2,16.4,3.0,0,0,7
AIGRC413,Greece,"Νήσος Τήλος και Νήσοι: Αντίτηλος, Πελεκούσα, Γαϊδουρονήσι, Γιακούμης, Άγιος Ανδρέας, Πρασούδα, Νήσι (Nisos Tilos Kai Nisides: Antilos, Pelekousa, Gaiduronisi, Giakoumis, Agios Andreas, Prasouda, Nisi)",44.9,9,4,0,2,16.9,2.0,0,0,9
AIGRC414,Greece,Νότια Μάνη (Notia Mani),44.9,9,4,0,2,16.9,2.0,0,0,9
AIGRC415,Greece,Θαλάσσια Ζώνη Νότιας Μάνης (Thalassia Zoni Notias Manis),40.2,4,2,0,2,19.2,2.0,0,0,7
AIGRC416,Greece,"Νότιο Άκρο Ρόδου, Πρασονήσι, Υγρότοπος Λιβάδι Κατταβιάς (Notio Akro Rodou, Prasonisi, Ygrotopos Livadi Kattavias)",44.9,9,4,0,2,16.9,2.0,0,0,9
AIGRC417,Greece,Πρασονήσι Δημοτικού Διαμερίσματος Κατταβιάς Νήσου Ρόδου (Prasonisi Dimotikou Diamerismatos Katavias Nisou Rodou),36.5,5,2,0,2,16.4,3.0,0,0,7
AIGRC418,Greece,Ορεινός Όγκος (Αχλαδερής-Οκτωνιάς-Αυλωναρίου) (Oreinos Ogkos (Achladeris-Oktonias-Avlonariou)),36.5,5,2,0,2,16.4,3.0,0,0,7
AIGRC419,Greece,Θαλάσσια Ζώνη Ανατολικής Εύβοιας από Άκρα Οκτωνιά Εύβοιας έως Ζαρακές (Thalassia Zoni Anatolikis Evvoias Apo Akra Oktonia Evvoias Eos Zarakes),40.2,4,2,0,2,19.2,2.0,0,0,7
AIGRC42,Greece,Λίμνη Βιστονίδα - Λαγός Δήμου Αβδήρων (Limni Vistonida - Lagous Dimou Avdiron),36.5,5,2,0,2,16.4,3.0,0,0,7
AIGRC420,Greece,Όρη Ανατολικής Λακωνίας (Ori Anatolikis Lakonias),44.9,9,4,0,2,16.9,2.0,0,0,9
AIGRC421,Greece,"Όρη Γιδόβουνο, Χιονόβουνο, Γαϊδουρόβουνo, Κοράκια, Καλογερόβουνo, Κουλούχερα και Περιοχή Μονεμβασιάς (Ori Gidovouno, Chionovouno, Gaidourovouno, Korakia, Kalogerovouno, Koulouchera Kai Periochi Monemvasias)",40.2,4,2,0,2,19.2,2.0,0,0,7
AIGRC422,Greece,"Όρη Κεντρικής Εύβοιας, Παράκτια Ζώνη και Νήσοι (Ori Kentrikis Evvoias, Paraktia Zoni Kai Nisides)",44.9,9,4,0,2,16.9,2.0,0,0,9
AIGRC423,Greece,Τσιρλονέρι-Ορτάρι (Κύμης-Βιτάλου) (Tsirloneri-Ortari (Kymis-Vitalou)),36.5,5,2,0,2,16.4,3.0,0,0,7
AIGRC424,Greece,Όρη Ζάκρου (Ori Zakrou),44.9,9,4,0,2,16.9,2.0,0,0,9
AIGRC425,Greece,Ζάκρος Δήμου Ιτάνου (Zakros Dimou Itanou),36.5,5,2,0,2,16.4,3.0,0,0,7
AIGRC426,Greece,Όρμος Ποταμιάς - Άκρ. Πύργος έως Ν. Γραμβούσσα  (Ormos Potamias - Akr. Pyrgos Eos N. Gramvoussa),40.2,4,2,0,2,19.2,2.0,0,0,7
AIGRC427,Greece,Όρμος Σούγιας - Βαρδία - Φαράγγι Λίσσου μέχρι Άνυδρους και Παράκτια Ζώνη (Ormos Sougias - Vardia - Farangi Lissou Mechri Anydrous Kai Paraktia Zoni),40.2,4,2,0,2,19.2,2.0,0,0,7
AIGRC428,Greece,"Όρος Αιγάλεω Δήμων Καματερού, Πετρούπολης, Περιστερίου, Χαϊδαρίου, Κορυδαλλού, Αιγάλεω και Ασπροπύργου (Oros Aigaleo Dimon Kamaterou, Petroupolis, Peristeriou, Chaidariou, Korydallou, Aigaleo Kai Aspropyrgou)",36.5,5,2,0,2,16.4,3.0,0,0,7
AIGRC429,Greece,Όρος Χαράκα (Γαβρίου Άνδρου) (Oros Charaka (Gavriou Androu)),36.5,5,2,0,2,16.4,3.0,0,0,7
AIGRC43,Greece,"Περιοχή οικοανάπτυξης Εθνικού Πάρκου Ανατολικής Μακεδονίας και Θράκης - Ζώνη Γ  
(Periochi Oikoanaptixis Ethnikou Parkou Anatolikis Makedonias Kai Thrakis - Zoni C)",18.1,17,0,1,3,3.6,5.5,0,0,9
AIGRC430,Greece,Ακρωτήριο Ελιά - Ακρωτήριο Κάστρο - Εκβολή Ραγκούλα  (Akrotirio Elia - Akrotirio Kastro - Ekvoli Ragoula),40.2,4,2,0,2,19.2,2.0,0,0,7
AIGRC431,Greece,Χερσόνησος Σιθωνίας (Chersonisos Sithonias),44.9,9,4,0,2,16.9,2.0,0,0,9
AIGRC432,Greece,Δραγουδελιού και Κάρα Δήμων Σιθωνίας και Τορόνις (Dragoudeliou Kai Karra Dimon Sithonias Kai Toronis),36.5,5,2,0,2,16.4,3.0,0,0,7
AIGRC433,Greece,Όρος Ιτάμος - Σιθωνία (Oros Itamos - Sithonia),40.2,4,2,0,2,19.2,2.0,0,0,7
AIGRC434,Greece,Πλατανίτσι - Συκιά: Άκρ. Ρίγας - Άκρ. Άδωλο (Platanitsi - Sykia: Akra Rigas - Akra Adolo),40.2,4,2,0,2,19.2,2.0,0,0,7
AIGRC435,Greece,Όρος Καντίλι (Oros Kandili),44.9,9,4,0,2,16.9,2.0,0,0,9
AIGRC436,Greece,Περιοχή Δαφνώντα Δήμων Μεσσαπίων (Periochi Dafnonta Dimon Messapion),36.5,5,2,0,2,16.4,3.0,0,0,7
AIGRC437,Greece,Όρος Καστέλι-Βλωστή (Θηναίας-Ζώλων-Λιβαδίου) (Oros Kasteli-Blosti (Thinaias-Zolon-Livadiou)),36.5,5,2,0,2,16.4,3.0,0,0,7
AIGRC438,Greece,Όρος Όχης - Κάμπος Καρύστου - Ποτάμι - Ακρωτήριο Καφιρέφς - Παράκτια Θαλάσσια Ζώνη  (Oros Ochi - Kampos Karystou - Potami - Akrotirio Kafirefs - Paraktia Thalassia Zoni),40.2,4,2,0,2,19.2,2.0,0,0,7
AIGRC439,Greece,"Όρος Όχης, Παράκτια Ζώνη και Νήσοι (Oros Ochi, Paraktia Zoni Kai Nisides)",44.9,9,4,0,2,16.9,2.0,0,0,9
AIGRC44,Greece,"Προστατευόμενα τοπία Εθνικού Πάρκου Ανατολικής Μακεδονίας και Θράκης - Ζώνη Β2  
(Prostatevomena Topia Ethnikou Parkou Anatolikis Makedonias Kai Thrakis - Zoni B2)",14.7,8,0,1,3,5.7,0.0,0,0,9
AIGRC440,Greece,Δάσος Ιερά Μονή Φλαμπουρίου (Κεραμίδιου) (Dasos Iera Moni Flampouriou (Keramidiou)),36.5,5,2,0,2,16.4,3.0,0,0,7
AIGRC441,Greece,Όρος Πήλιο (Oros Pilio),44.9,9,4,0,2,16.9,2.0,0,0,9
AIGRC442,Greece,Όρος Πήλιο και Παράκτια Θαλάσσια Ζώνη - Σπήλαια Μαλάκι και Σκέπωνη (Oros Pilio Kai Paraktia Thalassia Zoni - Spilaia Malaki Kai Skeponi),40.2,4,2,0,2,19.2,2.0,0,0,7
AIGRC443,Greece,"Όρος Ταΰγετος, Σπήλαιο Τραχήλας, Σπήλαιο Βατσινίδι (Oros Taygetos, Spilaio Trachilas, Spilaio Vatsinidi)",40.2,4,2,0,2,19.2,2.0,0,0,7
AIGRC444,Greece,Όρος Θρυπτής και Γύρω Περιοχή (Oros Thryptis Kai Gyro Periochi),40.2,4,2,0,2,19.2,2.0,0,0,7
AIGRC445,Greece,Όρος Τσερέκας (Ακαρνανικά) (Oros Tserekas (Akarnanika)),44.9,9,4,0,2,16.9,2.0,0,0,9
AIGRC446,Greece,"Παχεία Ράχη, Ιερά Μονή Χρυσολεοντίσσης, Ελαιώνας, Μετόχι, Δήμου Αιγίνης (Pacheia Rachi, Iera Moni Chrysoleontissas, Elaionas, Metochi, Dimou Aiginas)",36.5,5,2,0,2,16.4,3.0,0,0,7
AIGRC447,Greece,Παλαιούρι – Ακρωτήρι και Θαλάσσια Ζώνη (Paliouri – Akrotiri Kai Thalassia Zoni),40.2,4,2,0,2,19.2,2.0,0,0,7
AIGRC448,Greece,"Ανατολική Ρόδος: Προφήτης Ηλίας - Επτά Πηγές - Εκβολή Λουτανή - Κατέργο, Ρέμα Γαδούρα - Χερσόνησος Λίνδου - Νήσοι Πεντάνησα και Τετράπολις, Λόφος Ψαλίδι (Anatoliki Rodos: Profitis Ilias - Epta Piges - Ekvoli Loutani - Katergo, Rema Gadoura - Chersonisos Lindou - Nisides Pentanisa Kai Tetrapolis, Lofos Psalidi)",44.9,9,4,0,2,16.9,2.0,0,0,9
AIGRC449,Greece,Βαγιές Δημοτικού Διαμερίσματος Μασσάρων Δήμου Αρχαγγέλου Νήσου Ρόδου (Vagies Dimotikou Diamerismatos Massaron Dimou Archangelou Nisou Rodou),36.5,5,2,0,2,16.4,3.0,0,0,7
AIGRC45,Greece,"Προστατευόμενα τοπία Εθνικού Πάρκου Ανατολικής Μακεδονίας και Θράκης - Ζώνη Β3  
(Prostatevomena Topia Ethnikou Parkou Anatolikis Makedonias Kai Thrakis - Zoni B3)",14.7,8,0,1,3,5.7,0.0,0,0,9
AIGRC450,Greece,Παναγία Τσαμπίκα Πισί Δήμου Αρχαγγέλου (Panagia Tsampika Psili Dimou Archagkelou),36.5,5,2,0,2,16.4,3.0,0,0,7
AIGRC451,Greece,Πάνορμος (Πύργου Τήνου) (Panormos (Pyrgou Tinou)),36.5,5,2,0,2,16.4,3.0,0,0,7
AIGRC452,Greece,Τήνος: Μυρσίνη - Ακρωτήρι Λιβάδα (Tinos: Myrsini - Akrotirio Livada),40.2,4,2,0,2,19.2,2.0,0,0,7
AIGRC453,Greece,"Τσίκνια Δήμου Εξωμβούργου, Νήσου Τήνου (Tsiknia Dimou Exomvourgou, Nisou Tinou)",36.5,5,2,0,2,16.4,3.0,0,0,7
AIGRC454,Greece,Βορειοανατολική Τήνος και Νήσοι (Voreioanatoliki Tinos Kai Nisides),44.9,9,4,0,2,16.9,2.0,0,0,9
AIGRC455,Greece,Ανάφη: Ανατολικό και Βόρειο Τμήμα και Γύρω Νήσοι (Anafi: Anatoliko Kai Voreio Tmima Kai Gyro Nisides),44.9,9,4,0,2,16.9,2.0,0,0,9
AIGRC456,Greece,Παράκτια και Θαλάσσια Ζώνη Βόρειας Ανάφης (Paraktia Kai Thalassia Zoni Voreias Anafis),40.2,4,2,0,2,19.2,2.0,0,0,7
AIGRC457,Greece,Παράκτια Θαλάσσια Ζώνη από Αργοστόλι έως Βλαχάτα (Κεφαλονιά) και Όρμος Μούντα (Paraktia Thalassia Zoni Apo Argostoli Eos Vlachata (Kefalonia) Kai Ormos Mounta),40.2,4,2,0,2,19.2,2.0,0,0,7
AIGRC458,Greece,Θαλάσσια Ζώνη από Αργοστόλι έως Όρμος Μούντα  (Thalassia Zoni Apo Argostoli Eos Ormos Mounta),40.2,4,2,0,2,19.2,2.0,0,0,7
AIGRC459,Greece,Παράκτια Θαλάσσια Ζώνη από Κανόνι έως Μεσόγγι (Κέρκυρα) (Paraktia Thalassia Zoni Apo Kanoni Eos Mesongi (Kerkyra)),40.2,4,2,0,2,19.2,2.0,0,0,7
AIGRC46,Greece,"Προστατευόμενα τοπία Εθνικού Πάρκου Ανατολικής Μακεδονίας και Θράκης - Ζώνη Β4  
(Prostatevomena Topia Ethnikou Parkou Anatolikis Makedonias Kai Thrakis - Zoni B4)",18.1,10,0,1,4,5.1,4.0,0,0,9
AIGRC460,Greece,"Όρος Παναχαϊκό – Συράγκες Παναγόπουλας  
(Oros Panachaiko – Syranges Panagopoulas)",40.2,4,2,0,2,19.2,2.0,0,0,7
AIGRC461,Greece,Ευρύτερη Περιοχή Γαλαξειδίου (Evriteri Periochi Galaxeidiou),44.9,9,4,0,2,16.9,2.0,0,0,9
AIGRC462,Greece,Κορινθιακός Κόλπος (Korinthiakos Kolpos),40.2,4,2,0,2,19.2,2.0,0,0,7
AIGRC463,Greece,"Παραλιακή Ζώνη από Ναύπακτο έως Ιτέα - Περιοχή Πηγών Χιλιάδου  
(Paraliaki Zoni Apo Nafpakto Eos Itea - Periochi Pigon Chiliadou)",40.2,4,2,0,2,19.2,2.0,0,0,7
AIGRC464,Greece,Παραλιακό δάσος Νικόπολης - Μύτικας Πρέβεζας (Paraliako Dasos Nikopoleos - Mytika Prevezas),28.8,8,1,0,2,6.3,5.5,0,0,7
AIGRC465,Greece,Πεύκια Ξυλοκάστρου Κορινθίας (Pefkia Xylokastrou Korinthias),28.8,8,1,0,2,6.3,5.5,0,0,7
AIGRC466,Greece,Περιοχές προστασίας της φύσης ZPFP1 και ZPFP2 Δήμου Σταγειρών Ακανθούς (Perioches prostasias tis fysis ZPFP1 kai ZPFP2 Dimou Stageirou Akanthou),31.0,3,1,0,2,14.0,0.0,0,0,7
AIGRC467,Greece,Περιοχή Δήμων Άργους και Μιδέας (περιοχές 5 και 5α) (Periochi dimon Argous kai Mideas (perioches 5 kai 5a)),31.0,3,1,0,2,14.0,0.0,0,0,7
AIGRC469,Greece,Περιοχή Λεγρενών - Νήσος Πατροκλού (Periochi Legrenon - Nisida Patroklou),44.9,9,4,0,2,16.9,2.0,0,0,9
AIGRC47,Greece,Πτελέα Δήμου Αιγείρου (Ptelea Dimou Aigeirou),36.5,5,2,0,2,16.4,3.0,0,0,7
AIGRC470,Greece,Περιοχή Νεάπολης και Νήσος Ελαφόνησος (Periochi Neapolis Kai Nisos Elafonisos),40.2,4,2,0,2,19.2,2.0,0,0,7
AIGRC471,Greece,Περιοχή Θεολόγου Δήμου Πεταλουδών Νήσου Ρόδου (Periochi Theologou Dimou Petaloudon Nisou Rodou),36.5,5,2,0,2,16.4,3.0,0,0,7
AIGRC472,Greece,Πόρτο Λάφια-Κάψαλα (Στύρων) (Porto Lafia-Kapsala (Styron)),36.5,5,2,0,2,16.4,3.0,0,0,7
AIGRC473,Greece,Νήσος Πολύαιγος - Κίμωλος (Nisos Polyaigos - Kimolos),40.2,4,2,0,2,19.2,2.0,0,0,7
AIGRC474,Greece,Πράσο (Κιμώλου) (Praso (Kimolou)),36.5,5,2,0,2,16.4,3.0,0,0,7
AIGRC475,Greece,"Πρασσανό Φαράγγι - Πάτσος - Σφακοριάκο Ρέμα - Παραλία Ρεθύμνου και Εκβολή Γεροποτάμου, Άκρ. Λιανός Κάβος - Περιβόλια (Prassano Farangi - Patsos - Sfakoryako Rema - Paralia Rethymnou Kai Ekvoli Geropotamou, Akra Lianos Kavos - Perivolia)",40.2,4,2,0,2,19.2,2.0,0,0,7
AIGRC476,Greece,"Αργυρού, Ψιλή Άμμος Δήμου Βαθέος (Argyrou, Psili Ammos Dimou Vatheos)",36.5,5,2,0,2,16.4,3.0,0,0,7
AIGRC477,Greece,Σάμος: Παραλία Αλυκή (Samos: Paralia Alyki),40.2,4,2,0,2,19.2,2.0,0,0,7
AIGRC478,Greece,"Ygrotopoi Samou (Alyki, Glyfada, Kampos Choras)",7.5,4,0,0,4,3.5,0.0,0,0,4
AIGRC479,Greece,Σαντορίνη: Νέα και Παλιά Καμένη - Προφήτης Ηλίας (Santorini: Nea Kai Palia Kameni - Profitis Ilias),40.2,4,2,0,2,19.2,2.0,0,0,7
AIGRC48,Greece,Ξηρολίμνη Δήμου Αιγείρου (Xirolimni Dimou Aigeirou),36.5,5,2,0,2,16.4,3.0,0,0,7
AIGRC480,Greece,Σίφνος: Προφήτης Ηλίας μέχρι Δυτικές Ακτές και Θαλάσσια Περιοχή (Sifnos: Profitis Ilias Mechri Dytikes Aktes Kai Thalassia Periochi),40.2,4,2,0,2,19.2,2.0,0,0,7
AIGRC481,Greece,Σκόπη (Σητείας) (Skopi (Siteias)),36.5,5,2,0,2,16.4,3.0,0,0,7
AIGRC482,Greece,Σκουμπάρδος περιοχή Άζιροκάμπου Δήμου Λέρου (Skoumpardos periochi Âżirokampou Dimou Lerou),36.5,5,2,0,2,16.4,3.0,0,0,7
AIGRC483,Greece,Σούνιο - Νήσος Πατροκλού και Παράκτια Θαλάσσια Ζώνη (Sounio - Nisida Patroklou Kai Paraktia Thalassia Zoni),40.2,4,2,0,2,19.2,2.0,0,0,7
AIGRC484,Greece,Σταυρός Χορδάκι Δήμου Ακρωτηρίου (Stavro Chordaki Dimou Akrotiriou),36.5,5,2,0,2,16.4,3.0,0,0,7
AIGRC485,Greece,Σύρος: Όρος Σύριγγας έως Παραλία (Syros: Oros Syringas Eos Paralia),40.2,4,2,0,2,19.2,2.0,0,0,7
AIGRC486,Greece,Βόρεια Σύρος και Νήσοι (Voreia Syros Kai Nisides),44.9,9,4,0,2,16.9,2.0,0,0,9
AIGRC487,Greece,Θαλάσσια Περιοχή και Υφάλοι Βορειοανατολικής Εύβοιας (Thalassia Periochi Kai Yfaloi Voreioanatolikis Evvoias),40.2,4,2,0,2,19.2,2.0,0,0,7
AIGRC488,Greece,Θαλάσσια Περιοχή Κολούμβου (Thalassia Periochi Koloumvou),40.2,4,2,0,2,19.2,2.0,0,0,7
AIGRC489,Greece,"Θαλάσσια Περιοχή Κόλπου Κυπαρισσίας: Άκρ. Κατάκολο - Κυπαρισσία  
(Thalassia Periochi Kolpou Kyparissias: Akra Katakolo - Kyparissia)",40.2,4,2,0,2,19.2,2.0,0,0,7
AIGRC49,Greece,Δέλτα Έβρου (Evros Delta),35.9,18,1,2,7,8.4,4.5,5,0,8
AIGRC490,Greece,"Θίνες και Παραλιακό Δάσος Ζαχάρως, Λίμνη Καϊάφα, Στροφυλία, Κακοβάτος (Thines Kai Paraliako Dasos Zacharos, Limni Kaiafa, Strofylia, Kakovatos)",40.2,4,2,0,2,19.2,2.0,0,0,7
AIGRC491,Greece,Θίνες Κυπαρισσίας (Νεοχώρι - Κυπαρισσία) (Thines Kyparissias (Neochori - Kyparissia)),40.2,4,2,0,2,19.2,2.0,0,0,7
AIGRC492,Greece,Θαλάσσια Περιοχή Νότιας Πάτμου (Thalassia Periochi Notias Patmou),40.2,4,2,0,2,19.2,2.0,0,0,7
AIGRC493,Greece,Θαλάσσια Περιοχή Νοτίου Ευβοϊκού Κόλπου (Thalassia Periochi Notiou Evvoikou Kolpou),44.9,9,4,0,2,16.9,2.0,0,0,9
AIGRC494,Greece,Θαλάσσια Περιοχή Παυσανία – Υποθαλάσσια Ηφαίστεια Μεθάνων (Thalassia Periochi Pafsania – Ypothalassia Ifaisteia Methanon),40.2,4,2,0,2,19.2,2.0,0,0,7
AIGRC495,Greece,Θαλάσσια Περιοχή Θράκης (Thalassia Periochi Thrakis),40.2,4,2,0,2,19.2,2.0,0,0,7
AIGRC496,Greece,Τραγάνας-Κυπαρίσσι-Κολάκας (Traganas-Kyparissi-Kolakas),36.5,5,2,0,2,16.4,3.0,0,0,7
AIGRC497,Greece,Βαρίκο-Καλύβια (Πόρων) (Variko-Kalyvia (Poron)),36.5,5,2,0,2,16.4,3.0,0,0,7
AIGRC498,Greece,Βαθύ - Αλμυρός Δήμου Αγίου Νικολάου (Vathy - Almyros Dimou Agiou Nikolaou),36.5,5,2,0,2,16.4,3.0,0,0,7
AIGRC499,Greece,"Βαβίλα - Κούνους περιοχής Νεαπόλεως, Λαχιού, Αγίου Νικολάου, Βελανιδίων Καστανιάς - Φαρακλού Δήμου Βοΐων (Vavila - Kounos periochis Neapoleos, Lachiou, Agiou Nikolaou, Velanidion Kastanias - Faraklou Dimou Voion)",36.5,5,2,0,2,16.4,3.0,0,0,7
AIGRC50,Greece,Καταφύγιο Άγριας Ζωής Δέλτα Έβρου (Evros Delta Wildlife Refuge),34.3,6,2,0,3,14.3,3.0,0,0,7
AIGRC500,Greece,Βορειοδυτική Κύθνος: Όρος Άθερας - Ακρωτήρι Κεφάλου και Παραλιακή Ζώνη (Voreiodytiki Kythnos: Oros Atheras - Akrotiri Kefalos Kai Paraktia Zoni),40.2,4,2,0,2,19.2,2.0,0,0,7
AIGRC501,Greece,Βούλισα (Φάρσων-Δαγάτων-Δηληνάτων-Κουρουκλάτων) (Voulisa (Farson-Dagaton-Dilinaton-Kourouklaton)),36.5,5,2,0,2,16.4,3.0,0,0,7
AIGRC502,Greece,Βραχονησίδες Καλογεροί και Θαλάσσια Ζώνη (Vrachonisides Kalogeroi Kai Thalassia Zoni),40.2,4,2,0,2,19.2,2.0,0,0,7
AIGRC503,Greece,Βραυρώνα - Παράκτια Θαλάσσια Ζώνη (Vravrona - Paraktia Thalassia Zoni),40.2,4,2,0,2,19.2,2.0,0,0,7
AIGRC504,Greece,Ξύλη Δημοτικών Διαμερισμάτων Ασωπού - Παπαιδιανικόν Δήμου Ασωπού (Xyli Dimotikon Diamerismaton Asopou - Papadianikon Dimou Asopou),36.5,5,2,0,2,16.4,3.0,0,0,7
AIGRC505,Greece,Υγροτόποι και νησιά Κόλπου Αταλάντης (Ygrotopoi kai Nisia Kolpou Atalantis),36.5,5,2,0,2,16.4,3.0,0,0,7
AIGRC506,Greece,Υγροτόπος Ψαχνών στην Εύβοια (Ygrotopos Psachnon stin Evvoia),31.0,3,1,0,2,14.0,0.0,0,0,7
AIGRC507,Greece,Υμηττός - Αισθητικό Δάσος Καισαριανής - Λίμνη Βουλιαγμένης (Ymittos - Aisthitiko Dasos Kaisarianis - Limni Vouliagmenis),40.2,4,2,0,2,19.2,2.0,0,0,7
AIGRC508,Greece,"Νήσοι Ασπρονήσου, Άργους, Μάραγκος, Ρέπι, Τσούκρια, Τσουκριακή και Θαλάσσιες Περιοχές Νήσων Σκιάθου και Σκοπέλου (Nisi Aspronissos, Argos, Marangos, Repi, Tsoukria, Tsoukriaki Kai Thalassies Perioches Nison Skiathou Kai Skopelou)",44.9,9,4,0,2,16.9,2.0,0,0,9
AIGRC509,Greece,Βόρεια Δωδεκάνησα και Θαλάσσια Περιοχή (Voreia Dodekanisa Kai Thalassia Periochi),44.9,9,4,0,2,16.9,2.0,0,0,9
AIGRC51,Greece,Δέλτα Έβρου (Delta Evrou),48.3,11,5,0,3,17.3,2.0,0,0,9
AIGRC510,Greece,Νήσοι Σαρωνικού Κόλπου και Θαλάσσια Περιοχή (Nisi Saronikou Kolpou Kai Thalassia Periochi),44.9,9,4,0,2,16.9,2.0,0,0,9
AIGRC52,Greece,Δέλτα Έβρου και Δυτικός Βραχίονας (Delta Evrou Kai Dytikos Vrachionas),45.2,6,3,0,3,19.2,2.0,0,0,7
AIGRC53,Greece,"Εθνικό υγροτοπικό πάρκο Δέλτα Έβρου - Περιοχή προστασίας της φύσης - Ζώνη Α  
(Ethniko Ygrotopiko Parko Delta Evrou - Periochi Prostasias Tis Fysis - Zoni A)",48.6,18,5,1,7,14.1,4.5,5,0,7
AIGRC54,Greece,"Εθνικό υγροτοπικό πάρκο Δέλτα Έβρου - Περιοχή προστασίας της φύσης - Ζώνη Β  
(Ethniko Ygrotopiko Parko Delta Evrou - Periochi Prostasias Tis Fysis - Zoni B)",45.3,18,4,0,7,10.8,7.5,5,0,7
AIGRC55,Greece,"Εθνικό υγροτοπικό πάρκο Δέλτα Έβρου - Περιοχή προστασίας της φύσης - Ζώνη Γ  
(Ethniko Ygrotopiko Parko Delta Evrou - Periochi Prostasias Tis Fysis - Zoni C)",29.8,12,1,0,6,6.3,1.5,5,0,7
AIGRC57,Greece,Εθνικό Υγροτοπικό Πάρκο Δέλτα Έβρου – Ζώνη Θ (Theta) (Ethniko ygrotopiko parko delta Evrou - Zoni Θ (Th)),52.6,16,6,0,5,15.6,7.0,5,0,7
AIGRC58,Greece,"Εθνικό Πάρκο Γαλλικού, Αξιού, Λουδία, Αλιάκμονα, Αλυκής Κίτρους, Λιμνοθάλασσας Καλοχωρίου (Ethniko Parko Gallikou, Axiou, Loudia, Aliakmona, Alykis Kitrous, Limnothalassas Kalochoriou)",24.6,10,1,0,3,5.6,0.0,0,0,9
AIGRC6,Greece,"Νησιά Κυρά Παναγία, Πιπέρη, Ψαθούρα Και Γύρο Νησίδες Άγιος Γεώργιος, Νήσοι Αδελφοί, Λεχούσα, Γαϊδουρώνη-Σία (Nisiá Kyrá Panagía, Pipéri, Psathoúra Kai Gýro Nisídes Ágios Geórgios, Nísoi Adelfoí, Lechoúsa, Gaïdouróni-Sía)",48.3,11,5,0,3,17.3,2.0,0,0,9
AIGRC60,Greece,"Εθνικό Πάρκο Αξιού – Περιοχές Προστασίας της Φύσης ΠΔ1, ΠΔ2, ΠΔ3, ΠΔ4 (Ethniko Parko Axiou - Perioches Prostasias tis Fysis PD1, PD2, PD3, PD4)",27.2,12,1,0,3,4.7,3.5,0,0,9
AIGRC61,Greece,Αλυκή Κίτρους - Ευρύτερη Περιοχή (Alyki Kitrous - Evryteri Periochi),40.4,9,3,0,4,14.4,2.0,0,0,7
AIGRC62,Greece,Αλυκή Κίτρους (Πύδνας) (Alyki Kitrous (Pydnas)),34.3,6,2,0,3,14.3,3.0,0,0,7
AIGRC63,Greece,Δέλτα Αλιάκμονα (Κλειδίου) (Delta Aliakmona (Kleidiou)),34.3,6,2,0,3,14.3,3.0,0,0,7
AIGRC64,Greece,Δέλτα Αξιού - Λουδία - Αλιάκμονα - Αλυκή Κίτρους (Delta Axiou - Loudia - Aliakmona - Alyki Kitrous),46.5,13,5,0,3,15.5,2.0,0,0,9
AIGRC65,Greece,Δέλτα Αξιού - Λουδία - Αλιάκμονα - Ευρύτερη Περιοχή - Αξιούπολη (Delta Axiou - Loudia - Aliakmona - Evryteri Periochi - Axioupoli),40.4,9,3,0,4,14.4,2.0,0,0,7
AIGRC66,Greece,Δέλτα Αξιού (Χαλάστρας) (Delta Axiou (Chalastras)),34.3,6,2,0,3,14.3,3.0,0,0,7
AIGRC67,Greece,"Εθνικό Πάρκο Αξιού – Περιοχές Απόλυτης Προστασίας της Φύσης ΑΠ1, ΑΠ2, ΑΠ3, ΑΠ4 (Ethniko Parko Axiou - Perioches Apolytis Prostasias tis Fysis AP1, AP2, AP3, AP4)",25.9,18,1,0,5,3.9,5.0,0,0,7
AIGRC7,Greece,Παλλούκι Δήμου Σκοπέλου (Palouki Dimou Skopelou),34.3,6,2,0,3,14.3,3.0,0,0,7
AIGRC70,Greece,Εθνικό Πάρκο Αξιού - Περιοχή Προστασίας της Φύσης ΠΑ (Ethniko Parko Axiou - Periochi Prostasias tis Fysis PA),25.2,14,1,1,2,6.7,1.5,0,0,7
AIGRC71,Greece,Στέργιος-Αλιάκμονας (Αιγινίου) (Stergios-Aliakmonas (Aiginiou)),34.3,6,2,0,3,14.3,3.0,0,0,7
AIGRC72,Greece,Νήσος Γυάρος και Θαλάσσια Ζώνη (Nisos Gyaros Kai Thalassia Zoni),44.9,9,4,0,2,16.9,2.0,0,0,9
AIGRC73,Greece,Θαλάσσιο Καταφύγιο Άγριας Ζωής Γυάρου (Gyaros Marine Wildlife Refuge),29.0,12,1,0,3,5.0,7.0,0,0,7
AIGRC73_A,Greece,Θαλάσσιο Καταφύγιο Άγριας Ζωής Γυάρου - Ζώνη Χ1 (Gyaros Marine Wildlife Refuge Zone X1),27.1,10,1,0,1,5.6,4.5,0,0,7
AIGRC73_B,Greece,Θαλάσσιο Καταφύγιο Άγριας Ζωής Γυάρου - Ζώνη Χ2 (Gyaros Marine Wildlife Refuge Zone X2),26.6,12,1,0,2,5.1,4.5,0,0,7
AIGRC73_D,Greece,Θαλάσσιο Καταφύγιο Άγριας Ζωής Γυάρου - Ζώνη Θ1 (Gyaros Marine Wildlife Refuge Zone Th1),27.1,10,1,0,1,5.6,4.5,0,0,7
AIGRC73_E,Greece,Θαλάσσιο Καταφύγιο Άγριας Ζωής Γυάρου - Ζώνη Θ1 υποζώνη Θ1α (Gyaros Marine Wildlife Refuge Zone Th1 Subzone Th1a),27.1,11,1,0,1,5.6,4.5,0,0,7
AIGRC73_F,Greece,Θαλάσσιο Καταφύγιο Άγριας Ζωής Γυάρου - Ζώνη Θ1 υποζώνη Θ1β (Gyaros Marine Wildlife Refuge Zone Th1 Subzone Th1b),29.8,11,1,0,1,5.2,7.5,0,0,7
AIGRC73_G,Greece,Θαλάσσιο Καταφύγιο Άγριας Ζωής Γυάρου - Ζώνη Θ2 (Gyaros Marine Wildlife Refuge Zone Th2),28.0,12,1,0,1,5.0,6.0,0,0,7
AIGRC73_H,Greece,Θαλάσσιο Καταφύγιο Άγριας Ζωής Γυάρου - Ζώνη Θ3 (Gyaros Marine Wildlife Refuge Zone Th3),26.8,11,1,0,1,5.2,4.5,0,0,7
AIGRC74,Greece,"Δέλτα Καλαμά, Εκβολές Αχέροντα και Έλος Καλοδικίου (Kalama Delta, Acheron Estuary and Kalodiki Marsh)",6.9,3,0,0,2,2.9,0.0,0,0,4
AIGRC75,Greece,"Δέλτα Καλαμά, Εκβολές Αχέροντα και Έλος Καλοδικίου - Ζώνη Α - Περιοχή Προστασίας της Φύσης (Kalama Delta, Acheron Estuary and Kalodiki Marsh - Zone A - Nature Conservation Area)",8.1,6,0,0,2,4.1,0.0,0,0,4
AIGRC76,Greece,"Δέλτα Καλαμά, Εκβολές Αχέροντα και Έλος Καλοδικίου - Ζώνη A2 Στενά Αχέροντα (Kalama Delta, Acheron Estuary and Kalodiki Marsh - Zone A2 Acheron Straits)",10.2,5,0,0,2,3.1,3.0,0,0,4
AIGRC77,Greece,"Δέλτα Καλαμά, Εκβολές Αχέροντα και Έλος Καλοδικίου - Ζώνη A2.1 Ποταμός Αχέροντας και Ιλυώδεις Εκτάσεις  (Kalama Delta, Acheron Estuary and Kalodiki Marsh - Zone A2.1 Acheron River and Mudflats)",10.2,5,0,0,2,3.1,3.0,0,0,4
AIGRC78,Greece,"Δέλτα Καλαμά, Εκβολές Αχέροντα και Έλος Καλοδικίου - Ζώνη A3 Έλος Καλοδικίου  
(Kalama Delta, Acheron Estuary and Kalodiki Marsh - Zone A3 Kalodiki Marsh)",9.0,4,0,0,2,3.5,1.5,0,0,4
AIGRC79,Greece,"Δέλτα Καλαμά, Εκβολές Αχέροντα και Έλος Καλοδικίου - Ζώνη A4 Δέλτα Καλαμά (Kalama Delta, Acheron Estuary and Kalodiki Marsh - Zone A4 Kalama Delta)",11.1,8,0,0,2,2.6,4.5,0,0,4
AIGRC8,Greece,Το νησί Πιπέρι στις Βόρειες Σποράδες (To nisi Piperi stis Voreies Sporades),26.8,5,1,0,4,9.8,0.0,0,0,7
AIGRC80,Greece,"Δέλτα Καλαμά, Εκβολές Αχέροντα και Έλος Καλοδικίου - Ζώνη A5 Στενά Καλαμά (Kalama Delta, Acheron Estuary and Kalodiki Marsh - Zone A5 Kalama Narrows)",10.2,5,0,0,2,3.1,3.0,0,0,4
AIGRC81,Greece,Εκβολές (Δέλτα) Καλαμά (Ekvoles (Delta) Kalama),37.1,5,2,0,3,16.1,2.0,0,0,7
AIGRC82,Greece,Υγρότοπος Εκβολών Καλαμά και Νήσος Πρασούδι (Ygrotopos Ekvolon Kalama Kai Nisos Prasoudi),43.6,10,4,0,3,15.6,2.0,0,0,9
AIGRC83,Greece,Εκβολές Αχέροντα (από Γλώσσα έως Αλωνάκι) και Στενά Αχέροντα (Ekvoles Acheronta (Apo Glossa Eos Alonaki) Kai Stena Acheronta),37.1,5,2,0,3,16.1,2.0,0,0,7
AIGRC84,Greece,"Παράκτια θαλάσσια ζώνη από Πάργα έως Ακρωτήριο Άγιος Θωμάς (Πρέβεζα), Ακρ. Κελάδιο - Αγ. Θωμάς (Paraktia Thalassia Zoni Apo Parga Eos Akrotirio Agios Thomas (Preveza), Akr. Keladio - Ag. Thomas)",37.1,5,2,0,3,16.1,2.0,0,0,7
AIGRC85,Greece,Βάτατσα - Διβάρι - Όρμος Βάλτου - Δρέπανο Δήμου Ηγουμενίτσας (Vatatsa - Divari - Ormos Valtou - Drepano Dimou Igoumenitsas),34.3,6,2,0,3,14.3,3.0,0,0,7
AIGRC86,Greece,Βόρεια Κάρπαθος και Σαρία και Παράκτια Θαλάσσια Ζώνη (Voreia Karpathos Kai Saria Kai Paraktia Thalassia Zoni),44.9,9,4,0,2,16.9,2.0,0,0,9
AIGRC87,Greece,Βανάnta-Βουργούντα-Στιά-Αυλώνας-Τρίστομο (Ολύμπου-Καρπάθου) (Vananta-Vourgounta-Stiá-Avlonas-Tristomo (Olympou-Karpathou)),36.5,5,2,0,2,16.4,3.0,0,0,7
AIGRC88,Greece,Εθνικό Πάρκο Υγροτόπων Κοτυχίου - Στροφυλιάς (Ethniko Parko Ygrotopon Kotychiou - Strofylias),7.1,4,0,0,3,3.1,0.0,0,0,4
AIGRC89,Greece,Λιμνοθάλασσες Κοτυχίου (Kotychi Lagoons),27.5,12,1,0,3,5.0,4.5,0,0,8
AIGRC89_A,Greece,"Εθνικό Πάρκο Υγροτόπων Κοτυχίου - Στροφυλιάς, Ζώνη Α - Περιοχή Προστασίας της Φύσης  
(Ethniko Parko Ygrotopon Kotychiou - Strofylias, Zoni A - Periochi Prostasias Tis Fysis)",27.5,12,1,0,3,5.0,4.5,0,0,8
AIGRC90,Greece,"Εθνικό Πάρκο Υγροτόπων Κοτυχίου - Στροφυλιάς, Ζώνη Α1 (Ethniko Parko Ygrotopon Kotychiou - Strofylias, Zoni A1)",7.2,7,0,0,2,3.2,0.0,0,0,4
AIGRC91,Greece,"Εθνικό Πάρκο Υγροτόπων Κοτυχίου - Στροφυλιάς, Ζώνη Β - Περιφερειακή ζώνη προστασίας  (Ethniko Parko Ygrotopon Kotychiou - Strofylias, Zoni B - Perifereiaki Zoni Prostasias)",25.0,15,2,0,3,7.0,1.0,0,0,7
AIGRC92,Greece,"Εθνικό Πάρκο Υγροτόπων Κοτυχίου - Στροφυλιάς, Ζώνη Β1 (Ethniko Parko Ygrotopon Kotychiou - Strofylias, Zoni B1)",6.6,4,0,0,2,2.6,0.0,0,0,4
AIGRC93,Greece,"Λιμνοθάλασσα Καλογριάς, Δάσος Στροφυλιάς και Έλος Λάμιας, Άραξος (Limnothalassa Kalogrias, Dasos Strofylias Kai Elos Lamias, Araxos)",37.1,5,2,0,3,16.1,2.0,0,0,7
AIGRC94,Greece,"Λιμνοθάλασσα Καλογριάς, Δάσος Στροφυλιάς και Έλος Λάμιας, Άραξος (Limnothalassa Kalogrias, Dasos Strofylias Kai Elos Lamias, Araxos)",43.6,10,4,0,3,15.6,2.0,0,0,9
AIGRC95,Greece,"Λιμνοθάλασσα Κοτύχη, Μπρινιά (Limnothalassa Kotychi, Brinia)",37.1,5,2,0,3,16.1,2.0,0,0,7
AIGRC96,Greece,Παράκτια θαλάσσια ζώνη από Ακρ. Κυλλήνη έως Τούμπι - Καλογριά  (Paraktia Thalassia Zoni Apo Akr. Kyllini Eos Toumpi - Kalogria),37.1,5,2,0,3,16.1,2.0,0,0,7
AIGRC97,Greece,Βιότοπος Δάσους Στροφυλιάς - Λίμνης Προκοπού-Λάμιας Δήμου Λαρισσού (Viotopos Dasous Strofylias - Limnis Prokopou-Lamias Dimou Larissou),34.3,6,2,0,3,14.3,3.0,0,0,7
AIGRC98,Greece,Υγρότοποι Καλογριάς-Λάμιας και Δάσος Στροφυλιάς  (Ygrotopoi Kalogrias-Lamias Kai Dasos Strofylias),43.6,10,4,0,3,15.6,2.0,0,0,9
AIGRC99,Greece,"Λιμνοθάλασσες Μεσολογγίου - Αιτωλικού, Εκβολές Αχελώου και Ευήνου και Νήσοι Εχινάδες (Messolonghi - Aetoliko Lagoons, Estuaries Of Acheloos And Evinos And Echinades Islands)",27.9,4,1,0,2,10.9,0.0,0,0,7
AIIDN100,Indonesia,Indonesia EEZ,7.2,5,0,0,0,1.8,1.5,0,0,4
AIIDN1012,Indonesia,Maumere Bay Nature Tourism Park,24.0,7,1,0,0,7.0,0.0,0,0,7
AIIDN1014,Indonesia,"Morowali, North Morowali and their surrounding waters Coastal Park",3.8,2,0,0,0,1.8,0.0,0,0,2
AIIDN1015,Indonesia,Morowali and North Morowali Coastal Park - Area I (North Morowali) - Limited Use Zone - Fishing Subzone,32.9,17,1,1,0,5.9,10.0,0,0,7
AIIDN1016,Indonesia,Morowali and North Morowali Coastal Park - Area I (North Morowali) - Other Zone - Rehabilitation Subzone,31.6,14,1,0,0,4.6,10.0,0,0,7
AIIDN1017,Indonesia,Morowali and North Morowali Coastal Park - Area II (North Morowali) - Core Zone,33.8,14,1,1,0,6.7,10.0,0,0,7
AIIDN1018,Indonesia,Morowali and North Morowali Coastal Park - Area II (North Morowali) - Limited Use Zone - Fishing Subzone,32.9,17,1,1,0,5.9,10.0,0,0,7
AIIDN1019,Indonesia,Morowali and North Morowali Coastal Park - Area II (North Morowali) - Limited Use Zone - Aquaculture Subzone,33.1,16,1,1,0,6.1,10.0,0,0,7
AIIDN1020,Indonesia,Morowali and North Morowali Coastal Park - Area III (Morowali) - Core Zone,33.8,14,1,1,0,6.7,10.0,0,0,7
AIIDN1021,Indonesia,Morowali and North Morowali Coastal Park - Area III (Morowali) - Limited Use Zone - Fishing Subzone,32.9,17,1,1,0,5.9,10.0,0,0,7
AIIDN1022,Indonesia,Morowali and North Morowali Coastal Park - Area III (Morowali) - Limited Use Zone - Marine Tourism Subzone,33.8,14,1,1,0,6.7,10.0,0,0,7
AIIDN1023,Indonesia,Morowali and North Morowali Coastal Park - Area IV (Morowali) - Core Zone,33.8,14,1,1,0,6.7,10.0,0,0,7
AIIDN1024,Indonesia,Morowali and North Morowali Coastal Park - Area IV (Morowali) - Limited Use Zone - Fishing Subzone,32.9,17,1,1,0,5.9,10.0,0,0,7
AIIDN1025,Indonesia,Morowali and North Morowali Coastal Park - Area IV (Morowali) - Limited Use Zone - Aquaculture Subzone,33.1,16,1,1,0,6.1,10.0,0,0,7
AIIDN1026,Indonesia,Morowali and North Morowali Coastal Park - Area IV (Morowali) - Limited Use Zone - Marine Tourism Subzone,33.8,14,1,1,0,6.7,10.0,0,0,7
AIIDN1027,Indonesia,Morowali and North Morowali Coastal Park - Area IV (Morowali) - Other Zone - Rehabilitation Subzone,31.6,14,1,0,0,4.6,10.0,0,0,7
AIIDN103,Indonesia,Southeastern Aru Islands Aquatic Nature Sanctuary,3.8,2,0,0,0,1.8,0.0,0,0,2
AIIDN1033,Indonesia,Batu Islands South Nias Small Island Park,3.8,2,0,0,0,1.8,0.0,0,0,2
AIIDN1034,Indonesia,Batu Islands South Nias Small Island Park - Core Zones,33.2,24,1,1,0,4.7,11.5,0,0,7
AIIDN1036,Indonesia,Batu Islands South Nias Small Island Park - Limited Use Zone - Tourism Subzones,33.0,25,1,1,0,4.5,11.5,0,0,7
AIIDN1038,Indonesia,Batu Islands South Nias Small Island Park - Limited Use Zone - Traditional Fishery Subzones,32.8,28,1,1,0,4.2,11.5,0,0,7
AIIDN104,Indonesia,Southeastern Aru Islands Aquatic Nature Sanctuary - Karang Island - Core Zone,32.8,27,1,1,1,4.3,11.5,0,0,7
AIIDN1040,Indonesia,Batu Islands South Nias Small Island Park - Other Zone - Rehabilitation Subzone 1,32.9,26,1,1,0,4.4,11.5,0,0,7
AIIDN1049,Indonesia,Padang City Area Aquatic Park,3.8,2,0,0,0,1.8,0.0,0,0,2
AIIDN105,Indonesia,Southeastern Aru Islands Aquatic Nature Sanctuary - South of Enu Island - Core Zone,32.8,27,1,1,1,4.3,11.5,0,0,7
AIIDN1050,Indonesia,Padang City Area Aquatic Park - Area I - Core Zone,25.0,16,1,0,0,4.0,4.0,0,0,7
AIIDN1051,Indonesia,Padang City Area Aquatic Park - Area I - Limited Use Zone - Capture Fishery Subzone,25.1,17,1,0,0,4.1,4.0,0,0,7
AIIDN1054,Indonesia,Padang City Area Aquatic Park - Area I - Other Zone - Rehabilitation Zone,25.3,16,1,0,0,4.3,4.0,0,0,7
AIIDN1055,Indonesia,Padang City Area Aquatic Park - Area II - Core Zone,25.0,16,1,0,0,4.0,4.0,0,0,7
AIIDN1056,Indonesia,Padang City Area Aquatic Park - Area II - Limited Use Zone - Capture Fishery Subzone,25.1,17,1,0,0,4.1,4.0,0,0,7
AIIDN106,Indonesia,Southeastern Aru Islands Aquatic Nature Sanctuary - West of Kultubai Besar Island - Core Zone,32.8,27,1,1,1,4.3,11.5,0,0,7
AIIDN1061,Indonesia,Pantar Strait and its surrounding waters Aquatic Nature Sanctuary,3.8,2,0,0,0,1.8,0.0,0,0,2
AIIDN1062,Indonesia,Pantar Strait and its surrounding waters Aquatic Nature Sanctuary - Core Zone,33.0,5,1,0,1,9.5,1.5,5,0,7
AIIDN1063,Indonesia,Pantar Strait and its surrounding waters Aquatic Nature Sanctuary - Sustainable Fishery Zone,24.5,14,1,0,1,4.5,3.0,0,0,7
AIIDN1064,Indonesia,Pantar Strait and its surrounding waters Aquatic Nature Sanctuary - Tourism Use Zone,25.5,7,1,0,0,7.0,1.5,0,0,7
AIIDN1065,Indonesia,Pantar Strait and its surrounding waters Aquatic Nature Sanctuary - Other/Protection Zone,26.3,8,1,0,0,6.3,3.0,0,0,7
AIIDN107,Indonesia,Southeastern Aru Islands Aquatic Nature Sanctuary - Jin Island - Utilization Zone,31.6,27,1,0,0,3.1,11.5,0,0,7
AIIDN108,Indonesia,Southeastern Aru Islands Aquatic Nature Sanctuary - P. Jeh - Utilization Zone,31.6,27,1,0,0,3.1,11.5,0,0,7
AIIDN109,Indonesia,Southeastern Aru Islands Aquatic Nature Sanctuary - P. Mar - Utilization Zone,31.6,27,1,0,0,3.1,11.5,0,0,7
AIIDN110,Indonesia,Southeastern Aru Islands Aquatic Nature Sanctuary - North of Enu Island - Rehabilitation Zone,31.7,25,1,0,0,3.2,11.5,0,0,7
AIIDN111,Indonesia,Southeastern Aru Islands Aquatic Nature Sanctuary - Kultubai Besar Island - Rehabilitation Zone,31.7,25,1,0,0,3.2,11.5,0,0,7
AIIDN112,Indonesia,The rest of the Southeastern Aru Islands Aquatic Nature Sanctuary -   - Sustainable Fisheries Zone,29.8,33,1,0,1,2.8,10.0,0,0,7
AIIDN114,Indonesia,Raja Ampat Islands Aquatic Nature Sanctuary -   -  ,3.8,2,0,0,0,1.8,0.0,0,0,2
AIIDN1149,Indonesia,Weh Island Nature Tourism Park,24.0,7,1,0,0,7.0,0.0,0,0,7
AIIDN115,Indonesia,Raja Ampat Islands Aquatic Nature Sanctuary - Waters of Peniki Island - Core Zone,31.3,69,1,1,0,2.8,11.5,0,0,7
AIIDN1150,Indonesia,Nature Tourism Park Sangalaki Is. ,24.0,7,1,0,0,7.0,0.0,0,0,7
AIIDN1151,Indonesia,Sangiang Island Nature Tourism Park ,24.0,7,1,0,0,7.0,0.0,0,0,7
AIIDN1153,Indonesia,Batang Gasan Padang Pariaman Aquatic Park,3.8,2,0,0,0,1.8,0.0,0,0,2
AIIDN1154,Indonesia,Batang Gasan Padang Pariaman Aquatic Park - Core Zone,24.1,13,1,0,0,4.6,2.5,0,0,7
AIIDN1155,Indonesia,Batang Gasan Padang Pariaman Aquatic Park - Limited Use Zone,24.1,13,1,0,0,4.6,2.5,0,0,7
AIIDN1157,Indonesia,Satonda Island Nature Tourism Park,24.0,7,1,0,0,7.0,0.0,0,0,7
AIIDN1159,Indonesia,Sawu Sea Aquatic National Park,3.8,2,0,0,0,1.8,0.0,0,0,2
AIIDN116,Indonesia,Raja Ampat Islands Aquatic Nature Sanctuary - Waters of Cape Waisai - Core Zone,31.3,69,1,1,0,2.8,11.5,0,0,7
AIIDN1160,Indonesia,Sawu Sea Aquatic National Park -  Core Zones,31.9,22,1,1,1,4.9,10.0,0,0,7
AIIDN1165,Indonesia,Sawu Sea Aquatic National Park - Sustainable Fishery Zone - Traditional Sustainable Fishery Subzones,33.4,28,1,1,1,4.4,10.0,0,0,7
AIIDN117,Indonesia,Raja Ampat Islands Aquatic Nature Sanctuary - Waters of Cape Manare - Core Zone,31.3,69,1,1,0,2.8,11.5,0,0,7
AIIDN1172,Indonesia,Sawu Sea Aquatic National Park - Sustainable Fishery Zone - General Sustainable Fishery Subzones,33.5,26,1,1,1,4.5,10.0,0,0,7
AIIDN1177,Indonesia,Sawu Sea Aquatic National Park - Sustainable Fishery Zone - Cetacean Subzones,31.2,31,1,1,1,4.2,10.0,0,0,7
AIIDN118,Indonesia,Raja Ampat Islands Aquatic Nature Sanctuary - Waters of Bianci Kecil Island - Core Zone,31.3,69,1,1,0,2.8,11.5,0,0,7
AIIDN1183,Indonesia,Sawu Sea Aquatic National Park - Utilization Zones,34.2,21,1,1,1,5.2,10.0,0,0,7
AIIDN119,Indonesia,Raja Ampat Islands Aquatic Nature Sanctuary - Waters of Gof Besar Island and Gof Kecil Island - Utilization zone,31.2,65,1,1,1,2.7,11.5,0,0,7
AIIDN120,Indonesia,Raja Ampat Islands Aquatic Nature Sanctuary - Waters of Manyaifun Village - Utilization zone,31.2,65,1,1,1,2.7,11.5,0,0,7
AIIDN121,Indonesia,Raja Ampat Islands Aquatic Nature Sanctuary - Waters of Meosarar Kecil Island - Utilization zone,31.2,65,1,1,1,2.7,11.5,0,0,7
AIIDN1215,Indonesia,Sawu Sea Aquatic National Park - Other Zone - Local Wisdom Subzones,33.2,31,1,1,1,4.2,10.0,0,0,7
AIIDN1217,Indonesia,Sawu Sea Aquatic National Park - Halapaji and around - Other Zone - Tourism and Aquaculture Subzone,33.7,24,1,1,0,4.7,10.0,0,0,7
AIIDN1219,Indonesia,Semama Island Wildlife Sanctuary,27.9,4,1,0,0,10.9,0.0,0,0,7
AIIDN122,Indonesia,Raja Ampat Islands Aquatic Nature Sanctuary - Waters of Gemien Island - Utilization zone,31.2,65,1,1,1,2.7,11.5,0,0,7
AIIDN1223,Indonesia,Rambut Is. Animal Sanctuary,27.9,4,1,0,0,10.9,0.0,0,0,7
AIIDN1225,Indonesia,Sabuda Tuturuga Wildlife Sanctuary,27.9,4,1,0,0,10.9,0.0,0,0,7
AIIDN1227,Indonesia,Sindangkerta Wildlife Sanctuary,27.9,4,1,0,0,10.9,0.0,0,0,7
AIIDN123,Indonesia,Raja Ampat Islands Aquatic Nature Sanctuary - No-Take Area (NTA) of Mutus Village - Traditional Use Sub Zone,31.2,65,1,1,1,2.7,11.5,0,0,7
AIIDN124,Indonesia,Raja Ampat Islands Aquatic Nature Sanctuary - NTA of Waisilip Village - Traditional Use Sub Zone,31.2,65,1,1,1,2.7,11.5,0,0,7
AIIDN1241,Indonesia,Guraici Islands Aquatic Park,3.8,2,0,0,0,1.8,0.0,0,0,2
AIIDN1242,Indonesia,Guraici Islands Aquatic Park - Core Zones,32.8,16,1,0,0,4.3,11.5,0,0,7
AIIDN125,Indonesia,Raja Ampat Islands Aquatic Nature Sanctuary - NTA of Meosmanggara Village - Traditional Use Sub Zone,31.2,65,1,1,1,2.7,11.5,0,0,7
AIIDN1256,Indonesia,Guraici Islands Aquatic Park - Limited Use Zone,30.6,17,1,0,0,4.1,9.5,0,0,7
AIIDN1259,Indonesia,Widi Islands Aquatic Park,3.8,2,0,0,0,1.8,0.0,0,0,2
AIIDN126,Indonesia,Raja Ampat Islands Aquatic Nature Sanctuary - NTA of Manyaifun Village - Traditional Use Sub Zone,31.2,65,1,1,1,2.7,11.5,0,0,7
AIIDN1260,Indonesia,Widi Islands Aquatic Park - Core Zones,31.8,16,1,0,0,4.3,10.5,0,0,7
AIIDN1269,Indonesia,Widi Islands Aquatic Park - Limited Use Zone,29.3,20,1,0,0,3.8,8.5,0,0,7
AIIDN127,Indonesia,Raja Ampat Islands Aquatic Nature Sanctuary - NTA of Bianci Village- Traditional Use Sub Zone,31.2,65,1,1,1,2.7,11.5,0,0,7
AIIDN1275,Indonesia,"Kei Kecil Island, its surrounding islands and waters Small Island Park",3.8,2,0,0,0,1.8,0.0,0,0,2
AIIDN1276,Indonesia,Kei Kecil Is. Small Island Park -Core Zones,39.8,11,1,0,1,5.2,10.5,5,0,7
AIIDN1278,Indonesia,Kei Kecil Is. Small Island Park - Limited Use Zone - Tourism Subzones,34.6,14,1,0,0,4.1,11.5,0,0,7
AIIDN128,Indonesia,"Raja Ampat Islands Aquatic Nature Sanctuary - waters of ANS Raja Ampat, outside the core zones and the utilization zones - Sustainable Fisheries Zone",31.7,24,1,0,1,3.2,11.5,0,0,7
AIIDN1283,Indonesia,Kei Kecil Is. Small Island Park - Limited Use Zone - Mariculture Subzones,30.2,16,1,0,1,4.2,9.0,0,0,7
AIIDN129,Indonesia,Raja Ampat Islands Aquatic Nature Sanctuary - In the waters of Meosmanggara Village - Sub-zone of Aquaculture Fisheries,31.7,24,1,0,1,3.2,11.5,0,0,7
AIIDN1298,Indonesia,Kei Kecil Is. Small Island Park - Limited Use Zone - Capture Fishery Subzone,29.3,15,1,0,1,4.3,8.0,0,0,7
AIIDN1299,Indonesia,Kei Kecil Is. Small Island Park - Witir Is. - Other Zone - Customary Management Rights Subzone,32.8,12,1,0,0,4.8,9.0,0,0,7
AIIDN131,Indonesia,Western Waigeo Islands Aquatic Nature Sanctuary -   -  ,3.8,2,0,0,0,1.8,0.0,0,0,2
AIIDN132,Indonesia,Western Waigeo Islands Aquatic Nature Sanctuary - Waters of Sayang Island - Core Zone,31.2,68,1,1,0,2.7,11.5,0,0,7
AIIDN133,Indonesia,Western Waigeo Islands Aquatic Nature Sanctuary - Waters around Sayang Is. - Other Zone (Sasi),26.4,17,1,0,0,3.9,5.5,0,0,7
AIIDN1334,Indonesia,Moramo Bay Aquatic Park,3.8,2,0,0,0,1.8,0.0,0,0,2
AIIDN1335,Indonesia,Moramo Bay Aquatic Park - Sapa Hari Is. (Area III) - Core Zone,25.3,16,1,0,0,3.8,4.5,0,0,7
AIIDN1337,Indonesia,Moramo Bay Aquatic Park - Pasi Jambe waters (Area I) - Limited Use Zone,30.1,20,1,0,0,3.6,9.5,0,0,7
AIIDN1338,Indonesia,Moramo Bay Aquatic Park - Saponda Is. waters (Area II) - Limited Use Zone,30.1,20,1,0,0,3.6,9.5,0,0,7
AIIDN1339,Indonesia,Moramo Bay Aquatic Park - Moramo Bay and Hari Is. waters (Area III) - Limited Use Zone,30.1,20,1,0,0,3.6,9.5,0,0,7
AIIDN134,Indonesia,Western Waigeo Islands Aquatic Nature Sanctuary - Waters around Wayag Is. - Other Zone (Sasi),26.4,17,1,0,0,3.9,5.5,0,0,7
AIIDN1340,Indonesia,Moramo Bay Aquatic Park - (Area II) - Other Zone - Coral Reef Rehabilitation Subzones,28.1,11,1,0,0,5.1,6.0,0,0,7
AIIDN1342,Indonesia,Moramo Bay Aquatic Park - Saponda Is. waters (Area II) - Other Zone - No-Take Area Subzone,28.1,11,1,0,0,5.1,6.0,0,0,7
AIIDN1346,Indonesia,Taka Bonerate National Park (NP),3.8,2,0,0,0,1.8,0.0,0,0,2
AIIDN135,Indonesia,Western Waigeo Islands Aquatic Nature Sanctuary - Waters around Quoy Is. - Other Zone (Sasi),26.4,17,1,0,0,3.9,5.5,0,0,7
AIIDN136,Indonesia,Western Waigeo Islands Aquatic Nature Sanctuary - Waters around Bag Is. - Other Zone (Sasi),26.4,17,1,0,0,3.9,5.5,0,0,7
AIIDN137,Indonesia,Western Waigeo Islands Aquatic Nature Sanctuary - Waters around Uranie Is. - Other Zone (Sasi),26.4,17,1,0,0,3.9,5.5,0,0,7
AIIDN138,Indonesia,Western Weigeo Islands Marine Aquatic Sanctuary -  The waters outside the other zones - Utilization zone,32.3,17,1,0,1,3.8,11.5,0,0,7
AIIDN1393,Indonesia,Seribu Islands National Park (NP),3.8,2,0,0,0,1.8,0.0,0,0,2
AIIDN140,Indonesia,Anambas Islands Aquatic Tourism Park -   -  ,3.8,2,0,0,0,1.8,0.0,0,0,2
AIIDN1401,Indonesia,Mare Island and its surrounding waters Aquatic Tourism Park,3.8,2,0,0,0,1.8,0.0,0,0,2
AIIDN1402,Indonesia,Mare Is. Aquatic Tourism Park  - Core Zone 1,30.7,16,1,0,1,4.2,9.5,0,0,7
AIIDN1405,Indonesia,Mare Is. Aquatic Tourism Park  - Utilization Zone - Aquatic Nature Tourism Sub Zone,30.3,19,1,0,1,3.8,9.5,0,0,7
AIIDN1406,Indonesia,Mare Is. Aquatic Tourism Park  - Sustainable Fisheries Zone - Capture Fisheries Sub Zone,30.2,20,1,0,1,3.7,9.5,0,0,7
AIIDN1407,Indonesia,Mare Is. Aquatic Tourism Park  - Other Zone - Rehabilitation Sub Zone,30.6,17,1,0,0,4.1,9.5,0,0,7
AIIDN141,Indonesia,Anambas Islands Aquatic Tourism Park - Tokong Malangbiru Is. - Core zone,32.0,5,1,1,0,15.0,0.0,0,0,7
AIIDN1411,Indonesia,Moyo Island Nature Tourism Park ,24.0,7,1,0,0,7.0,0.0,0,0,7
AIIDN1413,Indonesia,Togean Islands National Park,3.8,2,0,0,0,1.8,0.0,0,0,2
AIIDN142,Indonesia,Anambas Islands Aquatic Tourism Park - Repong Is. - Core zone,32.0,5,1,1,0,15.0,0.0,0,0,7
AIIDN1423,Indonesia,"Parigi Moutong, Poso, Tojo Una-Una Coastal Park",3.8,2,0,0,0,1.8,0.0,0,0,2
AIIDN1424,Indonesia,"Parigi Moutong, Poso, Tojo Una-Una Coastal Park - Area I - Core Zone",35.6,13,1,1,0,7.1,11.5,0,0,7
AIIDN1425,Indonesia,"Parigi Moutong, Poso, Tojo Una-Una Coastal Park - Area I - Utilization Zone - Capture Fishery Subzone",34.9,15,1,1,0,6.4,11.5,0,0,7
AIIDN1426,Indonesia,"Parigi Moutong, Poso, Tojo Una-Una Coastal Park - Area I - Utilization Zone - Aquaculture Subzone",34.4,17,1,1,0,5.9,11.5,0,0,7
AIIDN1427,Indonesia,"Parigi Moutong, Poso, Tojo Una-Una Coastal Park - Area I - Utilization Zone - Marine Tourism Subzone",35.6,13,1,1,0,7.1,11.5,0,0,7
AIIDN1428,Indonesia,"Parigi Moutong, Poso, Tojo Una-Una Coastal Park - Area I - Other Zone - Rehabilitation Subzone",35.2,14,1,1,0,6.7,11.5,0,0,7
AIIDN1429,Indonesia,"Parigi Moutong, Poso, Tojo Una-Una Coastal Park - Area II - Core Zone",35.6,13,1,1,0,7.1,11.5,0,0,7
AIIDN143,Indonesia,Anambas Islands Aquatic Tourism Park - Surrounding Reefs - Core zone,32.0,5,1,1,0,15.0,0.0,0,0,7
AIIDN1430,Indonesia,"Parigi Moutong, Poso, Tojo Una-Una Coastal Park - Area II - Utilization Zone - Capture Fishery Subzone",34.9,15,1,1,0,6.4,11.5,0,0,7
AIIDN1431,Indonesia,"Parigi Moutong, Poso, Tojo Una-Una Coastal Park - Area II - Utilization Zone - Aquaculture Subzone",34.4,17,1,1,0,5.9,11.5,0,0,7
AIIDN1432,Indonesia,"Parigi Moutong, Poso, Tojo Una-Una Coastal Park - Area II - Utilization Zone - Marine Tourism Subzone",35.6,13,1,1,0,7.1,11.5,0,0,7
AIIDN1433,Indonesia,"Parigi Moutong, Poso, Tojo Una-Una Coastal Park - Area III - Core Zone",35.6,13,1,1,0,7.1,11.5,0,0,7
AIIDN1434,Indonesia,"Parigi Moutong, Poso, Tojo Una-Una Coastal Park - Area III - Utilization Zone - Capture Fishery Subzone",34.9,15,1,1,0,6.4,11.5,0,0,7
AIIDN1435,Indonesia,"Parigi Moutong, Poso, Tojo Una-Una Coastal Park - Area IV - Core Zone",35.6,13,1,1,0,7.1,11.5,0,0,7
AIIDN1436,Indonesia,"Parigi Moutong, Poso, Tojo Una-Una Coastal Park - Area IV- Utilization Zone - Capture Fishery Subzone",34.9,15,1,1,0,6.4,11.5,0,0,7
AIIDN1437,Indonesia,"Parigi Moutong, Poso, Tojo Una-Una Coastal Park - Area V - Core Zone",35.6,13,1,1,0,7.1,11.5,0,0,7
AIIDN1438,Indonesia,"Parigi Moutong, Poso, Tojo Una-Una Coastal Park - Area V- Utilization Zone - Capture Fishery Subzone",34.9,15,1,1,0,6.4,11.5,0,0,7
AIIDN1439,Indonesia,"Parigi Moutong, Poso, Tojo Una-Una Coastal Park - Area VI - Utilization Zone - Capture Fishery Subzone",34.9,15,1,1,0,6.4,11.5,0,0,7
AIIDN144,Indonesia,Anambas Islands Aquatic Tourism Park - Raya Bay - Core zone,32.0,5,1,1,0,15.0,0.0,0,0,7
AIIDN1440,Indonesia,"Parigi Moutong, Poso, Tojo Una-Una Coastal Park - Area VII - Core Zone",35.6,13,1,1,0,7.1,11.5,0,0,7
AIIDN1441,Indonesia,"Parigi Moutong, Poso, Tojo Una-Una Coastal Park - Area VII - Utilization Zone - Capture Fishery Subzone",34.9,15,1,1,0,6.4,11.5,0,0,7
AIIDN1442,Indonesia,"Parigi Moutong, Poso, Tojo Una-Una Coastal Park - Area VII - Utilization Zone - Marine Tourism Subzone",35.6,13,1,1,0,7.1,11.5,0,0,7
AIIDN1443,Indonesia,"Parigi Moutong, Poso, Tojo Una-Una Coastal Park - Area VII - Other Zone - Rehabilitation Subzone",35.2,14,1,1,0,6.7,11.5,0,0,7
AIIDN1448,Indonesia,Pombo Island Nature Tourism Park,24.0,7,1,0,0,7.0,0.0,0,0,7
AIIDN145,Indonesia,Anambas Islands Aquatic Tourism Park - Beretih Reef - Core zone,32.0,5,1,1,0,15.0,0.0,0,0,7
AIIDN1450,Indonesia,Banyak Islands Nature Tourism Park,24.0,7,1,0,0,7.0,0.0,0,0,7
AIIDN1452,Indonesia,Marsegu Is. Nature Tourism Park,24.0,7,1,0,0,7.0,0.0,0,0,7
AIIDN1454,Indonesia,Tujuh Belas Islands Nature Tourism Park,24.0,7,1,0,0,7.0,0.0,0,0,7
AIIDN1456,Indonesia,Padamarang Islands Nature Tourism Park,24.0,7,1,0,0,7.0,0.0,0,0,7
AIIDN1458,Indonesia,Kupang Bay Nature Tourism Park,24.0,7,1,0,0,7.0,0.0,0,0,7
AIIDN146,Indonesia,Anambas Islands Aquatic Tourism Park - Kukupluyung Reef - Core zone,32.0,5,1,1,0,15.0,0.0,0,0,7
AIIDN1460,Indonesia,Kapoposang Islands and their surrounding seas Aquatic Tourism Park,3.8,2,0,0,0,1.8,0.0,0,0,2
AIIDN1461,Indonesia,Kapoposang Islands Aquatic Tourism Park - Core Zones,29.8,7,1,0,1,6.7,6.0,0,0,7
AIIDN1463,Indonesia,Kapoposang Islands Aquatic Tourism Park - General Sustainable Fisheries Zone,32.4,11,1,0,0,5.4,10.0,0,0,7
AIIDN1464,Indonesia,Kapoposang Islands Aquatic Tourism Park - Sustainable Fisheries Zone - Traditional Subzones,30.3,16,1,0,0,4.3,9.0,0,0,7
AIIDN1466,Indonesia,Kapoposang Islands Aquatic Tourism Park - Utilization Zones,32.5,6,1,0,0,8.5,7.0,0,0,7
AIIDN147,Indonesia,Anambas Islands Aquatic Tourism Park - Penilan Is. - Core zone,32.0,5,1,1,0,15.0,0.0,0,0,7
AIIDN1474,Indonesia,Kapoposang Islands Aquatic Tourism Park - Mattiro Ujung - Other Zone,35.2,9,1,0,0,6.2,10.0,0,0,7
AIIDN1476,Indonesia,Wakatobi National Park,3.8,2,0,0,0,1.8,0.0,0,0,2
AIIDN148,Indonesia,Anambas Islands Aquatic Tourism Park - Tokong Gurun - Core zone,32.0,5,1,1,0,15.0,0.0,0,0,7
AIIDN1486,Indonesia,"Koon Is., Gorogos Is., Nukus Is., Neden Is. and their surrounding waters Small Island Park",3.8,2,0,0,0,1.8,0.0,0,0,2
AIIDN1487,Indonesia,"Koon Is., Gorogos Is., Nukus Is., Neden Is. Small Island Park - Core Zones",34.4,10,1,0,0,5.4,10.0,0,0,7
AIIDN149,Indonesia,Anambas Islands Aquatic Tourism Park - Pengerat Is. - Core zone,32.0,5,1,1,0,15.0,0.0,0,0,7
AIIDN1490,Indonesia,"Koon Is., Gorogos Is., Nukus Is., Neden Is. Small Island Park - Limited Utilization Zone - Tourism Subzones",35.3,12,1,0,0,4.8,11.5,0,0,7
AIIDN1492,Indonesia,"Koon Is., Gorogos Is., Nukus Is., Neden Is. Small Island Park - Limited Utilization Zone - Capture Fisheries Subzone",32.1,13,1,0,0,4.6,8.5,0,0,7
AIIDN1493,Indonesia,"Koon Is., Gorogos Is., Nukus Is., Neden Is. Small Island Park - Limited Utilization Zone - Traditional Capture Fisheries Subzone",29.7,15,1,0,0,4.2,8.5,0,0,7
AIIDN1494,Indonesia,"Koon Is., Gorogos Is., Nukus Is., Neden Is. Small Island Park - North from Gorogos Is. - Limited Utilization Zone - Aquaculture Subzone",33.8,12,1,0,0,4.8,10.0,0,0,7
AIIDN1495,Indonesia,"Koon Is., Gorogos Is., Nukus Is., Neden Is. Small Island Park - Other Zone - Other Uses Subzone",26.1,5,1,0,0,9.1,0.0,0,0,7
AIIDN1499,Indonesia,"Koon Is., Gorogos Is., Nukus Is., Neden Is. Small Island Park - Neden Is. - Other Zone - Rehabilitation Subzone",32.1,13,1,0,0,4.6,8.5,0,0,7
AIIDN150,Indonesia,Anambas Islands Aquatic Tourism Park - Cape Lompat  - Core zone,32.0,5,1,1,0,15.0,0.0,0,0,7
AIIDN1505,Indonesia,East Coast of Weh Is. Aquatic Nature Sanctuary,3.8,2,0,0,0,1.8,0.0,0,0,2
AIIDN1506,Indonesia,East Coast of Weh Is. Aquatic Nature Sanctuary - Core Zones,28.6,11,1,0,0,5.1,6.5,0,0,7
AIIDN151,Indonesia,Anambas Islands Aquatic Tourism Park - Kuning Reef - Core zone,32.0,5,1,1,0,15.0,0.0,0,0,7
AIIDN1510,Indonesia,East Coast of Weh Is. Aquatic Nature Sanctuary - Utilization Zones,28.9,6,1,0,0,7.9,4.0,0,0,7
AIIDN1513,Indonesia,East Coast of Weh Is. Aquatic Nature Sanctuary - Sustainable Fisheries Zone,26.8,9,1,0,0,5.8,4.0,0,0,7
AIIDN1518,Indonesia,"Gili Tangkong, Gili Nanggu, Gili Sudak (Gita Nada) and their surrounding waters Aquatic Tourism Park",3.8,2,0,0,0,1.8,0.0,0,0,2
AIIDN1519,Indonesia,Gita Nada Aquatic Tourism Park - Core Zones,28.3,9,1,0,0,5.8,5.5,0,0,7
AIIDN152,Indonesia,Anambas Islands Aquatic Tourism Park - Mesabang Bay - Core zone,32.0,5,1,1,0,15.0,0.0,0,0,7
AIIDN1521,Indonesia,Gita Nada Aquatic Tourism Park - Utilization Zones,26.1,12,1,0,0,5.1,4.0,0,0,7
AIIDN1529,Indonesia,"Gita Nada Aquatic Tourism Park - Gili Tangkong, Gili Nanggu, Gili Sudak - Sustainable Fisheries Zone",35.3,13,1,0,0,4.8,11.5,0,0,7
AIIDN153,Indonesia,Anambas Islands Aquatic Tourism Park - Salahnama Reef - Core zone,32.0,5,1,1,0,15.0,0.0,0,0,7
AIIDN1530,Indonesia,"Gita Nada Aquatic Tourism Park - Gili Tangkong, Gili Nanggu, Gili Sudak - Bangko-Bangko - Other Zone - Port Subzones",31.6,14,1,0,0,4.6,10.0,0,0,7
AIIDN154,Indonesia,Anambas Islands Aquatic Tourism Park - Tokong Linau - Core zone,32.0,5,1,1,0,15.0,0.0,0,0,7
AIIDN155,Indonesia,Anambas Islands Aquatic Tourism Park - Duata Is. (East Jemaja) - Core zone,32.0,5,1,1,0,15.0,0.0,0,0,7
AIIDN156,Indonesia,Anambas Islands Aquatic Tourism Park - Impol Besar Is. (Northern part) - Core zone,32.0,5,1,1,0,15.0,0.0,0,0,7
AIIDN157,Indonesia,Anambas Islands Aquatic Tourism Park - Impol Kecil Is. (Southern - Southeastern part) - Core zone,32.0,5,1,1,0,15.0,0.0,0,0,7
AIIDN158,Indonesia,Anambas Islands Aquatic Tourism Park - Ubi Is. and Baju Is. - Core zone,32.0,5,1,1,0,15.0,0.0,0,0,7
AIIDN159,Indonesia,Anambas Islands Aquatic Tourism Park - Duata Is. (Southern part) - Core zone,32.0,5,1,1,0,15.0,0.0,0,0,7
AIIDN160,Indonesia,Anambas Islands Aquatic Tourism Park - Mangkai Is. - Core zone,32.0,5,1,1,0,15.0,0.0,0,0,7
AIIDN161,Indonesia,Anambas Islands Aquatic Tourism Park - Tuboi Reef - Core zone,32.0,5,1,1,0,15.0,0.0,0,0,7
AIIDN162,Indonesia,Anambas Islands Aquatic Tourism Park - Pasu Is. and its surrounding - Core zone,32.0,5,1,1,0,15.0,0.0,0,0,7
AIIDN163,Indonesia,Anambas Islands Aquatic Tourism Park - Boko Reef - Core zone,32.0,5,1,1,0,15.0,0.0,0,0,7
AIIDN1636,Indonesia,HMAS Perth Maritime Conservation Area,3.8,2,0,0,0,1.8,0.0,0,0,2
AIIDN1637,Indonesia,HMAS Perth Maritime Conservation Area - Core Zone,31.0,16,1,0,0,4.0,10.0,0,0,7
AIIDN1638,Indonesia,HMAS Perth Maritime Conservation Area - Limited Use Zone,32.7,17,1,1,0,5.7,10.0,0,0,7
AIIDN164,Indonesia,Anambas Islands Aquatic Tourism Park - Cape Juluk - Core zone,32.0,5,1,1,0,15.0,0.0,0,0,7
AIIDN1645,Indonesia,Jeen Womom and its surrounding waters Coastal Park,3.8,2,0,0,0,1.8,0.0,0,0,2
AIIDN1646,Indonesia,Jeen Womom Coastal Park - Land Core Zone,32.0,7,1,0,0,7.0,3.0,5,0,7
AIIDN1647,Indonesia,Jeen Womom Coastal Park - Aquatic Core Zone,33.5,7,1,0,0,7.0,4.5,5,0,7
AIIDN1648,Indonesia,Jeen Womom Coastal Park - Limited Use Zone - Ecotourism and Public Facilities in Land Sub-Zone,26.4,6,1,0,0,7.9,1.5,0,0,7
AIIDN1649,Indonesia,Jeen Womom Coastal Park - Limited Use Zone - Ecotourism and Public Facilities on Waters Sub-Zone,28.5,7,1,0,0,7.0,4.5,0,0,7
AIIDN165,Indonesia,Anambas Islands Aquatic Tourism Park - Penesan Is. - Core zone,32.0,5,1,1,0,15.0,0.0,0,0,7
AIIDN1650,Indonesia,Jeen Womom Coastal Park - Limited Use Zone - Capture Fisheries Sub Zone,28.5,7,1,0,0,7.0,4.5,0,0,7
AIIDN1651,Indonesia,Jeen Womom Coastal Park - Other Zone - Residential Sub Zone,31.0,3,1,0,0,14.0,0.0,0,0,7
AIIDN1652,Indonesia,Jeen Womom Coastal Park - Other Zone - Coastal Vegetation Rehabilitation Sub Zone,27.9,4,1,0,0,10.9,0.0,0,0,7
AIIDN1653,Indonesia,Jeen Womom Coastal Park - Other Zone - Coral Reef Protection/Transplantation Sub Zone,27.9,4,1,0,0,10.9,0.0,0,0,7
AIIDN166,Indonesia,Anambas Islands Aquatic Tourism Park - Dayang Is. - Core zone,32.0,5,1,1,0,15.0,0.0,0,0,7
AIIDN167,Indonesia,Anambas Islands Aquatic Tourism Park - Kiabu Is. (Raya Bay) - Sustainable Fish. Zone - Aquaculture subz,26.9,5,1,0,0,8.4,1.5,0,0,7
AIIDN1677,Indonesia,Wawonii Island Aquatic Park,3.8,2,0,0,0,1.8,0.0,0,0,2
AIIDN1678,Indonesia,Wawonii Is. Aquatic Park - Core Zones,30.1,20,1,0,0,3.6,9.5,0,0,7
AIIDN168,Indonesia,Anambas Islands Aquatic Tourism Park - Impol Besar Is. (Western part) - Sustainable Fish. Zone - Aquaculture subz,26.9,5,1,0,0,8.4,1.5,0,0,7
AIIDN1680,Indonesia,Wawonii Is. Aquatic Park - Limited Use Zone,29.3,20,1,0,0,3.8,8.5,0,0,7
AIIDN1681,Indonesia,Wawonii Is. Aquatic Park - West Wawonii - Other Zone - Rehabilitation Subzone,29.2,21,1,0,0,3.7,8.5,0,0,7
AIIDN1682,Indonesia,Wawonii Is. Aquatic Park - Other Zone - Marine Construction and Installation Sub Zone,29.2,19,1,0,0,3.7,8.5,0,0,7
AIIDN169,Indonesia,Anambas Islands Aquatic Tourism Park - Nyamuk Is. - Sustainable Fish. Zone - Aquaculture subz,26.9,5,1,0,0,8.4,1.5,0,0,7
AIIDN1695,Indonesia,SAWO-LAHEWA and surrounding waters Aquatic Tourism Park,3.8,2,0,0,0,1.8,0.0,0,0,2
AIIDN1696,Indonesia,Sawo-Lahewa Aquatic Tourism Park - Area I (Sarangbuang Is.) - Core Zone,26.4,10,1,0,0,5.4,4.0,0,0,7
AIIDN1697,Indonesia,Sawo-Lahewa Aquatic Tourism Park - Area I (Sarangbuang Is.) - Sustainable Fisheries Zone,30.6,5,1,0,0,9.1,4.5,0,0,7
AIIDN1698,Indonesia,Sawo-Lahewa Aquatic Tourism Park - Area II (Western Lahewa) - Core Zones,26.4,10,1,0,0,5.4,4.0,0,0,7
AIIDN170,Indonesia,Anambas Islands Aquatic Tourism Park - Temburun Bay-Airbini Bay and Strait - Sustainable Fish. Zone - Aquaculture subz,26.9,5,1,0,0,8.4,1.5,0,0,7
AIIDN1701,Indonesia,Sawo-Lahewa Aquatic Tourism Park - Area II (Western Lahewa) - Utilization Zones,27.9,4,1,0,0,10.9,0.0,0,0,7
AIIDN1705,Indonesia,Sawo-Lahewa Aquatic Tourism Park - Area II (Western Lahewa) -  Sustainable Fisheries Zone,30.6,5,1,0,0,9.1,4.5,0,0,7
AIIDN1706,Indonesia,Sawo-Lahewa Aquatic Tourism Park - Area III (Eastern Lahewa) - Core Zones,26.4,10,1,0,0,5.4,4.0,0,0,7
AIIDN1708,Indonesia,Sawo-Lahewa Aquatic Tourism Park - Area III (Eastern Lahewa) - Siheneasi Village - Utilization Zone,27.9,4,1,0,0,10.9,0.0,0,0,7
AIIDN171,Indonesia,Anambas Islands Aquatic Tourism Park - Sunting Bay-Airasuk Strait-Kanan Is. Strait - Sustainable Fish. Zone - Aquaculture subz,26.9,5,1,0,0,8.4,1.5,0,0,7
AIIDN1710,Indonesia,Sawo-Lahewa Aquatic Tourism Park - Area III (Eastern Lahewa) - East & North Lahewa - Sustainable Fisheries Zone,30.6,5,1,0,0,9.1,4.5,0,0,7
AIIDN1711,Indonesia,Sawo-Lahewa Aquatic Tourism Park - Area III (Eastern Lahewa) - Other Zones,35.1,2,1,0,0,20.1,0.0,0,0,5
AIIDN1713,Indonesia,Sawo-Lahewa Aquatic Tourism Park - Area IV (Sifahandro) - Zaotamuru Sandbar - Core Zone,26.4,10,1,0,0,5.4,4.0,0,0,7
AIIDN1714,Indonesia,Sawo-Lahewa Aquatic Tourism Park - Area IV (Sifahandro) - West Sawo - Sustainable Fisheries Zone,30.6,5,1,0,0,9.1,4.5,0,0,7
AIIDN1715,Indonesia,Sawo-Lahewa Aquatic Tourism Park - Area V (Bengkuang Bay) - Bengkuang Bay - Utilization Zone,27.9,4,1,0,0,10.9,0.0,0,0,7
AIIDN1716,Indonesia,Sawo-Lahewa Aquatic Tourism Park - Area V (Bengkuang Bay) - East Sawo - Sustainable Fisheries Zone,30.6,5,1,0,0,9.1,4.5,0,0,7
AIIDN1717,Indonesia,Sawo-Lahewa Aquatic Tourism Park - Area V (Bengkuang Bay) - Bengkuang Bay Village - Other Zone,35.1,2,1,0,0,20.1,0.0,0,0,5
AIIDN172,Indonesia,Anambas Islands Aquatic Tourism Park - Telaga Kecil Is. - Sustainable Fish. Zone - Aquaculture subz,26.9,5,1,0,0,8.4,1.5,0,0,7
AIIDN1725,Indonesia,Komodo National Park,3.8,2,0,0,0,1.8,0.0,0,0,2
AIIDN173,Indonesia,Anambas Islands Aquatic Tourism Park - Tiru Bay - Sustainable Fish. Zone - Aquaculture subz,26.9,5,1,0,0,8.4,1.5,0,0,7
AIIDN174,Indonesia,"Anambas Islands Aquatic Tourism Park - Keramut Is, - Sustainable Fish. Zone - Aquaculture subz",26.9,5,1,0,0,8.4,1.5,0,0,7
AIIDN175,Indonesia,Anambas Islands Aquatic Tourism Park - Impol Besar Is. (Southern part) - Sustainable Fish. Zone - Aquaculture subz,26.9,5,1,0,0,8.4,1.5,0,0,7
AIIDN176,Indonesia,Anambas Islands Aquatic Tourism Park - Telaga Is. - Sustainable Fish. Zone - Traditional Fish. subz,38.4,4,1,1,0,18.4,3.0,0,0,7
AIIDN177,Indonesia,Anambas Islands Aquatic Tourism Park - Bawah Is. - Utilization Zone,31.4,6,1,0,0,7.9,1.5,5,0,7
AIIDN178,Indonesia,Anambas Islands Aquatic Tourism Park - Mengkait Is. - Utilization Zone,31.4,6,1,0,0,7.9,1.5,5,0,7
AIIDN179,Indonesia,Anambas Islands Aquatic Tourism Park - Ujung Is. - Utilization Zone,31.4,6,1,0,0,7.9,1.5,5,0,7
AIIDN180,Indonesia,Anambas Islands Aquatic Tourism Park - Nunse Is. - Utilization Zone,31.4,6,1,0,0,7.9,1.5,5,0,7
AIIDN181,Indonesia,Anambas Islands Aquatic Tourism Park - Akar Is. - Utilization Zone,31.4,6,1,0,0,7.9,1.5,5,0,7
AIIDN182,Indonesia,Anambas Islands Aquatic Tourism Park - Temuruk Is. - Utilization Zone,31.4,6,1,0,0,7.9,1.5,5,0,7
AIIDN183,Indonesia,Anambas Islands Aquatic Tourism Park - Penjaul Is./Rangsang Strait - Utilization Zone,31.4,6,1,0,0,7.9,1.5,5,0,7
AIIDN184,Indonesia,Anambas Islands Aquatic Tourism Park - P. Mangkian - Utilization Zone,31.4,6,1,0,0,7.9,1.5,5,0,7
AIIDN185,Indonesia,Anambas Islands Aquatic Tourism Park - Penyali Is. and Mandariau Is. - Utilization Zone,31.4,6,1,0,0,7.9,1.5,5,0,7
AIIDN186,Indonesia,Anambas Islands Aquatic Tourism Park - Snul Is.-Batugaram Beach - Utilization Zone,31.4,6,1,0,0,7.9,1.5,5,0,7
AIIDN187,Indonesia,Anambas Islands Aquatic Tourism Park - Kelong Is. - Utilization Zone,31.4,6,1,0,0,7.9,1.5,5,0,7
AIIDN188,Indonesia,Anambas Islands Aquatic Tourism Park - Lingai Is. - Utilization Zone,31.4,6,1,0,0,7.9,1.5,5,0,7
AIIDN189,Indonesia,Anambas Islands Aquatic Tourism Park - Hias Bay - Utilization Zone,31.4,6,1,0,0,7.9,1.5,5,0,7
AIIDN190,Indonesia,Anambas Islands Aquatic Tourism Park - Pahat Is. - Utilization Zone,31.4,6,1,0,0,7.9,1.5,5,0,7
AIIDN191,Indonesia,Anambas Islands Aquatic Tourism Park - Durai Is. - Utilization Zone,31.4,6,1,0,0,7.9,1.5,5,0,7
AIIDN192,Indonesia,Anambas Islands Aquatic Tourism Park - Tokongnenas Is. - Utilization Zone,31.4,6,1,0,0,7.9,1.5,5,0,7
AIIDN193,Indonesia,Anambas Islands Aquatic Tourism Park - Lima Is. - Utilization Zone,31.4,6,1,0,0,7.9,1.5,5,0,7
AIIDN194,Indonesia,Anambas Islands Aquatic Tourism Park - Kampak Bay - Utilization Zone,31.4,6,1,0,0,7.9,1.5,5,0,7
AIIDN195,Indonesia,Anambas Islands Aquatic Tourism Park - Penesan Kecil Is. - Utilization Zone,31.4,6,1,0,0,7.9,1.5,5,0,7
AIIDN1950,Indonesia,Aceh Tamiang and Its Surrounding Waters Coastal Park ,3.8,2,0,0,0,1.8,0.0,0,0,2
AIIDN1951,Indonesia,Aceh Tamiang Coastal Park - Core Zone ,24.6,15,1,0,1,4.5,3.0,0,0,7
AIIDN1952,Indonesia,Aceh Tamiang Coastal Park - Limited Use Zone - Tourism Subzone ,27.7,9,1,0,0,6.2,4.5,0,0,7
AIIDN1953,Indonesia,Aceh Tamiang Coastal Park - Limited Use Zone - Traditional Fishery Subzone ,32.8,13,1,0,0,4.8,9.0,0,0,9
AIIDN1954,Indonesia,Aceh Tamiang Coastal Park - Other Zone - Mangrove Rehabilitation Subzone ,26.2,9,1,0,0,6.2,3.0,0,0,7
AIIDN1956,Indonesia,Southwest Aceh Aquatic Nature Sanctuary,3.8,2,0,0,0,1.8,0.0,0,0,2
AIIDN1957,Indonesia,Southwest Aceh Aquatic Nature Sanctuary - Core Zones,32.9,25,1,1,0,4.4,11.5,0,0,7
AIIDN196,Indonesia,Anambas Islands Aquatic Tourism Park - Cape Lelan-Batu Bulu - Utilization Zone,31.4,6,1,0,0,7.9,1.5,5,0,7
AIIDN1960,Indonesia,Southwest Aceh Aquatic Nature Sanctuary - Utilization Zones,32.8,27,1,1,0,4.3,11.5,0,0,7
AIIDN1962,Indonesia,Southwest Aceh Aquatic Nature Sanctuary - Sustainable Fishery Zone I,33.0,25,1,1,0,4.5,11.5,0,0,7
AIIDN1963,Indonesia,Southwest Aceh Aquatic Nature Sanctuary - Sustainable Fishery Zone II,33.0,25,1,1,0,4.5,11.5,0,0,7
AIIDN1964,Indonesia,Southwest Aceh Aquatic Nature Sanctuary - Sandbar Is. - Other Zone,33.0,25,1,1,0,4.5,11.5,0,0,7
AIIDN1966,Indonesia,South Aceh Aquatic Nature Sanctuary,3.8,2,0,0,0,1.8,0.0,0,0,2
AIIDN1967,Indonesia,South Aceh Aquatic Nature Sanctuary - Bakongan (Area III) - Core Zone,32.9,25,1,1,0,4.4,11.5,0,0,7
AIIDN1968,Indonesia,South Aceh Aquatic Nature Sanctuary - Bakongan (Area IV) - Core Zone,32.9,25,1,1,0,4.4,11.5,0,0,7
AIIDN1969,Indonesia,South Aceh Aquatic Nature Sanctuary - Bakongan Timur (Area V) - Core Zone,32.9,25,1,1,0,4.4,11.5,0,0,7
AIIDN197,Indonesia,Anambas Islands Aquatic Tourism Park - Impol Besar Is. (Eastern part) - Utilization Zone,31.4,6,1,0,0,7.9,1.5,5,0,7
AIIDN1970,Indonesia,South Aceh Aquatic Nature Sanctuary - Trumon (Area VI) - Core Zone,32.9,25,1,1,0,4.4,11.5,0,0,7
AIIDN1971,Indonesia,South Aceh Aquatic Nature Sanctuary - Labuan Haji (Area I) - Sustainable Fishery Zone,33.0,25,1,1,0,4.5,11.5,0,0,7
AIIDN1972,Indonesia,South Aceh Aquatic Nature Sanctuary - Sama Dua (Area II) - Sustainable Fishery Zone,33.0,25,1,1,0,4.5,11.5,0,0,7
AIIDN1973,Indonesia,South Aceh Aquatic Nature Sanctuary - Trumon (Area VI) - Sustainable Fishery Zone,33.0,25,1,1,0,4.5,11.5,0,0,7
AIIDN1974,Indonesia,South Aceh Aquatic Nature Sanctuary - Bakongan (Area III) - Utilization Zone,32.8,27,1,1,0,4.3,11.5,0,0,7
AIIDN198,Indonesia,Anambas Islands Aquatic Tourism Park - Impol Kecil Is. (Northern part) - Utilization Zone,31.4,6,1,0,0,7.9,1.5,5,0,7
AIIDN1987,Indonesia,Belitung Aquatic Tourism Park,3.8,2,0,0,0,1.8,0.0,0,0,2
AIIDN1988,Indonesia,Belitung Aquatic Tourism Park -  Core Zones,27.6,14,1,0,0,4.6,6.0,0,0,7
AIIDN199,Indonesia,Anambas Islands Aquatic Tourism Park - Duata Is. (Northern part) - Utilization Zone,31.4,6,1,0,0,7.9,1.5,5,0,7
AIIDN1993,Indonesia,Belitung Aquatic Tourism Park - Sustainable Fishery Zone - Capture Fishery Subzone,34.1,22,1,0,0,3.6,11.5,0,0,7
AIIDN1994,Indonesia,Belitung Aquatic Tourism Park - Mendanau Is. and around - Sustainable Fishery Zone - Aquaculture Subzone,34.1,22,1,0,0,3.6,11.5,0,0,7
AIIDN1997,Indonesia,Belitung Aquatic Tourism Park - Sijuk - Utilization Zone,30.8,21,1,0,0,3.3,10.5,0,0,7
AIIDN200,Indonesia,Anambas Islands Aquatic Tourism Park - Tokongbelayar Is. - Utilization Zone,31.4,6,1,0,0,7.9,1.5,5,0,7
AIIDN2003,Indonesia,Gili Ketapang and its surrounding waters Aquatic Tourism Park,3.8,2,0,0,0,1.8,0.0,0,0,2
AIIDN2004,Indonesia,Gili Ketapang Aquatic Tourism Park - Core Zone,30.7,25,1,0,0,3.2,10.5,0,0,7
AIIDN2005,Indonesia,Gili Ketapang Aquatic Tourism Park - Utilization Zone - Tourism Subzone,30.6,30,1,0,0,3.1,10.5,0,0,7
AIIDN2006,Indonesia,Gili Ketapang Aquatic Tourism Park - Sustainable Fishery Zone - Aquaculture Subzone,30.8,26,1,0,0,3.3,10.5,0,0,7
AIIDN2007,Indonesia,Gili Ketapang Aquatic Tourism Park - Sustainable Fishery Zone - Capture Fishery Subzone,30.6,30,1,0,0,3.1,10.5,0,0,7
AIIDN2008,Indonesia,Gili Ketapang Aquatic Tourism Park - Other Zone - Rehabilitation Subzone,31.5,32,1,0,0,3.0,11.5,0,0,7
AIIDN201,Indonesia,Anambas Islands Aquatic Tourism Park - Penjalin Is. and its surrounding - Utilization Zone,31.4,6,1,0,0,7.9,1.5,5,0,7
AIIDN2014,Indonesia,Kubu Raya and Kayong Utara Aquatic Tourism Park,3.8,2,0,0,0,1.8,0.0,0,0,2
AIIDN2015,Indonesia,Kubu Raya and Kayong Utara Aquatic Tourism Park - Core Zones,29.4,6,1,0,0,7.9,4.5,0,0,7
AIIDN2017,Indonesia,Kubu Raya and Kayong Utara Aquatic Tourism Park - Sustainable Fishery Zones,29.0,7,1,0,0,7.0,5.0,0,0,7
AIIDN2019,Indonesia,Kubu Raya and Kayong Utara Aquatic Tourism Park - Utilization Zones,26.4,6,1,0,0,7.9,1.5,0,0,7
AIIDN202,Indonesia,Anambas Islands Aquatic Tourism Park - Temawan Besar Is. and Temawan Kecil Is. - Utilization Zone,31.4,6,1,0,0,7.9,1.5,5,0,7
AIIDN2021,Indonesia,Kubu Raya and Kayong Utara Aquatic Tourism Park - Northeast Maya Is. - Other Zone,23.3,8,1,0,0,6.3,0.0,0,0,7
AIIDN2023,Indonesia,Kendawangan and Surrounding Waters Small Island Park,3.8,2,0,0,0,1.8,0.0,0,0,2
AIIDN2024,Indonesia,Kendawangan Small Island Park - Core Zones,28.5,7,1,0,0,7.0,4.5,0,0,7
AIIDN2029,Indonesia,Kendawangan Small Island Park - Gelam Is. waters - Limited Use Zone,29.4,4,1,0,0,10.9,1.5,0,0,7
AIIDN203,Indonesia,Anambas Islands Aquatic Tourism Park - Damar Is. - Utilization Zone,31.4,6,1,0,0,7.9,1.5,5,0,7
AIIDN2030,Indonesia,Kendawangan Small Island Park - Northeast Gelam Is. - Other Zone,26.1,5,1,0,0,9.1,0.0,0,0,7
AIIDN2032,Indonesia,Kubu Raya and Its Surrounding Waters Coastal Park,3.8,2,0,0,0,1.8,0.0,0,0,2
AIIDN2033,Indonesia,Kubu Raya Coastal Park - Core Zones,29.4,6,1,0,0,7.9,4.5,0,0,7
AIIDN2038,Indonesia,Kubu Raya Coastal Park - Kubu Raya Sea Waters - Limited Use Zone,31.1,5,1,0,0,9.1,5.0,0,0,7
AIIDN2039,Indonesia,Kubu Raya Coastal Park - Other Zones,27.9,4,1,0,0,10.9,0.0,0,0,7
AIIDN204,Indonesia,Anambas Islands Aquatic Tourism Park - Pempang Is. - Rehabilitation Zone,28.9,4,1,0,0,10.9,1.0,0,0,7
AIIDN2043,Indonesia,Paloh and Its Surrounding Waters Coastal Park,3.8,2,0,0,0,1.8,0.0,0,0,2
AIIDN2044,Indonesia,Paloh Coastal Park -  Core Zones,27.7,9,1,0,0,6.2,4.5,0,0,7
AIIDN205,Indonesia,Anambas Islands Aquatic Tourism Park - South of Keramut Is. - Rehabilitation Zone,28.9,4,1,0,0,10.9,1.0,0,0,7
AIIDN2050,Indonesia,Paloh Coastal Park - Paloh Waters - Limited Use Zone,28.9,19,1,0,0,3.9,8.0,0,0,7
AIIDN2051,Indonesia,Paloh Coastal Park - Temajuk - Other Zone,29.8,5,1,0,0,9.8,3.0,0,0,7
AIIDN2054,Indonesia,"Senggora Sandbar, Sepagar Sandbar, Baras Basah Sandbar, Bogam Bay to Cape Keluang Aquatic Tourism Park",3.8,2,0,0,0,1.8,0.0,0,0,2
AIIDN2055,Indonesia,"Senggora Sandbar, Sepagar Sandbar, Baras Basah Sandbar, Bogam Bay to Cape Keluang Aquatic Tourism Park - Core Zones",28.1,22,1,0,0,3.6,7.5,0,0,7
AIIDN206,Indonesia,Anambas Islands Aquatic Tourism Park - Bawah Is.- Rehabilitation Zone,28.9,4,1,0,0,10.9,1.0,0,0,7
AIIDN2069,Indonesia,"Senggora Sandbar, Sepagar Sandbar, Baras Basah Sandbar, Bogam Bay to Cape Keluang Aquatic Tourism Park - Sustainable Fishery Zones",31.3,34,1,1,0,3.8,10.5,0,0,7
AIIDN207,Indonesia,Anambas Islands Aquatic Tourism Park - South of Impol Besar Is. - Rehabilitation Zone,28.9,4,1,0,0,10.9,1.0,0,0,7
AIIDN2071,Indonesia,"Senggora Sandbar, Sepagar Sandbar, Baras Basah Sandbar, Bogam Bay to Cape Keluang Aquatic Tourism Park - Utilization Zones",28.8,26,1,0,0,3.3,8.5,0,0,7
AIIDN2076,Indonesia,"Senggora Sandbar, Sepagar Sandbar, Baras Basah Sandbar, Bogam Bay to Cape Keluang Aquatic Tourism Park - Other Zones",28.0,23,1,0,0,3.5,7.5,0,0,7
AIIDN208,Indonesia,Anambas Islands Aquatic Tourism Park - All waters outside the other zones - Sustainable Fish. Zone - Capture Fish. subz,31.4,4,1,0,1,11.4,3.0,0,0,7
AIIDN2081,Indonesia,Tatoareng Islands and Its Surrounding Waters Small Island Park,3.8,2,0,0,0,1.8,0.0,0,0,2
AIIDN2082,Indonesia,Tatoareng Islands Small Island Park -  Core Zones,38.6,12,2,0,0,7.6,9.0,5,0,7
AIIDN2096,Indonesia,Tatoareng Islands Small Island Park - Limited Use Zone - Aquaculture Subzone,29.8,12,1,0,0,4.8,8.0,0,0,7
AIIDN2097,Indonesia,Tatoareng Islands Small Island Park - Other Zones,27.1,6,1,0,1,7.6,2.5,0,0,7
AIIDN210,Indonesia,Raja Ampat Islands Park (2021),3.8,2,0,0,0,1.8,0.0,0,0,2
AIIDN2101,Indonesia,Lease Islands Aquatic Park,3.8,2,0,0,0,1.8,0.0,0,0,2
AIIDN2102,Indonesia,Lease Islands Aquatic Park - Core Zones,29.5,16,1,0,0,4.0,8.5,0,0,7
AIIDN2108,Indonesia,Lease Islands Aquatic Park - Limited Use Zone,32.4,19,1,0,0,3.9,11.5,0,0,7
AIIDN2109,Indonesia,Lease Islands Aquatic Park - Aboru - Rehabilitation Zone,30.4,17,1,0,0,3.9,9.5,0,0,7
AIIDN2110,Indonesia,Lease Islands Aquatic Park - Port Zones,29.8,16,1,0,0,4.3,8.5,0,0,7
AIIDN2112,Indonesia,Lease Islands Aquatic Park - Noloth - Sasi Zone,29.8,16,1,0,0,4.3,8.5,0,0,7
AIIDN2114,Indonesia,Ay Is. and Rhun Is. Aquatic Park,3.8,2,0,0,0,1.8,0.0,0,0,2
AIIDN2115,Indonesia,Ay Is. and Rhun Is. Aquatic Park - Core Zones,30.4,17,1,0,0,3.9,9.5,0,0,7
AIIDN2120,Indonesia,Ay Is. and Rhun Is. Aquatic Park -  Limited Use Zone,31.9,24,1,0,0,3.4,11.5,0,0,7
AIIDN2121,Indonesia,Ay Is. and Rhun Is. Aquatic Park - Port/Mooring Zones,32.2,21,1,0,0,3.7,11.5,0,0,7
AIIDN2124,Indonesia,Ay Is. and Rhun Is. Aquatic Park - Customary Management Right Zones,32.0,23,1,0,0,3.5,11.5,0,0,7
AIIDN2127,Indonesia,Buano Is. Aquatic Park,3.8,2,0,0,0,1.8,0.0,0,0,2
AIIDN2128,Indonesia,Buano Is. Aquatic Park - Core Zones,32.5,16,1,0,0,4.0,11.5,0,0,7
AIIDN2132,Indonesia,Buano Is. Aquatic Park - Limited Use Zone,31.5,23,1,0,0,3.0,11.5,0,0,7
AIIDN2133,Indonesia,Buano Is. Aquatic Park - Rehabilitation Zones,32.3,18,1,0,0,3.8,11.5,0,0,7
AIIDN2135,Indonesia,Buano Is. Aquatic Park - South Buano - Port/Mooring Zone,32.5,16,1,0,0,4.0,11.5,0,0,7
AIIDN2136,Indonesia,Buano Is. Aquatic Park - Cape Pamali - Customary Management Right Zone,32.4,17,1,0,0,3.9,11.5,0,0,7
AIIDN2138,Indonesia,North Seram and Northwest Seram Aquatic Park,3.8,2,0,0,0,1.8,0.0,0,0,2
AIIDN2139,Indonesia,North Seram and Northwest Seram Aquatic Park -  Core Zones,30.3,4,1,0,0,11.8,1.5,0,0,7
AIIDN214,Indonesia,Raja Ampat Islands Park - Area 4 - Misool Islands Waters - Core Zone,27.4,8,1,0,0,5.9,4.5,0,0,7
AIIDN2143,Indonesia,North Seram and Northwest Seram Aquatic Park - Limited Use Zone,27.8,16,1,0,0,4.3,6.5,0,0,7
AIIDN2144,Indonesia,North Seram and Northwest Seram Aquatic Park - Rehabilitation Zones,25.6,14,1,0,0,4.6,4.0,0,0,7
AIIDN2146,Indonesia,North Seram and Northwest Seram Aquatic Park - North from Cape Pamali - Other No-Take Zone,32.5,3,1,0,0,14.0,1.5,0,0,7
AIIDN2175,Indonesia,Sula Islands and Surrounding Waters Coastal Park,3.8,2,0,0,0,1.8,0.0,0,0,2
AIIDN2176,Indonesia,Sula Islands Coastal Park - Core Zones,29.2,19,1,0,0,3.7,8.5,0,0,7
AIIDN2181,Indonesia,Sula Islands Coastal Park - Limited Use Zone - Tourism Sub Zones,29.2,21,1,0,0,3.7,8.5,0,0,7
AIIDN2193,Indonesia,Sula Islands Coastal Park - Limited Use Zone - Sustainable Fisheries Sub Zones,34.1,22,1,0,0,3.6,11.5,0,0,7
AIIDN2196,Indonesia,Sula Islands Coastal Park - Hol Bay Papua - Limited Use Zone - Aquaculture Sub Zone,29.4,19,1,0,0,3.9,8.5,0,0,7
AIIDN2197,Indonesia,Sula Islands Coastal Park - Limited Use Zone - Traditional Fisheries Sub Zones,28.8,21,1,0,0,3.3,8.5,0,0,7
AIIDN2200,Indonesia,Sula Islands Coastal Park - Other Zone - Port Sub Zones,29.1,20,1,0,0,3.6,8.5,0,0,7
AIIDN2202,Indonesia,Sula Islands Coastal Park - Other Zone - Rehabilitation Sub Zones,29.4,19,1,0,0,3.9,8.5,0,0,7
AIIDN2206,Indonesia,Makian Is. and Moti Is. Aquatic Park,3.8,2,0,0,0,1.8,0.0,0,0,2
AIIDN2207,Indonesia,Makian Is. and Moti Is. Aquatic Park - Core Zones,28.9,15,1,0,0,4.4,7.5,0,0,7
AIIDN221,Indonesia,Raja Ampat Islands Park - Area 3 - Dampier Strait - Core Zone,27.4,8,1,0,0,5.9,4.5,0,0,7
AIIDN2220,Indonesia,Makian Is. and Moti Is. Aquatic Park - Limited Use Zone - Tourism Sub Zones,29.6,17,1,0,0,4.1,8.5,0,0,7
AIIDN2225,Indonesia,Makian Is. and Moti Is. Aquatic Park - Waters of Makian and Moti Islands - Limited Use Zone - Fishing Sub Zone,31.4,17,1,0,0,3.9,10.5,0,0,7
AIIDN2226,Indonesia,Makian Is. and Moti Is. Aquatic Park - Other Zone - Rehabilitation Sub Zone,27.6,14,1,0,0,4.6,6.0,0,0,7
AIIDN2227,Indonesia,Makian Is. and Moti Is. Aquatic Park - Other Zone - Sea Lane Sub Zones,29.1,13,1,0,0,4.6,7.5,0,0,7
AIIDN2233,Indonesia,Berau Bay and Nusalasi-Van Den Bosch Bay Coastal Park,3.8,2,0,0,0,1.8,0.0,0,0,2
AIIDN2234,Indonesia,Berau Bay and Nusalasi-Van Den Bosch Bay Coastal Park - Core Zones,34.6,14,3,0,0,8.1,4.5,0,0,7
AIIDN2243,Indonesia,Berau Bay and Nusalasi-Van Den Bosch Bay Coastal Park - Limited Use Zone - Tourism Subzones,28.5,16,1,0,0,4.0,7.5,0,0,7
AIIDN2250,Indonesia,Berau Bay and Nusalasi-Van Den Bosch Bay Coastal Park - Limited Use Zone - Traditional Fishery Subzones,28.9,19,1,0,0,3.9,8.0,0,0,7
AIIDN2252,Indonesia,Berau Bay and Nusalasi-Van Den Bosch Bay Coastal Park - Limited Use Zone - Saltwater Lake Protection Subzones,30.1,17,1,0,0,4.1,9.0,0,0,7
AIIDN2259,Indonesia,Berau Bay and Nusalasi-Van Den Bosch Bay Coastal Park - Limited Use Zone - Small Island Protection Subzones,26.9,17,1,0,0,3.9,6.0,0,0,7
AIIDN226,Indonesia,Raja Ampat Islands Park - Area 2 - Mayalibit Bay - Core Zone,27.4,8,1,0,0,5.9,4.5,0,0,7
AIIDN2261,Indonesia,Berau Bay and Nusalasi-Van Den Bosch Bay Coastal Park - Other Zone - Kerakera Subzones,26.8,16,1,0,0,4.3,5.5,0,0,7
AIIDN230,Indonesia,Raja Ampat Islands Park - Area 1 - Ayau-Asia Islands Waters - Core Zone,27.4,8,1,0,0,5.9,4.5,0,0,7
AIIDN236,Indonesia,Raja Ampat Islands Park - Area 6 - Fam Islands Waters - Core Zone,27.4,8,1,0,0,5.9,4.5,0,0,7
AIIDN240,Indonesia,Padaido Islands Aquatic Tourism Park -   -  ,3.8,2,0,0,0,1.8,0.0,0,0,2
AIIDN241,Indonesia,"Padaido Islands Aquatic Tourism Park - Padaidori Is., Bromsi Is., Yeri Is., Pasi Is., Mangguandi Is., Kebori Is., Rasi Is., Samakui Is., Nukori Is., Dauwi Is., Wamsoi Is., Rumi Is., Pekreki Is. Waters - Sustainable Fisheries Zone - Traditional Sustainable Fish. Subzone 1",24.7,26,1,0,1,3.2,4.5,0,0,7
AIIDN242,Indonesia,Padaido Islands Aquatic Tourism Park - Padaidori Is. - Sasari Village - Core Zone,56.8,21,15,0,2,25.8,6.0,0,0,7
AIIDN243,Indonesia,Padaido Islands Aquatic Tourism Park - Padaidori Is. - Sandidori Village - Core Zone,56.8,21,15,0,2,25.8,6.0,0,0,7
AIIDN244,Indonesia,Padaido Islands Aquatic Tourism Park - Pai Is. - Core Zone,56.8,21,15,0,2,25.8,6.0,0,0,7
AIIDN245,Indonesia,Padaido Islands Aquatic Tourism Park - Auki Is. - South Auki - Core Zone,56.8,21,15,0,2,25.8,6.0,0,0,7
AIIDN246,Indonesia,Padaido Islands Aquatic Tourism Park - Auki Is. - North Auki - Core Zone,56.8,21,15,0,2,25.8,6.0,0,0,7
AIIDN247,Indonesia,Padaido Islands Aquatic Tourism Park - Nusi Is. - Core Zone,56.8,21,15,0,2,25.8,6.0,0,0,7
AIIDN248,Indonesia,Padaido Islands Aquatic Tourism Park - Masyur Babo Is. - Core Zone,56.8,21,15,0,2,25.8,6.0,0,0,7
AIIDN249,Indonesia,Padaido Islands Aquatic Tourism Park - P. Kebori - West Kebori - Core Zone,56.8,21,15,0,2,25.8,6.0,0,0,7
AIIDN250,Indonesia,Padaido Islands Aquatic Tourism Park - P. Kebori - South Kebori - Core Zone,56.8,21,15,0,2,25.8,6.0,0,0,7
AIIDN251,Indonesia,Padaido Islands Aquatic Tourism Park - Bromsi Is. - Core Zone,56.8,21,15,0,2,25.8,6.0,0,0,7
AIIDN252,Indonesia,Padaido Islands Aquatic Tourism Park - Pasi Is. - Core Zone,56.8,21,15,0,2,25.8,6.0,0,0,7
AIIDN253,Indonesia,Padaido Islands Aquatic Tourism Park - Meos Mangguandi Is. - Core Zone,56.8,21,15,0,2,25.8,6.0,0,0,7
AIIDN254,Indonesia,Padaido Islands Aquatic Tourism Park -  Rehabilitation Zone 1 - Other Zone,27.8,17,2,0,0,6.3,4.5,0,0,7
AIIDN255,Indonesia,Padaido Islands Aquatic Tourism Park - Rehabilitation Zone 2 - Other Zone,27.8,17,2,0,0,6.3,4.5,0,0,7
AIIDN256,Indonesia,Padaido Islands Aquatic Tourism Park - Rehabilitation Zone 3 - Other Zone,27.8,17,2,0,0,6.3,4.5,0,0,7
AIIDN257,Indonesia,Padaido Islands Aquatic Tourism Park -   - Utilization Zone 1,31.4,12,2,0,1,7.4,7.0,0,0,7
AIIDN258,Indonesia,Padaido Islands Aquatic Tourism Park -   - Utilization Zone 2,31.4,12,2,0,1,7.4,7.0,0,0,7
AIIDN259,Indonesia,Padaido Islands Aquatic Tourism Park -   - Utilization Zone 3,31.4,12,2,0,1,7.4,7.0,0,0,7
AIIDN260,Indonesia,Padaido Islands Aquatic Tourism Park -   - Utilization Zone 4,31.4,12,2,0,1,7.4,7.0,0,0,7
AIIDN261,Indonesia,Padaido Islands Aquatic Tourism Park -   - Utilization Zone 5,31.4,12,2,0,1,7.4,7.0,0,0,7
AIIDN262,Indonesia,Padaido Islands Aquatic Tourism Park -   - Utilization Zone 6,31.4,12,2,0,1,7.4,7.0,0,0,7
AIIDN263,Indonesia,Padaido Islands Aquatic Tourism Park -   - Utilization Zone 7,31.4,12,2,0,1,7.4,7.0,0,0,7
AIIDN264,Indonesia,Padaido Islands Aquatic Tourism Park -   - Utilization Zone 8,31.4,12,2,0,1,7.4,7.0,0,0,7
AIIDN265,Indonesia,Padaido Islands Aquatic Tourism Park -   - Utilization Zone 9,31.4,12,2,0,1,7.4,7.0,0,0,7
AIIDN266,Indonesia,Padaido Islands Aquatic Tourism Park -   - Utilization Zone 10,31.4,12,2,0,1,7.4,7.0,0,0,7
AIIDN267,Indonesia,Padaido Islands Aquatic Tourism Park -   - Utilization Zone 11,31.4,12,2,0,1,7.4,7.0,0,0,7
AIIDN268,Indonesia,Padaido Islands Aquatic Tourism Park -  All waters outside the other zones - Sustainable Fisheries Zone,24.7,26,1,0,1,3.2,4.5,0,0,7
AIIDN269,Indonesia,Padaido Islands Aquatic Tourism Park - Auki Is. Waters - Sustainable Fisheries Zone - Traditional Sustainable Fish. Subzone 2,24.7,26,1,0,1,3.2,4.5,0,0,7
AIIDN271,Indonesia,Banda Sea Aquatic Tourism Park -   -  ,3.8,2,0,0,0,1.8,0.0,0,0,2
AIIDN272,Indonesia,Banda Sea Aquatic Tourism Park -   - Core Zone,25.4,58,1,1,0,2.9,5.5,0,0,7
AIIDN273,Indonesia,Banda Sea Aquatic Tourism Park - Zona 403  - Utilization Zone,27.7,56,2,1,0,3.7,7.0,0,0,7
AIIDN274,Indonesia,Banda Sea Aquatic Tourism Park -  Zona 402 - Utilization Zone,27.7,56,2,1,0,3.7,7.0,0,0,7
AIIDN275,Indonesia,Banda Sea Aquatic Tourism Park -  Zona 401 - Utilization Zone,27.7,56,2,1,0,3.7,7.0,0,0,7
AIIDN276,Indonesia,Banda Sea Aquatic Tourism Park -   - Rehabilitation Zone,30.5,21,1,0,0,3.5,10.0,0,0,7
AIIDN277,Indonesia,Banda Sea Aquatic Tourism Park - Sustainable Fish.Zone - Seaweed Culture Sustainable Fisheries Subzone 2,31.0,43,1,2,0,4.0,10.0,0,0,7
AIIDN278,Indonesia,Banda Sea Aquatic Tourism Park - Sustainable Fish.Zone - Seaweed Culture Sustainable Fisheries Subzone 1,31.0,43,1,2,0,4.0,10.0,0,0,7
AIIDN279,Indonesia,Banda Sea Aquatic Tourism Park - Sustainable Fish.Zone - Pearl Culture Sustainable Fisheries Subzone,31.0,43,1,2,0,4.0,10.0,0,0,7
AIIDN280,Indonesia,Banda Sea Aquatic Tourism Park -   - Sustainable Fisheries,31.0,43,1,2,0,4.0,10.0,0,0,7
AIIDN282,Indonesia,Ujungnegoro-Roban Coastal Park,3.8,2,0,0,0,1.8,0.0,0,0,2
AIIDN283,Indonesia,Ujungnegoro-Roban Coastal Park - Maeso Reef - Core Zone,29.1,5,1,0,0,9.1,3.0,0,0,7
AIIDN284,Indonesia,Ujungnegoro-Roban Coastal Park -  Kretek Reef - Limited Use Zone - Kretek Reef Subzone,27.9,6,1,0,0,7.9,3.0,0,0,7
AIIDN285,Indonesia,Ujungnegoro-Roban Coastal Park -  Coastal waters around Maeso Reef - Limited Use Zone - Buffer Subzone,27.9,6,1,0,0,7.9,3.0,0,0,7
AIIDN286,Indonesia,"Ujungnegoro-Roban Coastal Park -  Sigandu, Depok, dan Roban Mangroves  - Limited Use Zone - Mangrove Rehabilitation Subzone",27.9,6,1,0,0,7.9,3.0,0,0,7
AIIDN287,Indonesia,Ujungnegoro-Roban Coastal Park -  Beach forest  - Limited Use Zone - Beach Forest Rehabilitation Subzone,27.9,6,1,0,0,7.9,3.0,0,0,7
AIIDN288,Indonesia,Ujungnegoro-Roban Coastal Park -  Syekh Maulana Maghribi Grave  - Limited Use Zone -  Syekh Maulana Maghribi Grave Subzone,27.9,6,1,0,0,7.9,3.0,0,0,7
AIIDN289,Indonesia,Ujungnegoro-Roban Coastal Park -  Ujungnegoro and Sigandu beaches  - Limited Use Zone -  Beach Tourism Subzone,27.9,6,1,0,0,7.9,3.0,0,0,7
AIIDN290,Indonesia,Ujungnegoro-Roban Coastal Park -  Waters around Sigandu-Roban - Other Zone,27.9,6,1,0,0,7.9,3.0,0,0,7
AIIDN291,Indonesia,Ujungnegoro-Roban Coastal Park -  Mainland around Sigandu-Ujungnegoro - Other Zone,27.9,6,1,0,0,7.9,3.0,0,0,7
AIIDN293,Indonesia,Karang Jeruk Fish Sanctuary Area ,3.8,2,0,0,0,1.8,0.0,0,0,2
AIIDN294,Indonesia,Karang Jeruk Fish Sanctuary Area - Core Zone,35.1,2,1,0,0,20.1,0.0,0,0,5
AIIDN295,Indonesia,Karang Jeruk Fish Sanctuary Area - Buffer Zone,36.6,2,1,0,0,20.1,1.5,0,0,5
AIIDN296,Indonesia,Karang Jeruk Fish Sanctuary Area - Utilization Zone,32.5,3,1,0,0,14.0,1.5,0,0,7
AIIDN298,Indonesia,Nusa Penida Aquatic Tourism Park -   -  ,3.8,2,0,0,0,1.8,0.0,0,0,2
AIIDN299,Indonesia,Nusa Penida Aquatic Tourism Park -  Core Zone,33.4,31,1,0,0,2.9,11.5,0,0,9
AIIDN300,Indonesia,Nusa Penida Aquatic Tourism Park -  Utilization Zone - Marine Tourism Subzone A,33.5,30,1,0,0,3.0,11.5,0,0,9
AIIDN301,Indonesia,Nusa Penida Aquatic Tourism Park -  Utilization Zone - Marine Tourism Subzone B,33.5,30,1,0,0,3.0,11.5,0,0,9
AIIDN302,Indonesia,Nusa Penida Aquatic Tourism Park -  Utilization Zone - Harbour Subzone,33.5,30,1,0,0,3.0,11.5,0,0,9
AIIDN303,Indonesia,Nusa Penida Aquatic Tourism Park -  Sustainable Fishery Zone - Traditional Fishery Subzone,34.5,30,1,1,0,4.0,11.5,0,0,9
AIIDN304,Indonesia,Nusa Penida Aquatic Tourism Park -  Sustainable Fisheries Zone - Special Arrangement Marine Tourism Subzone A,34.6,28,1,1,0,4.1,11.5,0,0,9
AIIDN305,Indonesia,Nusa Penida Aquatic Tourism Park -  Sustainable Fisheries Zone - Special Arrangement Marine Tourism Subzone B,34.6,28,1,1,0,4.1,11.5,0,0,9
AIIDN306,Indonesia,Nusa Penida Aquatic Tourism Park -  Sustainable Fishery Zone - Seaweed Farming Subzone,33.5,30,1,0,0,3.0,11.5,0,0,9
AIIDN307,Indonesia,Nusa Penida Aquatic Tourism Park - Other Zone - Sacred Subzone,33.4,31,1,0,0,2.9,11.5,0,0,9
AIIDN309,Indonesia,Derawan Islands and the Surrounding Waters Coastal and Small Islands (CSI) Conservation Area ,3.8,2,0,0,0,1.8,0.0,0,0,2
AIIDN317,Indonesia,Small Island Park II C - Semama Is. - Core Zone,31.1,75,1,1,1,2.6,11.5,0,0,7
AIIDN318,Indonesia,"Small Island Park II A - Lok Patti, Rabu Rabu, Baluntung - Core Zone",31.1,75,1,1,1,2.6,11.5,0,0,7
AIIDN319,Indonesia,Small Island Park II D - West Karang Muaras - Core Zone,31.1,75,1,1,1,2.6,11.5,0,0,7
AIIDN320,Indonesia,Small Island Park II C - North Kakaban Is. - Core Zone,31.1,75,1,1,1,2.6,11.5,0,0,7
AIIDN321,Indonesia,Small Island Park II E - Mataha Is. - Core Zone,31.1,75,1,1,1,2.6,11.5,0,0,7
AIIDN322,Indonesia,Small Island Park II E - Bilang-Bilangan Is. - Core Zone,31.1,75,1,1,1,2.6,11.5,0,0,7
AIIDN323,Indonesia,Coastal Park I A - Mangroves in Tabalar dan Sambaliung - Limited Use Zone - Mangrove Protection and Ecotourism Subzone,29.8,60,1,1,0,2.8,10.0,0,0,7
AIIDN324,Indonesia,Small Island Park II D - South Muaras Reef - Limited Use Zone -  Sustainable Tourism and Fisheries Subzone,31.2,73,1,1,1,2.7,11.5,0,0,7
AIIDN325,Indonesia,Small Island Park II C - Gosong Malalungun - Limited Use Zone -  Sustainable Tourism and Fisheries Subzone,31.2,73,1,1,1,2.7,11.5,0,0,7
AIIDN326,Indonesia,Small Island Park II C - Kakaban Is. - Limited Use Zone -  Sustainable Tourism and Fisheries Subzone,31.2,73,1,1,1,2.7,11.5,0,0,7
AIIDN327,Indonesia,Coastal Park I B - Batu Belubang - Limited Use Zone -  Sustainable Tourism and Fisheries Subzone,31.2,73,1,1,1,2.7,11.5,0,0,7
AIIDN328,Indonesia,Coastal Park I B - Kaniungan Kecil - Limited Use Zone -  Sustainable Tourism and Fisheries Subzone,31.2,73,1,1,1,2.7,11.5,0,0,7
AIIDN329,Indonesia,Coastal Park I B - Kaniungan Besar - Limited Use Zone -  Sustainable Tourism and Fisheries Subzone,31.2,73,1,1,1,2.7,11.5,0,0,7
AIIDN330,Indonesia,Coastal Park I B - Sigending - Limited Use Zone -  Sustainable Tourism and Fisheries Subzone,31.2,73,1,1,1,2.7,11.5,0,0,7
AIIDN331,Indonesia,Coastal Park I B - Labuan Kelambu - Limited Use Zone -  Sustainable Tourism and Fisheries Subzone,31.2,73,1,1,1,2.7,11.5,0,0,7
AIIDN332,Indonesia,Coastal Park I B - East Buaya Cape - Limited Use Zone -  Sustainable Tourism and Fisheries Subzone,31.2,73,1,1,1,2.7,11.5,0,0,7
AIIDN333,Indonesia,Coastal Park I B - Gila Bay - Limited Use Zone -  Sustainable Tourism and Fisheries Subzone,31.2,73,1,1,1,2.7,11.5,0,0,7
AIIDN334,Indonesia,Coastal Park I B - West Besar Reef - Limited Use Zone -  Sustainable Tourism and Fisheries Subzone,31.2,73,1,1,1,2.7,11.5,0,0,7
AIIDN335,Indonesia,Coastal Park I B - Silonjongan - Limited Use Zone -  Sustainable Tourism and Fisheries Subzone,31.2,73,1,1,1,2.7,11.5,0,0,7
AIIDN336,Indonesia,Small Island Park II E - Mataha and Bilang-Bilangan Is. - Limited Use Zone -  Sustainable Tourism and Fisheries Subzone,31.2,73,1,1,1,2.7,11.5,0,0,7
AIIDN337,Indonesia,Small Island Park II D - West Muaras Reef - Limited Use Zone -  Sustainable Tourism and Fisheries Subzone,31.2,73,1,1,1,2.7,11.5,0,0,7
AIIDN338,Indonesia,Small Island Park II C - Sangalaki Is. - Limited Use Zone -  Sustainable Tourism and Fisheries Subzone,31.2,73,1,1,1,2.7,11.5,0,0,7
AIIDN339,Indonesia,Small Island Park II B - Tababinga No-Take Zone - Limited Use Zone -  Sustainable Tourism and Fisheries Subzone,31.2,73,1,1,1,2.7,11.5,0,0,7
AIIDN340,Indonesia,Small Island Park II A - North Derawan Is. - Limited Use Zone -  Sustainable Tourism and Fisheries Subzone,31.2,73,1,1,1,2.7,11.5,0,0,7
AIIDN341,Indonesia,Small Island Park II A - Butasan Reef - Limited Use Zone -  Sustainable Tourism and Fisheries Subzone,31.2,73,1,1,1,2.7,11.5,0,0,7
AIIDN342,Indonesia,Small Island Park II A - Baluntung Reef - Limited Use Zone -  Sustainable Tourism and Fisheries Subzone,31.2,73,1,1,1,2.7,11.5,0,0,7
AIIDN343,Indonesia,Coastal Park I B - Perepat Cape and Uraban - Limited Use Zone -  Sustainable Tourism and Fisheries Subzone,31.2,73,1,1,1,2.7,11.5,0,0,7
AIIDN344,Indonesia,Small Island Park II C - Sangalaki Waters - Other Zone - Environmentally Friendly Capture Fisheries Sub Zone,31.5,77,1,2,1,3.0,11.5,0,0,7
AIIDN345,Indonesia,"Small Island Park II D - Gosong of Muaras Reef, Blambangan - Other Zone - Environmentally Friendly Capture Fisheries Sub Zone",31.5,77,1,2,1,3.0,11.5,0,0,7
AIIDN346,Indonesia,Small Island Park II E - Daengalahan Reef - Other Zone - Environmentally Friendly Capture Fisheries Sub Zone,31.5,77,1,2,1,3.0,11.5,0,0,7
AIIDN347,Indonesia,Coastal Park I B - Batu Putih and Biduk-Biduk - Other Zone - Environmentally Friendly Capture Fisheries and Environmentally Friendly Aquaculture Sub Zones,26.4,6,1,0,0,7.9,1.5,0,0,7
AIIDN348,Indonesia,Small Island Park II A - Reef of Panjang Is. - Other Zones - Environmentally Friendly Capture Fisheries and Environmentally Friendly Aquaculture Sub Zones,26.4,6,1,0,0,7.9,1.5,0,0,7
AIIDN350,Indonesia,Pieh Island and its surrounding waters Aquatic Tourism Park -   -  ,3.8,2,0,0,0,1.8,0.0,0,0,2
AIIDN351,Indonesia,Pieh Island Aquatic Tourism Park - Bando Is. - Core Zone,25.5,7,1,0,0,7.0,1.5,0,0,7
AIIDN352,Indonesia,Pieh Island Aquatic Tourism Park - Toran Is. - Core Zone,25.5,7,1,0,0,7.0,1.5,0,0,7
AIIDN353,Indonesia,Pieh Island Aquatic Tourism Park - Pieh Is. - Core Zone,25.5,7,1,0,0,7.0,1.5,0,0,7
AIIDN354,Indonesia,Pieh Island Aquatic Tourism Park - Air Is. - Core Zone,25.5,7,1,0,0,7.0,1.5,0,0,7
AIIDN355,Indonesia,Pieh Island Aquatic Tourism Park - Pandan Is. - Core Zone,25.5,7,1,0,0,7.0,1.5,0,0,7
AIIDN356,Indonesia,Pieh Island Aquatic Tourism Park - Pandan Is. - Utilization Zone,27.3,12,1,0,0,4.8,5.5,0,0,7
AIIDN357,Indonesia,Pieh Island Aquatic Tourism Park - Air Is. - Utilization Zone,27.3,12,1,0,0,4.8,5.5,0,0,7
AIIDN358,Indonesia,Pieh Island Aquatic Tourism Park - Bando Is. - Utilization Zone,27.6,11,1,0,0,5.1,5.5,0,0,7
AIIDN359,Indonesia,Pieh Island Aquatic Tourism Park - Pieh Is. - Utilization Zone,27.3,12,1,0,0,4.8,5.5,0,0,7
AIIDN360,Indonesia,Pieh Island Aquatic Tourism Park - Toran Is. - Utilization Zone,27.3,12,1,0,0,4.8,5.5,0,0,7
AIIDN361,Indonesia,Pieh Island Aquatic Tourism Park - Gosong 1 - Other Zone,27.1,13,1,0,0,4.6,5.5,0,0,7
AIIDN362,Indonesia,Pieh Island Aquatic Tourism Park - Gosong 4 - Other Zone,27.1,13,1,0,0,4.6,5.5,0,0,7
AIIDN363,Indonesia,Pieh Island Aquatic Tourism Park - Gosong 5 - Other Zone,27.1,13,1,0,0,4.6,5.5,0,0,7
AIIDN364,Indonesia,Pieh Island Aquatic Tourism Park - Gosong 6 - Other Zone,27.1,13,1,0,0,4.6,5.5,0,0,7
AIIDN365,Indonesia,Pieh Island Aquatic Tourism Park - Gosong 8 - Other Zone,27.1,13,1,0,0,4.6,5.5,0,0,7
AIIDN366,Indonesia,Pieh Island Aquatic Tourism Park - Gosong 2 - Other Zone,27.1,13,1,0,0,4.6,5.5,0,0,7
AIIDN367,Indonesia,Pieh Island Aquatic Tourism Park - Gosong 3 - Other Zone,27.1,13,1,0,0,4.6,5.5,0,0,7
AIIDN368,Indonesia,Pieh Island Aquatic Tourism Park - Gosong 7 - Other Zone,27.1,13,1,0,0,4.6,5.5,0,0,7
AIIDN369,Indonesia,Pieh Island Aquatic Tourism Park - The waters outside the other zones - Sustainable Fisheries Zone,25.9,14,1,0,0,4.4,4.5,0,0,7
AIIDN371,Indonesia,"Gili Meno, Gili Ayer, Gili Trawangan (Gili Matra) Aquatic Tourism Park -   -  ",3.8,2,0,0,0,1.8,0.0,0,0,2
AIIDN372,Indonesia,"Gili Matra Aquatic Tourism Park - Gili Trawangan, Gili Meno and Gili Ayer - Sustainable Fisheries Zone",32.0,21,1,0,0,3.5,11.5,0,0,7
AIIDN373,Indonesia,Gili Matra Aquatic Tourism Park - Gili Meno - Core Zone,32.5,19,1,0,1,4.0,11.5,0,0,7
AIIDN374,Indonesia,Gili Matra Aquatic Tourism Park - Gili Ayer - Core Zone,32.5,19,1,0,1,4.0,11.5,0,0,7
AIIDN375,Indonesia,Gili Matra Aquatic Tourism Park - Gili Trawangan - Sustainable Fisheries Coral Subzone 1,32.1,20,1,0,0,3.6,11.5,0,0,7
AIIDN376,Indonesia,Gili Matra Aquatic Tourism Park - Gili Trawangan - Sustainable Fisheries Coral  Subzone 2,32.1,20,1,0,0,3.6,11.5,0,0,7
AIIDN377,Indonesia,Gili Matra Aquatic Tourism Park - Gili Meno - Sustainable Fisheries Coral  Subzone 3,32.1,20,1,0,0,3.6,11.5,0,0,7
AIIDN378,Indonesia,Gili Matra Aquatic Tourism Park - Gili Meno - Sustainable Fisheries Coral  Subzone 4,32.1,20,1,0,0,3.6,11.5,0,0,7
AIIDN379,Indonesia,Gili Matra Aquatic Tourism Park - Gili Meno - Sustainable Fisheries Coral Subzone 5,32.1,20,1,0,0,3.6,11.5,0,0,7
AIIDN380,Indonesia,Gili Matra Aquatic Tourism Park - Gili Ayer - Sustainable Fisheries Coral  Subzone 6,32.1,20,1,0,0,3.6,11.5,0,0,7
AIIDN381,Indonesia,Gili Matra Aquatic Tourism Park - Gili Ayer - Sustainable Fisheries Coral Subzone 7,32.1,20,1,0,0,3.6,11.5,0,0,7
AIIDN382,Indonesia,Gili Matra Aquatic Tourism Park - Gili Trawangan - Utilization Zone  2,32.0,20,1,0,1,3.5,11.5,0,0,7
AIIDN383,Indonesia,Gili Matra Aquatic Tourism Park - Gili Trawangan - Utilization Zone  1,32.0,20,1,0,1,3.5,11.5,0,0,7
AIIDN384,Indonesia,Gili Matra Aquatic Tourism Park - Gili Meno - Utilization Zone  3,32.0,20,1,0,1,3.5,11.5,0,0,7
AIIDN385,Indonesia,Gili Matra Aquatic Tourism Park - Gili Meno - Utilization Zone  5,32.0,20,1,0,1,3.5,11.5,0,0,7
AIIDN386,Indonesia,Gili Matra Aquatic Tourism Park - Gili Ayer - Utilization Zone  6,32.0,20,1,0,1,3.5,11.5,0,0,7
AIIDN387,Indonesia,Gili Matra Aquatic Tourism Park - Gili Trawangan - Other Zone - Rehabilitation Subzone 1,30.4,21,1,0,1,3.4,10.0,0,0,7
AIIDN388,Indonesia,Gili Matra Aquatic Tourism Park - Gili Meno - Other Zone - Rehabilitation Subzone 2,30.4,21,1,0,1,3.4,10.0,0,0,7
AIIDN389,Indonesia,Gili Matra Aquatic Tourism Park - Gili Ayer - Other Zone - Rehabilitation Subzone 3,30.4,21,1,0,1,3.4,10.0,0,0,7
AIIDN390,Indonesia,Gili Matra Aquatic Tourism Park - Gili Trawangan - Other Zone - Harbor Subzone 1,30.3,24,1,0,0,3.3,10.0,0,0,7
AIIDN391,Indonesia,Gili Matra Aquatic Tourism Park - Gili Meno - Other Zone - Harbor Subzone 2,30.3,24,1,0,0,3.3,10.0,0,0,7
AIIDN392,Indonesia,Gili Matra Aquatic Tourism Park - Gili Meno - Other Zone - Harbor Subzone 3,30.3,24,1,0,0,3.3,10.0,0,0,7
AIIDN393,Indonesia,Gili Matra Aquatic Tourism Park - Gili Meno - Other Zone - Harbor Subzone 4,30.3,24,1,0,0,3.3,10.0,0,0,7
AIIDN394,Indonesia,Gili Matra Aquatic Tourism Park - Gili Ayer - Other Zone - Harbor Subzone 5,30.3,24,1,0,0,3.3,10.0,0,0,7
AIIDN395,Indonesia,Gili Matra Aquatic Tourism Park - Gili Ayer - Other Zone - Harbor Subzone 6,30.3,24,1,0,0,3.3,10.0,0,0,7
AIIDN396,Indonesia,Gili Matra Aquatic Tourism Park - Gili Meno - Utilization Zone  4,32.0,20,1,0,1,3.5,11.5,0,0,7
AIIDN397,Indonesia,Gili Matra Aquatic Tourism Park - Gili Trawangan - Other Zone - Protection Subzone,30.4,21,1,0,1,3.4,10.0,0,0,7
AIIDN398,Indonesia,Gili Matra Aquatic Tourism Park - Gili Trawangan - Core Zone,32.5,19,1,0,1,4.0,11.5,0,0,7
AIIDN412,Indonesia,Randayan Island and its Surrounding Waters Small Islands Park -   -  ,3.8,2,0,0,0,1.8,0.0,0,0,2
AIIDN412a,Indonesia,Randayan Island Small Islands Park - Core Zones,30.2,7,1,0,1,7.2,6.0,0,0,7
AIIDN412b,Indonesia,Randayan Island Small Islands Park - Other Zones  ,29.4,4,1,0,0,10.9,1.5,0,0,7
AIIDN423,Indonesia,Randayan Island Small Islands Park - Bengkayang waters - Limited Use Zone  ,29.4,4,1,0,0,10.9,1.5,0,0,7
AIIDN430,Indonesia,Pangumbahan Turtle Beach and its Surrounding Waters Coastal Park,3.8,2,0,0,0,1.8,0.0,0,0,2
AIIDN431,Indonesia,Pangumbahan Turtle Beach Coastal Park - Core Zone,31.0,15,1,0,0,4.0,10.0,0,0,7
AIIDN432,Indonesia,Pangumbahan Turtle Beach Coastal Park - Core Zone - Terrestrial Subzone,31.0,15,1,0,0,4.0,10.0,0,0,7
AIIDN433,Indonesia,Pangumbahan Turtle Beach Coastal Park - Core Zone - Waters Subzone,31.0,15,1,0,0,4.0,10.0,0,0,7
AIIDN434,Indonesia,Pangumbahan Turtle Beach Coastal Park - Limited Use Zone,30.2,25,1,0,0,3.2,10.0,0,0,7
AIIDN435,Indonesia,Pangumbahan Turtle Beach Coastal Park - Limited Use Zone - Ecotourism and Public Facilities Subzone,30.2,25,1,0,0,3.2,10.0,0,0,7
AIIDN436,Indonesia,Pangumbahan Turtle Beach Coastal Park - Limited Use Zone - Camping Ground and Outbound Subzone,30.2,25,1,0,0,3.2,10.0,0,0,7
AIIDN437,Indonesia,Pangumbahan Turtle Beach Coastal Park - Limited Use Zone - Surfing Subzone,30.2,25,1,0,0,3.2,10.0,0,0,7
AIIDN438,Indonesia,Pangumbahan Turtle Beach Coastal Park - Limited Use Zone - Traditional Fishery Subzone,30.2,25,1,0,0,3.2,10.0,0,0,7
AIIDN439,Indonesia,Pangumbahan Turtle Beach Coastal Park - Other Zone,32.9,14,1,0,0,4.4,11.5,0,0,7
AIIDN440,Indonesia,Pangumbahan Turtle Beach Coastal Park - Other Zone - Seagrass Protection Subzone,32.9,14,1,0,0,4.4,11.5,0,0,7
AIIDN441,Indonesia,Pangumbahan Turtle Beach Coastal Park - Other Zone - Coral Reef Rehabilitation Subzone,32.9,14,1,0,0,4.4,11.5,0,0,7
AIIDN443,Indonesia,Bunga Laut Strait Aquatic Tourism Park,3.8,2,0,0,0,1.8,0.0,0,0,2
AIIDN443a,Indonesia,Bunga Laut Strait Aquatic Tourism Park - Core Zones,33.1,6,1,0,1,7.6,8.5,0,0,7
AIIDN443b,Indonesia,Bunga Laut Strait Aquatic Tourism Park - Sustainable Fisheries Zones,31.3,9,1,0,0,5.8,8.5,0,0,7
AIIDN443c,Indonesia,Bunga Laut Strait Aquatic Tourism Park - Utilization Zones,32.5,7,1,0,0,7.0,8.5,0,0,7
AIIDN443d,Indonesia,Bunga Laut Strait Aquatic Tourism Park - Other Zones,37.2,7,2,0,0,11.8,8.5,0,0,7
AIIDN466,Indonesia,​​Pesisir Selatan - South Coast - Aquatic Park,3.8,2,0,0,0,1.8,0.0,0,0,2
AIIDN466a,Indonesia,​​Pesisir Selatan Aquatic Park - Core Zones,32.5,7,1,0,0,7.0,8.5,0,0,7
AIIDN470,Indonesia,​​Pesisir Selatan Aquatic Park - Limited Use Zone,32.0,7,1,0,0,6.5,8.5,0,0,7
AIIDN474,Indonesia,Aceh Jaya and its surounding waters Coastal Park,3.8,2,0,0,0,1.8,0.0,0,0,2
AIIDN474a,Indonesia,Aceh Jaya Coastal Park - Core Zones,32.1,19,1,0,1,3.6,11.5,0,0,7
AIIDN474b,Indonesia,Aceh Jaya Coastal Park - Limited Use Zone - Tourism Subzones,30.8,18,1,0,0,3.8,10.0,0,0,7
AIIDN474c,Indonesia,Aceh Jaya Coastal Park - Limited Use Zone - Aquaculture Subzones,32.1,20,1,0,0,3.6,11.5,0,0,7
AIIDN474d,Indonesia,Aceh Jaya Coastal Park - Other Zone - Rehabilitation Subzones,29.8,8,1,0,0,6.3,6.5,0,0,7
AIIDN499,Indonesia,Aceh Jaya Coastal Park - Limited Use Zone - Sustainable Fishery Subzone,32.1,20,1,0,0,3.6,11.5,0,0,7
AIIDN503,Indonesia,The Momparang Islands and their Surrounding Waters Aquatic Tourism Park,3.8,2,0,0,0,1.8,0.0,0,0,2
AIIDN504,Indonesia,Momparang Aquatic Tourism Park - Core Zones,32.2,18,1,0,1,3.7,11.5,0,0,7
AIIDN508,Indonesia,Momparang Aquatic Tourism Park - Waters around Momparang Is. - Sustainable Fishery Zone,32.3,18,1,0,0,3.8,11.5,0,0,7
AIIDN509,Indonesia,Momparang Aquatic Tourism Park - Utilization Zones,32.4,17,1,0,0,3.9,11.5,0,0,7
AIIDN515,Indonesia,"Momparang Aquatic Tourism Park -Geresik Is., Tempuling Is., and Karang Raya Is. - Other Zone - Rehabilitation Subzone",32.4,17,1,0,0,3.9,11.5,0,0,7
AIIDN526,Indonesia,Bontang Aquatic Park,3.8,2,0,0,0,1.8,0.0,0,0,2
AIIDN527,Indonesia,Bontang Aquatic Park - Kadindingan Is. - Core Zone,31.9,22,1,1,1,4.9,10.0,0,0,7
AIIDN528,Indonesia,Bontang Aquatic Park - Kadindingan Is. - Limited Use Zone - Marine Ecotourism Subzone,27.2,11,1,0,1,5.2,3.0,0,0,9
AIIDN529,Indonesia,Bontang Aquatic Park - Melahing Is. - Limited Use Zone - Sustainable Fishery Subzone,28.8,19,2,0,1,5.3,6.5,0,0,7
AIIDN530,Indonesia,Bontang Aquatic Park - Segajah Is. - Limited Use Zone,28.8,19,2,0,1,5.3,6.5,0,0,7
AIIDN534,Indonesia,Bunaken National Park,3.8,2,0,0,0,1.8,0.0,0,0,2
AIIDN590,Indonesia,Krakatau Islands Nature Reserve,6.9,3,0,0,0,2.9,0.0,0,0,4
AIIDN592,Indonesia,Leuwueng Sancang Nature Reserve,6.9,3,0,0,0,2.9,0.0,0,0,4
AIIDN594,Indonesia,Pananjung Pangandaran Nature Reserve,6.9,3,0,0,0,2.9,0.0,0,0,4
AIIDN596,Indonesia,Riung Nature Reserve,6.9,3,0,0,0,2.9,0.0,0,0,4
AIIDN610,Indonesia,"Central Tapanuli and its surrounding waters
Small Island Park ",3.8,2,0,0,0,1.8,0.0,0,0,2
AIIDN611,Indonesia,Central Tapanuli Small Island Park  - Core Zones,31.2,27,1,1,0,4.2,10.0,0,0,7
AIIDN617,Indonesia,Central Tapanuli Small Island Park  - Limited Use Zones - Tourism Subzones,31.3,26,1,1,0,4.3,10.0,0,0,7
AIIDN623,Indonesia,Central Tapanuli Small Island Park  - Badiri (Area II) - Limited Use Zone - Aquaculture Subzone,30.9,31,1,1,0,3.9,10.0,0,0,7
AIIDN624,Indonesia,Central Tapanuli Small Island Park  - Limited Use Zones - Traditional Fisheries Subzones,31.2,27,1,1,0,4.2,10.0,0,0,7
AIIDN627,Indonesia,Central Tapanuli Small Island Park  - Tapian Nauli I (Area II) - Other Zone - Coral or Mangrove Rehabilitation Subzones,31.3,26,1,1,0,4.3,10.0,0,0,7
AIIDN651,Indonesia,Aquatic Park in the Lembata Region,3.8,2,0,0,0,1.8,0.0,0,0,2
AIIDN652,Indonesia,Aquatic Park in the Lembata Region - Core Zones,31.2,19,1,1,0,5.3,9.0,0,0,7
AIIDN660,Indonesia,Aquatic Park in the Lembata Region - Area II - Marine Construction and Installation Zone,25.9,15,1,0,0,4.4,4.5,0,0,7
AIIDN661,Indonesia,Aquatic Park in the Lembata Region - Area II - Port/Mooring Zone,28.7,15,1,0,0,4.7,7.0,0,0,7
AIIDN662,Indonesia,Aquatic Park in the Lembata Region - Area II - Regional Characteristics Zone,25.3,17,1,0,0,4.3,4.0,0,0,7
AIIDN664,Indonesia,Cempi Bay Aquatic Water Sanctuary,3.8,2,0,0,0,1.8,0.0,0,0,2
AIIDN665,Indonesia,Cempi Bay Aquatic Water Sanctuary - Core Zones,28.1,18,1,0,0,3.6,7.5,0,0,7
AIIDN669,Indonesia,Cempi Bay Aquatic Water Sanctuary - Utilization Zones,28.3,18,1,0,0,3.8,7.5,0,0,7
AIIDN672,Indonesia,Cempi Bay Aquatic Water Sanctuary - Sustainable Fishery Zone,29.3,18,1,0,0,3.8,8.5,0,0,7
AIIDN673,Indonesia,Cempi Bay Aquatic Water Sanctuary - Other Zones - Rehabilitation Subzones,29.3,18,1,0,0,3.8,8.5,0,0,7
AIIDN677,Indonesia,East Flores Aquatic Park,3.8,2,0,0,0,1.8,0.0,0,0,2
AIIDN678,Indonesia,East Flores Aquatic Park - Cape Batu Payung (Area I) - Core Zone,12.1,4,0,0,1,3.1,0.0,5,0,4
AIIDN679,Indonesia,East Flores Aquatic Park - Southern Solor Is. (Area II) - Core Zone,12.1,4,0,0,1,3.1,0.0,5,0,4
AIIDN680,Indonesia,East Flores Aquatic Park - Limited Use Zones,26.6,10,1,0,1,5.6,4.0,0,0,7
AIIDN683,Indonesia,East Flores Aquatic Park - Rehabilitation Zones,26.9,10,1,0,0,5.4,4.5,0,0,7
AIIDN689,Indonesia,East Flores Aquatic Park - Area II - Construction and Installation Zone,35.1,2,1,0,0,20.1,0.0,0,0,5
AIIDN690,Indonesia,East Flores Aquatic Park - Area II - Port/Mooring Zone,36.6,2,1,0,0,20.1,1.5,0,0,5
AIIDN691,Indonesia,East Flores Aquatic Park - Regional Characteristics Zones,26.9,10,1,0,0,5.4,4.5,0,0,7
AIIDN712,Indonesia,"Buruway, Arguni, Kaimana, Etna Bay and the surrounding waters Aquatic Tourism Park",3.8,2,0,0,0,1.8,0.0,0,0,2
AIIDN714,Indonesia,Area I - Buruway - Core Zones,30.4,23,1,0,1,3.4,10.0,0,0,7
AIIDN716,Indonesia,Area I - Buruway - Utilization Zones,30.4,23,1,0,1,3.4,10.0,0,0,7
AIIDN721,Indonesia,Area I - Buruway - Sustainable Fishery Zone,32.1,29,1,0,1,3.1,10.0,0,0,7
AIIDN723,Indonesia,Area II - Arguni - Utilization Zones,30.4,23,1,0,1,3.4,10.0,0,0,7
AIIDN729,Indonesia,Area II - Arguni - Sustainable Fishery Zone,32.1,29,1,0,1,3.1,10.0,0,0,7
AIIDN731,Indonesia,Area III - Kaimana - Utilization Zones,30.4,23,1,0,1,3.4,10.0,0,0,7
AIIDN734,Indonesia,Area III - Kaimana - Sustainable Fishery Zone ,32.1,29,1,0,1,3.1,10.0,0,0,7
AIIDN737,Indonesia,Area IV - Etna Bay - Core Zone,30.5,22,1,0,1,3.5,10.0,0,0,7
AIIDN738,Indonesia,Area IV - Etna Bay - Utilization Zones,30.4,23,1,0,1,3.4,10.0,0,0,7
AIIDN740,Indonesia,Area IV - Etna Bay - Sustainable Fishery Zone,32.1,29,1,0,1,3.1,10.0,0,0,7
AIIDN742,Indonesia,Karimata Islands Nature Reserve,36.6,2,1,0,0,20.1,1.5,0,0,5
AIIDN744,Indonesia,Karimun Jawa Islands National Park,3.8,2,0,0,0,1.8,0.0,0,0,2
AIIDN796,Indonesia,Kasa Island Nature Tourism Park,24.0,7,1,0,0,7.0,0.0,0,0,7
AIIDN798,Indonesia,Pariaman Aquatic Park,3.8,2,0,0,0,1.8,0.0,0,0,2
AIIDN799,Indonesia,Pariaman Aquatic Park - Kasiak Is. - Core Zone,25.1,11,1,0,0,5.1,3.0,0,0,7
AIIDN800,Indonesia,Pariaman Aquatic Park - Limited Use Zone,25.4,10,1,0,0,5.4,3.0,0,0,7
AIIDN813,Indonesia,Kiluan Bay Aquatic Tourism Park,3.8,2,0,0,0,1.8,0.0,0,0,2
AIIDN814,Indonesia,Kiluan Bay Aquatic Tourism Park - Core Zone,33.8,18,1,1,1,5.3,11.5,0,0,7
AIIDN815,Indonesia,Kiluan Bay Aquatic Tourism Park - Utilization Zones,35.5,21,1,1,1,5.0,11.5,0,0,7
AIIDN817,Indonesia,Kiluan Bay Aquatic Tourism Park - Sustainable Fishery Zone,32.8,27,1,1,1,4.3,11.5,0,0,7
AIIDN819,Indonesia,"Banggai, Banggai Sea, Banggai Islands and their surrounding waters (Dalaka) Coastal Park",3.8,2,0,0,0,1.8,0.0,0,0,2
AIIDN820,Indonesia,Banggai Dalaka Coastal Park - Area I (Banggai) - Core Zone,33.1,16,1,1,0,6.1,10.0,0,0,7
AIIDN821,Indonesia,Banggai Dalaka Coastal Park - Area I (Banggai) - Limited Use Zone - Fishing Sub Zone,32.4,19,1,1,0,5.4,10.0,0,0,7
AIIDN822,Indonesia,Banggai Dalaka Coastal Park - Area I (Banggai) - Limited Use Zone - Aquaculture Sub Zone,32.6,18,1,1,0,5.6,10.0,0,0,7
AIIDN823,Indonesia,Banggai Dalaka Coastal Park - Area I (Banggai) - Limited Use Zone - Marine Tourism Sub Zone,32.9,17,1,1,0,5.9,10.0,0,0,7
AIIDN824,Indonesia,Banggai Dalaka Coastal Park - Area I (Banggai) - Other Zone - Rehabilitation Sub Zone,32.9,17,1,1,0,5.9,10.0,0,0,7
AIIDN825,Indonesia,Banggai Dalaka Coastal Park - Area II (Banggai) - Limited Use Zone - Fishing Sub Zone,32.4,19,1,1,0,5.4,10.0,0,0,7
AIIDN826,Indonesia,Banggai Dalaka Coastal Park - Area III (Banggai) - Other Zone - Rehabilitation Sub Zone,32.9,17,1,1,0,5.9,10.0,0,0,7
AIIDN827,Indonesia,Banggai Dalaka Coastal Park - Area IV (Banggai) - Limited Use Zone - Fishing Sub Zone,32.4,19,1,1,0,5.4,10.0,0,0,7
AIIDN828,Indonesia,Banggai Dalaka Coastal Park - Area IV (Banggai) - Limited Use Zone - Aquaculture Sub Zone,32.6,18,1,1,0,5.6,10.0,0,0,7
AIIDN829,Indonesia,Banggai Dalaka Coastal Park - Area IV (Banggai) - Other Zone - Rehabilitation Sub Zone,32.9,17,1,1,0,5.9,10.0,0,0,7
AIIDN830,Indonesia,Banggai Dalaka Coastal Park - Area V (Banggai) - Limited Use Zone - Marine Tourism Sub Zone,32.9,17,1,1,0,5.9,10.0,0,0,7
AIIDN831,Indonesia,Banggai Dalaka Coastal Park - Area VI (Banggai) - Limited Use Zone - Fishing Sub Zone,32.4,19,1,1,0,5.4,10.0,0,0,7
AIIDN832,Indonesia,Banggai Dalaka Coastal Park - Area VI (Banggai) - Limited Use Zone - Marine Tourism Sub Zone,32.9,17,1,1,0,5.9,10.0,0,0,7
AIIDN833,Indonesia,Banggai Dalaka Coastal Park - Area VI (Banggai) - Other Zone - Rehabilitation Sub Zone,32.9,17,1,1,0,5.9,10.0,0,0,7
AIIDN834,Indonesia,Banggai Dalaka Coastal Park - Area VII (Banggai) - Limited Use Zone - Fishing Sub Zone,32.4,19,1,1,0,5.4,10.0,0,0,7
AIIDN835,Indonesia,Banggai Dalaka Coastal Park - Area VII (Banggai) - Limited Use Zone - Marine Tourism Sub Zone,32.9,17,1,1,0,5.9,10.0,0,0,7
AIIDN836,Indonesia,Banggai Dalaka Coastal Park - Area VIII (Banggai) - Limited Use Zone - Fishing Sub Zone,32.4,19,1,1,0,5.4,10.0,0,0,7
AIIDN837,Indonesia,Banggai Dalaka Coastal Park - Area IX (Banggai) - Core Zone,33.1,16,1,1,0,6.1,10.0,0,0,7
AIIDN838,Indonesia,Banggai Dalaka Coastal Park - Area IX (Banggai) - Limited Use Zone - Fishing Sub Zone,32.4,19,1,1,0,5.4,10.0,0,0,7
AIIDN839,Indonesia,Banggai Dalaka Coastal Park - Area IX (Banggai) - Limited Use Zone - Marine Tourism Sub Zone,32.9,17,1,1,0,5.9,10.0,0,0,7
AIIDN840,Indonesia,Banggai Dalaka Coastal Park - Area IX (Banggai) - Other Zone - Rehabilitation Sub Zone,32.9,17,1,1,0,5.9,10.0,0,0,7
AIIDN841,Indonesia,Banggai Dalaka Coastal Park - Area X (Banggai) - Limited Use Zone - Fishing Sub Zone,32.4,19,1,1,0,5.4,10.0,0,0,7
AIIDN842,Indonesia,Banggai Dalaka Coastal Park - Area XI (Banggai Islands) - Limited Use Zone - Fishing Sub Zone,32.4,19,1,1,0,5.4,10.0,0,0,7
AIIDN843,Indonesia,Banggai Dalaka Coastal Park - Area XI (Banggai Islands) - Limited Use Zone - Marine Tourism Sub Zone,32.9,17,1,1,0,5.9,10.0,0,0,7
AIIDN844,Indonesia,Banggai Dalaka Coastal Park - Area XII (Banggai Sea and Banggai Islands) - Core Zone,33.1,16,1,1,0,6.1,10.0,0,0,7
AIIDN845,Indonesia,Banggai Dalaka Coastal Park - Area XII (Banggai Sea and Banggai Islands) - Limited Use Zone - Fishing Sub Zone,32.4,19,1,1,0,5.4,10.0,0,0,7
AIIDN846,Indonesia,Banggai Dalaka Coastal Park - Area XII (Banggai Sea and Banggai Islands) - Limited Use Zone - Aquaculture Sub Zone,32.6,18,1,1,0,5.6,10.0,0,0,7
AIIDN847,Indonesia,Banggai Dalaka Coastal Park - Area XII (Banggai Sea and Banggai Islands) - Limited Use Zone - Marine Tourism Sub Zone,32.9,17,1,1,0,5.9,10.0,0,0,7
AIIDN848,Indonesia,Banggai Dalaka Coastal Park - Area XII (Banggai Sea and Banggai Islands) - Other Zone - Rehabilitation Sub Zone,32.9,17,1,1,0,5.9,10.0,0,0,7
AIIDN849,Indonesia,Banggai Dalaka Coastal Park - Area XIII (Banggai Sea) - Core Zone,33.1,16,1,1,0,6.1,10.0,0,0,7
AIIDN850,Indonesia,Banggai Dalaka Coastal Park - Area XIII (Banggai Sea) - Limited Use Zone - Fishing Sub Zone,32.4,19,1,1,0,5.4,10.0,0,0,7
AIIDN851,Indonesia,Banggai Dalaka Coastal Park - Area XIII (Banggai Sea) - Limited Use Zone - Aquaculture Sub Zone,32.6,18,1,1,0,5.6,10.0,0,0,7
AIIDN852,Indonesia,Banggai Dalaka Coastal Park - Area XIII (Banggai Sea) - Other Zone - Rehabilitation Sub Zone,32.9,17,1,1,0,5.9,10.0,0,0,7
AIIDN854,Indonesia,Gili Banta Aquatic Water Park,3.8,2,0,0,0,1.8,0.0,0,0,2
AIIDN855,Indonesia,Gili Banta Aquatic Water Park - Core Zones,30.1,20,1,0,0,3.6,9.5,0,0,7
AIIDN857,Indonesia,Gili Banta Aquatic Water Park - Notheast Gili Banta - Utilization Zone,30.8,16,1,0,0,4.3,9.5,0,0,7
AIIDN861,Indonesia,Gili Banta Aquatic Water Park - Sustainable Fishery Zone,30.5,18,1,0,0,4.0,9.5,0,0,7
AIIDN862,Indonesia,Gili Banta Aquatic Water Park - Loho Mobuka - Other Zone - Rehabilitation Subzone,30.6,17,1,0,0,4.1,9.5,0,0,7
AIIDN864,Indonesia,"Gili Sulat, Gili Lawang, and surrounding waters Aquatic Tourism Park",3.8,2,0,0,0,1.8,0.0,0,0,2
AIIDN865,Indonesia,Gili Sulat and Gili Lawang Aquatic Tourism Park - Core Zones,30.8,10,1,0,1,5.3,8.5,0,0,7
AIIDN868,Indonesia,Gili Sulat and Gili Lawang Aquatic Tourism Park - Utilization Zones,28.2,15,1,0,0,4.2,7.0,0,0,7
AIIDN871,Indonesia,Gili Sulat and Gili Lawang Aquatic Tourism Park - Sustainable Fishery Zone,32.2,21,1,0,0,3.7,11.5,0,0,7
AIIDN872,Indonesia,Gili Sulat and Gili Lawang Aquatic Tourism Park - Gili Sulat - Other Zone - Mooring and Anchoring Subzone,32.9,14,1,0,0,4.4,11.5,0,0,7
AIIDN890,Indonesia,Aceh Besar Aquatic Nature Sanctuary,3.8,2,0,0,0,1.8,0.0,0,0,2
AIIDN891,Indonesia,Aceh Besar Aquatic Nature Sanctuary - Core Zones,32.8,11,1,1,0,7.8,8.0,0,0,7
AIIDN905,Indonesia,Aceh Besar Aquatic Nature Sanctuary - Sustainable Fishery Zones,26.9,10,1,0,0,5.4,4.5,0,0,7
AIIDN914,Indonesia,Aceh Besar Aquatic Nature Sanctuary - Lhok North Breuh Is. - Utilization Zone,28.5,5,1,0,1,9.5,0.0,0,0,9
AIIDN921,Indonesia,Aceh Besar Aquatic Nature Sanctuary - Other Zones,28.5,5,1,0,1,9.5,0.0,0,0,9
AIIDN926,Indonesia,Lasolo Bay Nature Tourism Park,24.0,7,1,0,0,7.0,0.0,0,0,7
AIIDN930,Indonesia,Liang and Ngali Island and the Surrounding Waters Aquatic Tourism Park,3.8,2,0,0,0,1.8,0.0,0,0,2
AIIDN931,Indonesia,Liang Is. and Ngali Is. Aquatic Tourism Park - Core Zones,29.1,19,1,0,1,3.6,8.5,0,0,7
AIIDN935,Indonesia,Liang Is. and Ngali Is. Aquatic Tourism Park - Utilization Zones,30.6,17,1,0,0,4.1,9.5,0,0,7
AIIDN940,Indonesia,Liang Is. and Ngali Is. Aquatic Tourism Park - Sustainable Fishery Zone,30.6,17,1,0,0,4.1,9.5,0,0,7
AIIDN941,Indonesia,Liang Is. and Ngali Is. Aquatic Tourism Park - Other Zone - Rehabilitation Subzones,30.6,17,1,0,0,4.1,9.5,0,0,7
AIIDN946,Indonesia,"Donggala, Buol, Tolitoli (Doboto) Coastal Park",3.8,2,0,0,0,1.8,0.0,0,0,2
AIIDN947,Indonesia,Doboto Coastal Park - Area I - Limited Use Zone - Fishing Subzone,32.6,18,1,1,0,5.6,10.0,0,0,7
AIIDN948,Indonesia,Doboto Coastal Park - Area I - Limited Use Zone - Aquaculture Subzone,31.9,15,1,1,0,6.4,8.5,0,0,7
AIIDN949,Indonesia,Doboto Coastal Park - Area I - Limited Use Zone - Marine Tourism Subzone,33.1,16,1,1,0,6.1,10.0,0,0,7
AIIDN950,Indonesia,Doboto Coastal Park - Area I - Other Zone - Rehabilitation Subzone,29.6,16,1,1,0,6.1,6.5,0,0,7
AIIDN951,Indonesia,Doboto Coastal Park - Area II - Core Zone ,30.2,14,1,1,0,6.7,6.5,0,0,7
AIIDN952,Indonesia,Doboto Coastal Park - Area II - Limited Use Zone - Fishing Subzone,32.6,18,1,1,0,5.6,10.0,0,0,7
AIIDN953,Indonesia,Doboto Coastal Park - Area II - Other Zone - Rehabilitation Subzone,29.6,16,1,1,0,6.1,6.5,0,0,7
AIIDN954,Indonesia,Doboto Coastal Park - Area III - Core Zone ,30.2,14,1,1,0,6.7,6.5,0,0,7
AIIDN955,Indonesia,Doboto Coastal Park - Area III - Limited Use Zone - Fishing Subzone,32.6,18,1,1,0,5.6,10.0,0,0,7
AIIDN956,Indonesia,Doboto Coastal Park - Area IV - Core Zone ,30.2,14,1,1,0,6.7,6.5,0,0,7
AIIDN957,Indonesia,Doboto Coastal Park - Area IV - Limited Use Zone - Fishing Subzone,32.6,18,1,1,0,5.6,10.0,0,0,7
AIIDN958,Indonesia,Doboto Coastal Park - Area V - Other Zone - Rehabilitation Subzone,29.6,16,1,1,0,6.1,6.5,0,0,7
AIIDN959,Indonesia,Doboto Coastal Park - Area VI - Core Zone ,30.2,14,1,1,0,6.7,6.5,0,0,7
AIIDN960,Indonesia,Doboto Coastal Park - Area VI - Limited Use Zone - Fishing Subzone,32.6,18,1,1,0,5.6,10.0,0,0,7
AIIDN961,Indonesia,Doboto Coastal Park - Area VI - Limited Use Zone - Aquaculture Subzone,31.9,15,1,1,0,6.4,8.5,0,0,7
AIIDN962,Indonesia,Doboto Coastal Park - Area VI - Limited Use Zone - Marine Tourism Subzone,33.1,16,1,1,0,6.1,10.0,0,0,7
AIIDN963,Indonesia,Doboto Coastal Park - Area VI - Other Zone - Rehabilitation Subzone,29.6,16,1,1,0,6.1,6.5,0,0,7
AIIDN964,Indonesia,Doboto Coastal Park - Area VII - Core Zone ,30.2,14,1,1,0,6.7,6.5,0,0,7
AIIDN965,Indonesia,Doboto Coastal Park - Area VII - Limited Use Zone - Fishing Subzone,32.6,18,1,1,0,5.6,10.0,0,0,7
AIIDN966,Indonesia,Doboto Coastal Park - Area VII - Limited Use Zone - Marine Tourism Subzone,33.1,16,1,1,0,6.1,10.0,0,0,7
AIIDN967,Indonesia,Doboto Coastal Park - Area VIII - Core Zone ,30.2,14,1,1,0,6.7,6.5,0,0,7
AIIDN968,Indonesia,Doboto Coastal Park - Area VIII - Limited Use Zone - Fishing Subzone,32.6,18,1,1,0,5.6,10.0,0,0,7
AIIDN969,Indonesia,Doboto Coastal Park - Area IX - Limited Use Zone - Fishing Subzone,32.6,18,1,1,0,5.6,10.0,0,0,7
AIIDN970,Indonesia,Doboto Coastal Park - Area X - Core Zone ,30.2,14,1,1,0,6.7,6.5,0,0,7
AIIDN971,Indonesia,Doboto Coastal Park - Area X - Limited Use Zone - Fishing Subzone,32.6,18,1,1,0,5.6,10.0,0,0,7
AIIDN972,Indonesia,Doboto Coastal Park - Area XI - Core Zone ,30.2,14,1,1,0,6.7,6.5,0,0,7
AIIDN973,Indonesia,Doboto Coastal Park - Area XI - Limited Use Zone - Fishing Subzone,32.6,18,1,1,0,5.6,10.0,0,0,7
AIIDN974,Indonesia,Doboto Coastal Park - Area XI - Other Zone - Rehabilitation Subzone,29.6,16,1,1,0,6.1,6.5,0,0,7
AIIDN975,Indonesia,Doboto Coastal Park - Area XII - Core Zone ,30.2,14,1,1,0,6.7,6.5,0,0,7
AIIDN976,Indonesia,Doboto Coastal Park - Area XII - Limited Use Zone - Fishing Subzone,32.6,18,1,1,0,5.6,10.0,0,0,7
AIIDN977,Indonesia,Doboto Coastal Park - Area XII - Other Zone - Rehabilitation Subzone,29.6,16,1,1,0,6.1,6.5,0,0,7
AIIDN983,Indonesia,"Angsana, Loban River, Laut Is.-Sembilan Is., Sambargelap Islands and their surrounding waters Aquatic Tourism Park (South Kalimantan Aquatic Tourism Park)",3.8,2,0,0,0,1.8,0.0,0,0,2
AIIDN984,Indonesia,South Kalimantan Aquatic Tourism Park - Area I (Angsana) - Core Zone,30.1,21,1,0,1,3.6,9.5,0,0,7
AIIDN985,Indonesia,South Kalimantan Aquatic Tourism Park - Area I (Angsana) - Sustainable Fishery Zone,34.8,27,1,1,0,4.3,11.5,0,0,7
AIIDN986,Indonesia,South Kalimantan Aquatic Tourism Park - Area I (Angsana) - Utilization Zone,34.8,27,1,1,0,4.3,11.5,0,0,7
AIIDN987,Indonesia,South Kalimantan Aquatic Tourism Park - Area I (Angsana) - Other Zone,32.1,21,1,1,0,5.1,10.0,0,0,7
AIIDN988,Indonesia,South Kalimantan Aquatic Tourism Park - Area II (Loban River) - Core Zone,30.1,21,1,0,1,3.6,9.5,0,0,7
AIIDN989,Indonesia,South Kalimantan Aquatic Tourism Park - Area II (Loban River) - Sustainable Fishery Zone,34.8,27,1,1,0,4.3,11.5,0,0,7
AIIDN990,Indonesia,South Kalimantan Aquatic Tourism Park - Area II (Loban River) - Utilization Zone,34.8,27,1,1,0,4.3,11.5,0,0,7
AIIDN991,Indonesia,South Kalimantan Aquatic Tourism Park - Area II (Loban River) - Other Zone,32.1,21,1,1,0,5.1,10.0,0,0,7
AIIDN992,Indonesia,South Kalimantan Aquatic Tourism Park - Area III (Laut Is.-Sembilan Is.) - Core Zone,30.1,21,1,0,1,3.6,9.5,0,0,7
AIIDN993,Indonesia,South Kalimantan Aquatic Tourism Park - Area III (Laut Is.-Sembilan Is.) - Sustainable Fishery Zone,34.8,27,1,1,0,4.3,11.5,0,0,7
AIIDN994,Indonesia,South Kalimantan Aquatic Tourism Park - Area III (Laut Is.-Sembilan Is.) - Utilization Zone,34.8,27,1,1,0,4.3,11.5,0,0,7
AIIDN995,Indonesia,South Kalimantan Aquatic Tourism Park - Area III (Laut Is.-Sembilan Is.) - Other Zone,32.1,21,1,1,0,5.1,10.0,0,0,7
AIIDN996,Indonesia,South Kalimantan Aquatic Tourism Park - Area IV (Sambargelap Islands) - Core Zone,30.1,21,1,0,1,3.6,9.5,0,0,7
AIIDN997,Indonesia,South Kalimantan Aquatic Tourism Park - Area IV (Sambargelap Islands) - Utilization Zone,34.8,27,1,1,0,4.3,11.5,0,0,7
AIITA1,Italy,Italy EEZ,8.6,4,0,0,1,3.1,1.5,0,0,4
AIITA10,Italy,Capo Caccia - Isola Piana,24.0,7,1,0,2,7.0,0.0,0,0,7
AIITA100,Italy,Stagno di Porto Botte,53.5,7,4,1,2,24.0,5.5,0,0,7
AIITA101,Italy,A Nord di Sa Salina (Calasetta),53.5,7,4,1,2,24.0,5.5,0,0,7
AIITA102,Italy,Isola della Vacca,35.0,19,2,2,4,8.0,10.0,0,0,7
AIITA103,Italy,"Isola di Sant'Antioco, Capo Sperone",35.8,14,2,1,3,8.8,8.0,0,0,7
AIITA104,Italy,Serra is Tres Portus (Sant'Antioco),53.5,7,4,1,2,24.0,5.5,0,0,7
AIITA105,Italy,Punta Giunchera,53.5,7,4,1,2,24.0,5.5,0,0,7
AIITA106,Italy,Tra Poggio la Salina e Punta Maggiore,53.5,7,4,1,2,24.0,5.5,0,0,7
AIITA107,Italy,Punta S'Aliga,53.5,7,4,1,2,24.0,5.5,0,0,7
AIITA108,Italy,Isola di San Pietro,53.5,7,4,1,2,24.0,5.5,0,0,7
AIITA109,Italy,Costa e Entroterra tra Punta Cannoni e Punta delle Oche - Isola di San Pietro,35.8,14,2,1,3,8.8,8.0,0,0,7
AIITA11,Italy,AREA MARINA PROTETTA CAPO CACCIA - ISOLA PIANA - FASCIA ESTERNA,34.7,23,1,1,1,4.7,8.0,5,0,7
AIITA111,Italy,Costa di Nebida,53.5,7,4,1,2,24.0,5.5,0,0,7
AIITA112,Italy,Da Is Arenas a Tonnara (Marina di Gonnesa),53.5,7,4,1,2,24.0,5.5,0,0,7
AIITA113,Italy,Capo Pecora,53.5,7,4,1,2,24.0,5.5,0,0,7
AIITA114,Italy,Da Piscinas a Riu Scivu,53.5,7,4,1,2,24.0,5.5,0,0,7
AIITA115,Italy,Is Compinxius - Campo Dunale di Bugerru - Portixeddu,53.5,7,4,1,2,24.0,5.5,0,0,7
AIITA116,Italy,Monte Arcuentu e Rio Piscinas,53.5,7,4,1,2,24.0,5.5,0,0,7
AIITA117,Italy,Is Arenas S'Acqua e S'Ollastu,53.5,7,4,1,2,24.0,5.5,0,0,7
AIITA118,Italy,"Corru S'Ittiri, stagno di S. Giovanni e Marceddì",58.2,21,11,1,3,20.7,10.5,0,0,7
AIITA12,Italy,TRATTO DI MARE AD EST DEL PROMONTORIO DI PUNTA GIGLIO,34.0,9,1,0,1,6.0,6.0,5,0,7
AIITA120,Italy,Stagno di Corru S'Ittiri,53.5,7,4,1,2,24.0,5.5,0,0,7
AIITA121,Italy,Sassu - Cirras,53.5,7,4,1,2,24.0,5.5,0,0,7
AIITA122,Italy,Stagno di S'Ena Arrubia e territori limitrofi,53.5,7,4,1,2,24.0,5.5,0,0,7
AIITA123,Italy,Stagno di S'Ena Arrubia,35.8,14,2,1,3,8.8,8.0,0,0,7
AIITA125,Italy,Is Arenas,53.5,7,4,1,2,24.0,5.5,0,0,7
AIITA126,Italy,Stagno di Cabras,53.5,7,4,1,2,24.0,5.5,0,0,7
AIITA127,Italy,Stagno di Cabras,35.8,14,2,1,3,8.8,8.0,0,0,7
AIITA128,Italy,Stagno di Mistras di Oristano,53.5,7,4,1,2,24.0,5.5,0,0,7
AIITA129,Italy,Stagno di Mistras,35.8,14,2,1,3,8.8,8.0,0,0,7
AIITA13,Italy,TRATTO DI MARE DI ISOLA PIANA A OVEST,34.0,9,1,0,1,6.0,6.0,5,0,7
AIITA130,Italy,Isola di Mal di Ventre e Catalano,35.0,19,2,2,4,8.0,10.0,0,0,7
AIITA132,Italy,Penisola Del Sinis - Isola Mal Di Ventre,24.9,6,1,0,2,7.9,0.0,0,0,7
AIITA133,Italy,AREA MARINA PROTETTA PENISOLA DEL SINIS - ISOLA DI MAL DI VENTRE,14.6,8,0,0,2,2.6,8.0,0,0,4
AIITA134,Italy,"TRATTO DI MARE ANTISTANTE TORRE DEL SEVO, COMPRENDENDO LE ISOLE DI IS CAOGHEDDAS E PUNTA MAIMONI, PER UNA DISTANZA DI CIRCA 1.000 METRI DALLA COSTA",35.9,18,1,0,1,3.9,10.0,5,0,7
AIITA135,Italy,"TRATTO DI MARE NORD E SUD-OCCIDENTALE DELL'ISOLA DI MAL DI VENTRE, TUTT'INTORNO LA ZONA A, RICOMPRESO TRA LA CONGIUNGENTE L'ESTREMA PUNTA NORD DELL'ISOLA E LO SCOGLIO DEL FARO VECCHIO E IL MERIDIANO PASSANTE PER L'ESTREMA PUNTA A SUD DI CALA DEI PASTORI",35.9,18,1,0,1,3.9,10.0,5,0,7
AIITA136,Italy,"TRATTO DI MARE NORD-OCCIDENTALE DELL'ISOLA DI MAL DI VENTRE, A PARTIRE DALLA PUNTA A OVEST DI CALA MAESTRA",26.0,7,1,0,2,7.5,1.5,0,0,7
AIITA137,Italy,TRATTO DI MARE TUTTO INTORNO LO SCOGLIO DEL CATALANO,26.0,7,1,0,2,7.5,1.5,0,0,7
AIITA139,Italy,Stagno di Putzu Idu (Salina Manna e Pauli Marigosa)  - aka RAMSAR Stagno di Sale (in WDPA / MCI),53.5,7,4,1,2,24.0,5.5,0,0,7
AIITA14,Italy,ZONA OCCIDENTALE DI PORTO CONTE DA PUNTA DELLE GESSIERE A PUNTA DEL BOLLO,35.3,19,1,1,1,5.3,8.0,5,0,7
AIITA141,Italy,Costa di Cuglieri,35.3,15,2,1,3,8.3,8.0,0,0,7
AIITA142,Italy,"Entroterra e zona costiera tra Bosa, Capo Marargiu e Porto Tangone",53.5,7,4,1,2,24.0,5.5,0,0,7
AIITA143,Italy,"Costa e Entroterra di Bosa, Suni e Montresta",35.3,15,2,1,3,8.3,8.0,0,0,7
AIITA145,Italy,Area marina protetta Isola di Ustica,4.6,2,0,0,1,2.6,0.0,0,0,2
AIITA146,Italy,Area marina protetta Isola di Ustica - Zone A,11.7,3,0,0,1,4.7,3.0,0,0,4
AIITA147,Italy,Area marina protetta Isola di Ustica - Zone B,30.3,4,1,0,2,11.8,1.5,0,0,7
AIITA148,Italy,Area marina protetta Isola di Ustica - Zone C,9.0,3,0,0,1,3.5,1.5,0,0,4
AIITA149,Italy,Fondali dell'isola di Ustica,50.9,8,4,1,3,21.4,5.5,0,0,7
AIITA15,Italy,ZONA ORIENTALE DI PORTO CONTE COMPRESA TRA LA PUNTA DEL CERCHIO E CAPO GALERA,35.3,19,1,1,1,5.3,8.0,5,0,7
AIITA150,Italy,Isola di Ustica,35.0,19,2,2,4,8.0,10.0,0,0,7
AIITA152,Italy,Arcipelago delle Pelagie - area marina e terrestre,35.3,15,2,1,3,8.3,8.0,0,0,7
AIITA153,Italy,Fondali delle Isole Pelagie,53.5,7,4,1,2,24.0,5.5,0,0,7
AIITA154,Italy,Isole Pelagie,30.8,7,1,0,3,7.3,1.5,5,0,7
AIITA155,Italy,Isole Pelagie - Zone A,28.2,7,1,0,1,7.2,4.0,0,0,7
AIITA156,Italy,Isole Pelagie - Zone B,31.2,11,1,0,1,5.2,7.0,0,0,9
AIITA157,Italy,Isole Pelagie - Zone C,31.2,11,1,0,1,5.2,7.0,0,0,9
AIITA16,Italy,Capo Caccia (con le isole Foradada e Piana) e Punta del Giglio,53.5,7,4,1,2,24.0,5.5,0,0,7
AIITA160,Italy,Isola di Lampedusa e Lampione,61.0,11,7,1,2,25.0,9.0,0,0,7
AIITA161,Italy,Riserva naturale orientata Isola di Lampedusa,24.3,9,1,0,2,5.8,1.5,0,0,7
AIITA162,Italy,Riserva naturale orientata Isola di Lampedusa - Zone A,38.2,2,1,0,1,19.2,4.0,0,0,5
AIITA163,Italy,Riserva naturale orientata Isola di Lampedusa - Zone B,6.4,2,0,0,1,4.4,0.0,0,0,2
AIITA164,Italy,Riserva naturale orientata Isola di Lampedusa - Zone C,6.4,2,0,0,1,4.4,0.0,0,0,2
AIITA165,Italy,Isola di Linosa,53.5,7,4,1,2,24.0,5.5,0,0,7
AIITA166,Italy,Riserva Naturale Orientata/Integrale Isola Di Linosa E Lampione - Zone A,31.1,14,1,0,4,4.6,4.5,5,0,7
AIITA167,Italy,Riserva Naturale Orientata/Integrale Isola Di Linosa E Lampione - Zone B,29.7,9,1,0,4,6.2,1.5,5,0,7
AIITA168,Italy,Isola di Pantelleria e area marina circostante,53.5,7,4,1,2,24.0,5.5,0,0,7
AIITA169,Italy,"Isola di Pantelleria - Area Costiera,  Falesie e Bagno dell'Acqua",53.5,7,4,1,2,24.0,5.5,0,0,7
AIITA17,Italy,Capo Caccia,35.3,15,2,1,3,8.3,8.0,0,0,7
AIITA170,Italy,Riserva naturale orientata Isola di Pantelleria,31.2,27,2,0,5,4.7,4.5,5,0,7
AIITA171,Italy,National Park Isola di Pantelleria,28.2,7,2,0,2,11.2,0.0,0,0,7
AIITA172,Italy,East of Malta Bank,33.5,3,1,0,2,14.0,2.5,0,0,7
AIITA173,Italy,East of Adventure Bank,33.5,3,1,0,2,14.0,2.5,0,0,7
AIITA174,Italy,West of Gela Basin,33.5,3,1,0,2,14.0,2.5,0,0,7
AIITA175,Italy,Arcipelago delle Eolie - area marina e terrestre,42.4,25,4,2,3,9.4,9.0,0,0,7
AIITA176,Italy,Fondali dell'isola di Salina,67.6,13,10,1,2,29.1,11.5,0,0,7
AIITA178,Italy,Isola di Alicudi,53.5,7,4,1,2,24.0,5.5,0,0,7
AIITA179,Italy,Riserva naturale orientata Isola di Alicudi,27.8,10,1,0,2,5.8,0.0,5,0,7
AIITA18,Italy,Lago di Baratz - Porto Ferro,50.5,7,3,1,1,21.0,5.5,0,0,9
AIITA180,Italy,Isola di Filicudi,53.5,7,4,1,2,24.0,5.5,0,0,7
AIITA181,Italy,Riserva naturale orientata/integrale Isola di Filicudi e scogli Canna e Montenassari,29.2,14,1,0,3,4.2,3.0,5,0,7
AIITA182,Italy,Isola di Lipari,53.5,7,4,1,2,24.0,5.5,0,0,7
AIITA183,Italy,Isola di Panarea e Scogli Viciniori,53.5,7,4,1,2,24.0,5.5,0,0,7
AIITA184,Italy,Riserva naturale orientata/integrale Isola di Panarea e scogli viciniori,27.2,11,1,0,1,5.2,0.0,5,0,7
AIITA185,Italy,Isola di Salina (Monte Fossa delle Felci e dei Porri),53.5,7,4,1,2,24.0,5.5,0,0,7
AIITA186,Italy,Isola di Salina (Stagno di Lingua),53.5,7,4,1,2,24.0,5.5,0,0,7
AIITA187,Italy,Riserva naturale Le Montagne delle Felci e dei Porri,38.0,3,1,1,1,21.0,0.0,0,0,7
AIITA188,Italy,Isola di Vulcano,53.5,7,4,1,2,24.0,5.5,0,0,7
AIITA189,Italy,Riserva naturale orientata Isola di Vulcano,31.3,13,1,0,2,4.8,4.5,5,0,7
AIITA19,Italy,Parco naturale regionale di Porto Conte,26.9,9,2,0,2,9.9,0.0,0,0,7
AIITA190,Italy,Isole di Stromboli e Strombolicchio,53.5,7,4,1,2,24.0,5.5,0,0,7
AIITA191,Italy,Riserva naturale orientata/integrale Isola di Stromboli e Strombolicchio,31.3,13,1,0,2,4.8,4.5,5,0,7
AIITA192,Italy,Fondali di Capo Milazzo,53.5,7,4,1,2,24.0,5.5,0,0,7
AIITA193,Italy,Capo Milazzo,53.5,7,4,1,2,24.0,5.5,0,0,7
AIITA194,Italy,Laguna di Oliveri - Tindari,59.4,8,5,1,2,25.4,7.0,0,0,7
AIITA195,Italy,Riserva naturale orientata Laghetti di Marinello,31.2,13,1,0,1,4.7,4.5,5,0,7
AIITA196,Italy,Capo Calavà,53.5,7,4,1,2,24.0,5.5,0,0,7
AIITA197,Italy,Baia Settefrati e spiaggia di Salinelle,53.5,7,4,1,2,24.0,5.5,0,0,7
AIITA198,Italy,Rupi di Catalfano e Capo Zafferano,53.5,7,4,1,2,24.0,5.5,0,0,7
AIITA199,Italy,Fondali di Capo Zafferano,53.5,7,4,1,2,24.0,5.5,0,0,7
AIITA2,Italy,Italy Territorial Sea,8.6,4,0,0,1,3.1,1.5,0,0,4
AIITA20,Italy,Dall'Isola dell'Asinara all'Argentiera,53.5,7,4,1,2,24.0,5.5,0,0,7
AIITA200,Italy,Valle del Fiume Oreto,54.5,9,5,1,2,22.0,5.5,0,0,7
AIITA201,Italy,Monte Pellegrino,53.5,7,4,1,2,24.0,5.5,0,0,7
AIITA203,Italy,"Raffo Rosso, Monte Cuccio e Vallone Sagana",53.5,7,4,1,2,24.0,5.5,0,0,7
AIITA204,Italy,Capo Gallo - Isola Delle Femmine,26.2,7,1,0,3,7.8,1.5,0,0,7
AIITA205,Italy,Capo Gallo - Isola Delle Femmine - Zone A,35.0,9,1,0,1,6.0,7.0,5,0,7
AIITA206,Italy,Capo Gallo - Isola Delle Femmine - Zone B,32.5,22,1,0,1,3.5,7.0,5,0,7
AIITA207,Italy,Capo Gallo - Isola Delle Femmine - Zone C,32.3,25,1,0,1,3.3,7.0,5,0,7
AIITA208,Italy,Fondali di Isola delle Femmine - Capo Gallo,50.9,8,4,1,3,21.4,5.5,0,0,7
AIITA209,Italy,Capo Gallo,53.5,7,4,1,2,24.0,5.5,0,0,7
AIITA21,Italy,Isola dell'Asinara,53.5,7,4,1,2,24.0,5.5,0,0,7
AIITA210,Italy,Riserva naturale orientata Capo Gallo,27.2,11,1,0,1,5.2,0.0,5,0,7
AIITA211,Italy,Isola delle Femmine,53.5,7,4,1,2,24.0,5.5,0,0,7
AIITA212,Italy,Riserva naturale orientata Isola delle Femmine,34.1,4,1,1,1,17.1,0.0,0,0,7
AIITA213,Italy,Foce del Torrente Calatubo e dune,53.5,7,4,1,2,24.0,5.5,0,0,7
AIITA214,Italy,Fondali del Golfo di Custonaci,68.0,14,11,1,2,29.5,11.5,0,0,7
AIITA215,Italy,Fondali dello Zingaro,53.5,7,4,1,2,24.0,5.5,0,0,7
AIITA216,Italy,"Monte Cofano, Capo San Vito e Monte Sparagio",35.3,15,2,1,3,8.3,8.0,0,0,7
AIITA217,Italy,"Capo San Vito, Monte Monaco, Zingaro, Faraglioni Scopello, Monte Sparacio",53.5,7,4,1,2,24.0,5.5,0,0,7
AIITA218,Italy,Complesso Monti di Castellammare del Golfo (TP),53.5,7,4,1,2,24.0,5.5,0,0,7
AIITA219,Italy,Gulf of Castellammare biological conservatoin zone,33.5,3,1,0,2,14.0,2.5,0,0,7
AIITA22,Italy,Isola Dell'Asinara,29.4,4,1,0,2,10.9,1.5,0,0,7
AIITA220,Italy,Monte Cofano e Litorale,53.5,7,4,1,2,24.0,5.5,0,0,7
AIITA221,Italy,Riserva naturale orientata Monte Cofano,27.6,10,1,0,1,5.6,0.0,5,0,7
AIITA222,Italy,Monte San Giuliano,53.5,7,4,1,2,24.0,5.5,0,0,7
AIITA223,Italy,Riserva naturale orientata dello Zingaro,25.2,11,1,0,1,5.2,3.0,0,0,7
AIITA224,Italy,Saline di Trapani,53.5,7,4,1,2,24.0,5.5,0,0,7
AIITA225,Italy,Stagnone di Marsala e Saline di Trapani - area marina e terrestre,35.3,15,2,1,3,8.3,8.0,0,0,7
AIITA226,Italy,Riserva naturale integrale Saline di Trapani e Paceco,28.8,11,1,0,3,5.3,1.5,5,0,7
AIITA228,Italy,Fondali dell'isola dello Stagnone di Marsala,50.9,8,4,1,3,21.4,5.5,0,0,7
AIITA229,Italy,Isole Dello Stagnone Di Marsala,38.0,3,1,1,1,21.0,0.0,0,0,7
AIITA23,Italy,FASCIA ESTERNA,33.4,20,1,0,1,3.8,7.5,5,0,7
AIITA230,Italy,Isole dello Stagnone di Marsala,53.5,7,4,1,2,24.0,5.5,0,0,7
AIITA231,Italy,Saline di Marsala,50.9,8,4,1,3,21.4,5.5,0,0,7
AIITA232,Italy,Banchi di Marettimo,53.5,7,4,1,2,24.0,5.5,0,0,7
AIITA233,Italy,Arcipelago delle Egadi - area marina e terrestre,35.3,15,2,1,3,8.3,8.0,0,0,7
AIITA234,Italy,Isole Egadi,52.0,7,4,0,1,20.5,4.5,5,0,7
AIITA235,Italy,Isole Egadi - Zone A - Integral Reserve,71.3,20,14,0,3,25.8,11.5,5,0,9
AIITA236,Italy,Isole Egadi - Zone B - General Reserve,58.8,30,6,1,12,11.3,14.5,5,0,8
AIITA237,Italy,Isole Egadi - Zone C - Partial Reserve,60.9,29,6,1,11,11.4,14.5,5,0,10
AIITA238,Italy,Isole Egadi - Zone D - Protected,53.8,24,4,0,9,9.3,14.5,5,0,8
AIITA239,Italy,Fondali dell'Arcipelago delle Isole Egadi,50.9,8,4,1,3,21.4,5.5,0,0,7
AIITA24,Italy,TRATTO DI MARE COMPRESO TRA PUNTA DELLO SCORNO E PUNTA DEL PORCO,34.0,9,1,0,1,6.0,6.0,5,0,7
AIITA240,Italy,Isola di Favignana,53.5,7,4,1,2,24.0,5.5,0,0,7
AIITA241,Italy,Isola di Levanzo,53.5,7,4,1,2,24.0,5.5,0,0,7
AIITA242,Italy,Isola di Marettimo,53.5,7,4,1,2,24.0,5.5,0,0,7
AIITA243,Italy,Paludi di Capo Feto e Margi Spanò,35.0,19,2,2,4,8.0,10.0,0,0,7
AIITA245,Italy,Fondali di Capo San Marco - Sciacca,65.6,14,10,1,2,27.1,11.5,0,0,7
AIITA246,Italy,"Sistema dunale Capo Granitola, Porto Palo e Foce del Belice",53.5,7,4,1,2,24.0,5.5,0,0,7
AIITA247,Italy,Riserva naturale Foce del Fiume Belice e dune limitrofe,38.0,3,1,1,1,21.0,0.0,0,0,7
AIITA248,Italy,Foce del Fiume Verdura,53.5,7,4,1,2,24.0,5.5,0,0,7
AIITA249,Italy,Fondali di Torre Salsa,53.5,7,4,1,2,24.0,5.5,0,0,7
AIITA25,Italy,TRATTO DI MARE COMPRESO TRA PUNTA L'ARROCCU E PUNTA GALETTA,34.0,9,1,0,1,6.0,6.0,5,0,7
AIITA250,Italy,"Foce del Magazzolo, Foce del Platani, Capo Bianco, Torre Salsa",53.5,7,4,1,2,24.0,5.5,0,0,7
AIITA251,Italy,Riserva naturale Foce del Fiume Platani,25.6,10,1,0,1,5.6,3.0,0,0,7
AIITA252,Italy,Riserva naturale orientata Torre Salsa - Zone AA,29.5,14,1,0,1,4.5,3.0,5,0,7
AIITA254,Italy,Scala dei Turchi,53.5,7,4,1,2,24.0,5.5,0,0,7
AIITA255,Italy,Litorale di Palma di Montechiaro,53.5,7,4,1,2,24.0,5.5,0,0,7
AIITA256,Italy,"Torre Manfria, Biviere e Piana di Gela",35.3,15,2,1,3,8.3,8.0,0,0,7
AIITA257,Italy,Biviere e Macconi di Gela,53.5,7,4,1,2,24.0,5.5,0,0,7
AIITA258,Italy,Torre Manfria,53.5,7,4,1,2,24.0,5.5,0,0,7
AIITA259,Italy,"Punta Braccetto, Contrada Cammarana",53.5,7,4,1,2,24.0,5.5,0,0,7
AIITA26,Italy,TRATTO DI MARE COMPRESO TRA PUNTA PEDRA BIANCA E PUNTA AGNADDA,34.0,9,1,0,1,6.0,6.0,5,0,7
AIITA260,Italy,Fondali Foce del Fiume Irminio,68.0,14,11,1,2,29.5,11.5,0,0,7
AIITA261,Italy,Foce del Fiume Irminio,53.5,7,4,1,2,24.0,5.5,0,0,7
AIITA262,Italy,Riserva naturale Macchia Foresta del Fiume Irminio,38.0,3,1,1,1,21.0,0.0,0,0,7
AIITA263,Italy,Contrada Religione,53.5,7,4,1,2,24.0,5.5,0,0,7
AIITA264,Italy,Spiaggia Maganuco,53.5,7,4,1,2,24.0,5.5,0,0,7
AIITA265,Italy,Isola dei Porri,53.5,7,4,1,2,24.0,5.5,0,0,7
AIITA266,Italy,Area Marina di Capo Passero,35.3,15,2,1,3,8.3,8.0,0,0,7
AIITA267,Italy,Fondali dell'isola di Capo Passero,68.0,14,11,1,2,29.5,11.5,0,0,7
AIITA268,Italy,Fondali di Vendicari,68.0,14,11,1,2,29.5,11.5,0,0,7
AIITA269,Italy,Riserva naturale Oasi Faunistica di Vendicari,24.8,12,1,0,2,4.8,3.0,0,0,7
AIITA27,Italy,TRATTO DI MARE OCCIDENTALE E ORIENTALE DELL'ISOLA DELL'ASINARA COMPRESO TRA PUNTA SALIPPI E PUNTA BARBAROSSA,34.2,13,1,0,1,4.7,7.5,5,0,7
AIITA270,Italy,Vendicari,53.5,7,4,1,2,24.0,5.5,0,0,7
AIITA271,Italy,"Pantani della Sicilia sud-orientale, Morghella, di Marzamemi, di Punta Pilieri e Vendicari",35.3,15,2,1,3,8.3,8.0,0,0,7
AIITA272,Italy,"Isola Correnti, Pantani di Punta Pilieri, chiusa dell'Alga e Parrino",53.5,7,4,1,2,24.0,5.5,0,0,7
AIITA273,Italy,Isola di Capo Passero,53.5,7,4,1,2,24.0,5.5,0,0,7
AIITA274,Italy,Pantani della Sicilia sud orientale,53.5,7,4,1,2,24.0,5.5,0,0,7
AIITA275,Italy,Pantano Morghella,53.5,7,4,1,2,24.0,5.5,0,0,7
AIITA276,Italy,"Cava Grande del Cassibile, Cava Cinque Porte, Cava e Bosco di Bauli",53.5,7,4,1,2,24.0,5.5,0,0,7
AIITA277,Italy,Riserva naturale Cavagrande del Cassibile,25.2,11,1,0,1,5.2,3.0,0,0,7
AIITA278,Italy,Plemmirio,42.7,372,5,0,2,2.2,11.5,0,0,9
AIITA28,Italy,National Park dell' Asinara,52.8,9,7,0,1,27.8,0.0,0,0,7
AIITA282,Italy,Fondali del Plemmirio,53.5,7,4,1,2,24.0,5.5,0,0,7
AIITA283,Italy,"Capo Murro di Porco, Penisola della Maddalena e Grotta Pellegrino",53.5,7,4,1,2,24.0,5.5,0,0,7
AIITA284,Italy,Saline di Siracusa e Fiume Ciane,35.0,19,2,2,4,8.0,10.0,0,0,7
AIITA285,Italy,Riserva naturale Fiume Ciane e Saline di Siracusa,38.0,3,1,1,1,21.0,0.0,0,0,7
AIITA286,Italy,Saline di Priolo,35.0,19,2,2,4,8.0,10.0,0,0,7
AIITA287,Italy,Saline di Augusta,35.0,19,2,2,4,8.0,10.0,0,0,7
AIITA288,Italy,Fondali di Brucoli - Agnone,68.0,14,11,1,2,29.5,11.5,0,0,7
AIITA289,Italy,"Biviere di Lentini, tratto mediano e foce del Fiume Simeto e area antistante la foce",35.3,15,2,1,3,8.3,8.0,0,0,7
AIITA29,Italy,Isola Asinara,35.8,14,2,1,3,8.8,8.0,0,0,7
AIITA290,Italy,Foce del Fiume Simeto e Lago Gornalunga,53.5,7,4,1,2,24.0,5.5,0,0,7
AIITA291,Italy,Riserva naturale Oasi del Simeto,26.4,9,1,0,1,6.4,3.0,0,0,7
AIITA292,Italy,Area marina protetta Isole Ciclopi,65.1,13,10,0,2,27.6,10.5,0,0,7
AIITA293,Italy,Area marina protetta Isole Ciclopi - Zone A,65.5,9,8,0,1,31.5,9.0,0,0,7
AIITA294,Italy,Area marina protetta Isole Ciclopi - Zone B,37.4,12,2,1,3,11.4,9.0,0,0,7
AIITA295,Italy,Area marina protetta Isole Ciclopi - Zone C,42.9,17,3,1,3,10.9,10.0,0,0,7
AIITA296,Italy,Fondali di Acicastello (Isola Lachea - Ciclopi),50.9,8,4,1,3,21.4,5.5,0,0,7
AIITA297,Italy,Isole dei Ciclopi,50.9,8,4,1,3,21.4,5.5,0,0,7
AIITA298,Italy,Riserva naturale integrale Isola di Lachea e Faraglioni dei Ciclopi,27.2,5,1,0,1,10.2,0.0,0,0,7
AIITA299,Italy,Timpa di Acireale,53.5,7,4,1,2,24.0,5.5,0,0,7
AIITA30,Italy,Stagno di Pilo e di Casaraccio,9.0,6,0,0,4,3.5,1.5,0,0,4
AIITA300,Italy,La Gurna,35.0,19,2,2,4,8.0,10.0,0,0,7
AIITA301,Italy,Riserva naturale Fiume Fiumefreddo,53.5,7,4,1,2,24.0,5.5,0,0,7
AIITA302,Italy,Riserva naturale del Fiume Alcantara,53.5,7,4,1,2,24.0,5.5,0,0,7
AIITA303,Italy,Parco fluviale dell'Alcantara,27.9,9,2,0,2,9.9,1.0,0,0,7
AIITA304,Italy,Fondali di Taormina - Isola Bella,66.2,15,11,1,2,27.7,11.5,0,0,7
AIITA305,Italy,"Isola Bella, Capo Taormina e Capo S. Andrea",53.5,7,4,1,2,24.0,5.5,0,0,7
AIITA306,Italy,Riserva naturale orientata Isola Bella - Zone A,32.7,13,1,0,1,4.7,6.0,5,0,7
AIITA307,Italy,Riserva naturale orientata Isola Bella - Zone B,28.2,13,1,0,1,4.7,1.5,5,0,7
AIITA308,Italy,"Monti Peloritani, Dorsale Curcuraci, Antennamare e area marina dello stretto di Messina",35.3,15,2,1,3,8.3,8.0,0,0,7
AIITA309,Italy,Riserva naturale orientata Laguna di Capo Peloro,23.6,8,1,0,1,6.6,0.0,0,0,7
AIITA31,Italy,Coste e Isolette a Nord Ovest della Sardegna,9.0,6,0,0,4,3.5,1.5,0,0,4
AIITA310,Italy,East of Banco Avventura fishing restricted zone,33.5,3,1,0,2,14.0,2.5,0,0,7
AIITA311,Italy,West of the Gela Basin fishing restricted zone,33.5,3,1,0,2,14.0,2.5,0,0,7
AIITA312,Italy,East Bank of Malta fishing restricted zone,33.5,3,1,0,2,14.0,2.5,0,0,7
AIITA313,Italy,East of Banco Avventura buffer zone,38.0,4,0,2,2,17.5,5.5,8,0,7
AIITA314,Italy,West of the Gela Basin buffer zone,38.0,4,0,2,2,17.5,5.5,8,0,7
AIITA315,Italy,East Bank of Malta fishing buffer zone,38.0,4,0,2,2,17.5,5.5,8,0,7
AIITA316,Italy,Cod nursery area A,33.5,3,1,0,2,14.0,2.5,0,0,7
AIITA317,Italy,Cod nursery area B,33.5,3,1,0,2,14.0,2.5,0,0,7
AIITA318,Italy,Gulf of Catania biological conservatoin zone,33.5,3,1,0,2,14.0,2.5,0,0,7
AIITA32,Italy,Isola Piana di Porto Torres,35.8,14,2,1,3,8.8,8.0,0,0,7
AIITA320,Italy,Lophelia reef off Capo Santa Maria di Leuca,36.5,3,1,0,2,14.0,3.5,0,0,7
AIITA321,Italy,Costa Viola,35.3,15,2,1,3,8.3,8.0,0,0,7
AIITA322,Italy,Costa Viola e Monte S. Elia,50.8,11,4,3,2,21.3,5.5,0,0,7
AIITA323,Italy,Fondali da Punta Pezzo a Capo dell'Armi,50.8,11,4,3,2,21.3,5.5,0,0,7
AIITA324,Italy,Fondali di Scilla,50.8,11,4,3,2,21.3,5.5,0,0,7
AIITA325,Italy,Spiaggia di Catona,50.8,11,4,3,2,21.3,5.5,0,0,7
AIITA326,Italy,Fiumara di Melito,50.8,11,4,3,2,21.3,5.5,0,0,7
AIITA327,Italy,"Fiumara Amendolea (incluso Roghudi, Chorio e Rota Greco)",57.9,8,5,1,2,25.4,5.5,0,0,7
AIITA328,Italy,Capo S. Giovanni,50.8,11,4,3,2,21.3,5.5,0,0,7
AIITA329,Italy,Calanchi di Palizzi Marina,50.8,11,4,3,2,21.3,5.5,0,0,7
AIITA33,Italy,"Stagno di Pilo, Casaraccio e Saline di Stintino",35.8,14,2,1,3,8.8,8.0,0,0,7
AIITA330,Italy,Capo Spartivento,50.8,11,4,3,2,21.3,5.5,0,0,7
AIITA331,Italy,Spiaggia di Brancaleone,50.8,11,4,3,2,21.3,5.5,0,0,7
AIITA332,Italy,Fiumara Laverde,57.9,8,5,1,2,25.4,5.5,0,0,7
AIITA333,Italy,Fiumara Buonamico,57.9,8,5,1,2,25.4,5.5,0,0,7
AIITA334,Italy,Vallata dello Stilaro,50.8,11,4,3,2,21.3,5.5,0,0,7
AIITA335,Italy,Marchesato e Fiume Neto,35.3,15,2,1,3,8.3,8.0,0,0,7
AIITA336,Italy,Steccato di Cutro e Costa del Turchese,50.8,11,4,3,2,21.3,5.5,0,0,7
AIITA337,Italy,Capo Rizzuto Natural Marine Protected Area,22.8,9,1,0,2,5.8,0.0,0,0,7
AIITA338,Italy,Capo Rizzuto - Zone A,30.3,8,1,0,2,6.3,7.0,0,0,7
AIITA339,Italy,Capo Rizzuto - Zone B,29.8,10,1,0,2,5.8,7.0,0,0,7
AIITA34,Italy,Stagno e ginepreto di Platamona,53.5,7,4,1,2,24.0,5.5,0,0,7
AIITA340,Italy,Capo Rizzuto - Zone C,31.9,12,2,0,2,7.9,7.0,0,0,7
AIITA341,Italy,Fondali da Crotone a Le Castella,48.8,15,4,3,2,16.3,8.5,0,0,7
AIITA342,Italy,Capo Colonne,50.8,11,4,3,2,21.3,5.5,0,0,7
AIITA343,Italy,Capo Rizzuto,50.8,11,4,3,2,21.3,5.5,0,0,7
AIITA344,Italy,Dune di Sovereto,50.8,11,4,3,2,21.3,5.5,0,0,7
AIITA345,Italy,Fondali di Gabella Grande,50.8,11,4,3,2,21.3,5.5,0,0,7
AIITA346,Italy,Dune di Marinella,50.8,11,4,3,2,21.3,5.5,0,0,7
AIITA347,Italy,Fondali Crosia-Pietrapaola-Cariati,57.2,11,7,1,2,24.7,5.5,0,0,7
AIITA348,Italy,Dune di Camigliano,57.2,11,7,1,2,24.7,5.5,0,0,7
AIITA349,Italy,Macchia della Bura,57.2,11,7,1,2,24.7,5.5,0,0,7
AIITA35,Italy,Foci del Coghinas,53.5,7,4,1,2,24.0,5.5,0,0,7
AIITA350,Italy,Fiumara Trionto,57.2,11,7,1,2,24.7,5.5,0,0,7
AIITA351,Italy,Secca di Amendolara,57.2,11,7,1,2,24.7,5.5,0,0,7
AIITA352,Italy,Arcipelago Toscano,29.8,12,1,0,6,4.8,8.0,0,0,7
AIITA353,Italy,Arcipelago Toscano - Zone 1,28.5,8,1,0,2,5.5,6.0,0,0,7
AIITA354,Italy,Arcipelago Toscano - Zone 2,36.5,33,1,0,1,3.0,11.5,5,0,7
AIITA355,Italy,Arcipelago Toscano - Zone MA,37.9,38,1,2,1,4.4,11.5,5,0,7
AIITA356,Italy,Arcipelago Toscano - Zone MA - Archeological Area,38.8,39,1,2,1,4.3,12.5,5,0,7
AIITA357,Italy,Arcipelago Toscano - Zone MB,39.3,33,1,2,1,4.8,12.5,5,0,7
AIITA358,Italy,Arcipelago Toscano - Zone MB (Restricted Regulation Area),39.9,39,1,2,1,4.4,13.5,5,0,7
AIITA359,Italy,Arcipelago Toscano - Zone MC,37.9,39,1,2,1,4.4,11.5,5,0,7
AIITA360,Italy,Arcipelago Toscano - Zone MD,37.9,39,1,2,1,4.4,11.5,5,0,7
AIITA361,Italy,Arcipelago Toscano - Isola di Pianosa,32.4,6,1,0,2,7.9,2.5,5,0,7
AIITA362,Italy,Secche Della Meloria,61.3,13,7,0,1,19.8,9.5,5,0,7
AIITA363,Italy,Secche Della Meloria - Zone A,62.5,7,6,0,1,30.5,7.0,0,0,7
AIITA364,Italy,Secche Della Meloria - Zone B,56.4,22,6,1,9,13.4,13.0,0,0,10
AIITA365,Italy,Secche Della Meloria - Zone C,48.7,22,4,1,8,10.7,13.0,0,0,8
AIITA366,Italy,Secche della Meloria,57.9,8,5,1,2,25.4,5.5,0,0,7
AIITA367,Italy,Tutela del Tursiops truncatus,53.5,7,4,1,2,24.0,5.5,0,0,7
AIITA368,Italy,Isola di Capraia - area terrestre e marina,57.9,8,5,1,2,25.4,5.5,0,0,7
AIITA369,Italy,Isola di Capraia - area terrestre e marina,35.3,15,2,1,3,8.3,8.0,0,0,7
AIITA37,Italy,Capo Testa,53.5,7,4,1,2,24.0,5.5,0,0,7
AIITA370,Italy,Isola di Giannutri - area terrestre e marina,35.0,19,2,2,4,8.0,10.0,0,0,7
AIITA371,Italy,Isola di Gorgona - area terrestre e marina,35.0,19,2,2,4,8.0,10.0,0,0,7
AIITA372,Italy,Isola di Montecristo e Formica di Montecristo - area terrestre e marina,35.0,19,2,2,4,8.0,10.0,0,0,7
AIITA373,Italy,Isola di Pianosa - area terrestre e marina,35.0,19,2,2,4,8.0,10.0,0,0,7
AIITA374,Italy,Elba orientale,35.3,15,2,1,3,8.3,8.0,0,0,7
AIITA375,Italy,Isola del Giglio,35.0,19,2,2,4,8.0,10.0,0,0,7
AIITA376,Italy,Monte Capanne e promontorio dell'Enfola,35.0,19,2,2,4,8.0,10.0,0,0,7
AIITA377,Italy,Isole di Cerboli e Palmaiola,35.0,19,2,2,4,8.0,10.0,0,0,7
AIITA378,Italy,Scarpata continentale dell'Arcipelago Toscano,53.5,7,4,1,2,24.0,5.5,0,0,7
AIITA379,Italy,Scoglietto di Portoferraio,55.2,9,5,1,2,22.7,5.5,0,0,7
AIITA38,Italy,Isola Rossa - Costa Paradiso,53.5,7,4,1,2,24.0,5.5,0,0,7
AIITA380,Italy,Scoglio dell'Argentarola,57.9,8,5,1,2,25.4,5.5,0,0,7
AIITA381,Italy,Formiche di Grosseto,35.0,19,2,2,4,8.0,10.0,0,0,7
AIITA382,Italy,Riserva naturale Isola di Montecristo,39.4,12,2,0,2,7.9,7.5,5,0,9
AIITA383,Italy,Duna di Feniglia,35.3,15,2,1,3,8.3,8.0,0,0,7
AIITA384,Italy,Riserva naturale Duna Feniglia,27.9,4,1,0,2,10.9,0.0,0,0,7
AIITA385,Italy,"Monte Argentario, Isolotto di Porto Ercole e Argentarola",35.0,19,2,2,4,8.0,10.0,0,0,7
AIITA387,Italy,Laguna di Orbetello,53.9,26,8,3,5,14.9,10.0,0,0,9
AIITA388,Italy,Riserva naturale Laguna di Orbetello,33.6,4,1,1,2,16.6,0.0,0,0,7
AIITA39,Italy,Monte Russu,53.5,7,4,1,2,24.0,5.5,0,0,7
AIITA391,Italy,Padule di Bolgheri,35.0,19,2,2,4,8.0,10.0,0,0,7
AIITA392,Italy,Riserva naturale Tombolo di Cecina,27.9,4,1,0,2,10.9,0.0,0,0,7
AIITA393,Italy,Tombolo di Cecina,35.3,15,2,1,3,8.3,8.0,0,0,7
AIITA394,Italy,Monte d'Alma,57.9,8,5,1,2,25.4,5.5,0,0,7
AIITA396,Italy,Riserva naturale Scarlino,27.9,4,1,0,2,10.9,0.0,0,0,7
AIITA397,Italy,Parco naturale della Maremma,57.0,41,21,5,3,22.5,5.5,0,0,9
AIITA398,Italy,Dune costiere del Parco dell'Uccellina,35.0,19,2,2,4,8.0,10.0,0,0,7
AIITA399,Italy,Monti dell'Uccellina,35.0,19,2,2,4,8.0,10.0,0,0,7
AIITA4,Italy,Pelagos (Italian waters),31.0,3,1,0,2,14.0,0.0,0,0,7
AIITA40,Italy,Arcipelago La Maddalena,35.0,19,2,2,4,8.0,10.0,0,0,7
AIITA400,Italy,"Padule della Trappola, Bocca d'Ombrone",50.7,8,4,1,2,21.2,5.5,0,0,7
AIITA401,Italy,"Padule della Trappola, Bocca d'Ombrone",35.3,15,2,1,3,8.3,8.0,0,0,7
AIITA402,Italy,Pineta Granducale dell'Uccellina,35.0,19,2,2,4,8.0,10.0,0,0,7
AIITA404,Italy,"Parco naturale di Migliarino, San Rossore e Massaciuccoli",37.1,13,3,1,3,11.6,3.5,0,0,7
AIITA405,Italy,Dune litoranee di Torre del Lago,35.0,19,2,2,4,8.0,10.0,0,0,7
AIITA406,Italy,Selva Pisana,35.0,19,2,2,4,8.0,10.0,0,0,7
AIITA408,Italy,Isolotti grossetani dell'Arcipelago Toscano,35.3,15,2,1,3,8.3,8.0,0,0,7
AIITA409,Italy,Promontorio di Piombino e Monte Massoncello,53.5,7,4,1,2,24.0,5.5,0,0,7
AIITA41,Italy,Arcipelago Della Maddalena,6.6,4,0,0,2,2.6,0.0,0,0,4
AIITA410,Italy,Punta Ala e Isolotto dello Sparviero,53.5,7,4,1,2,24.0,5.5,0,0,7
AIITA411,Italy,Tombolo da Castiglion della Pescaia a Marina di Grosseto,35.0,19,2,2,4,8.0,10.0,0,0,7
AIITA412,Italy,Aree Carsiche della Venezia Giulia,35.3,15,2,1,3,8.3,8.0,0,0,7
AIITA413,Italy,Carso Triestino e Goriziano,51.0,16,4,1,5,12.0,8.0,5,0,9
AIITA414,Italy,Riserva naturale delle Falesie di Duino,26.5,17,1,1,2,5.5,4.0,0,0,7
AIITA419,Italy,Miramare Marine Protected Area,6.3,3,0,0,1,2.3,0.0,0,0,4
AIITA42,Italy,Arcipelago Della Maddalena Zone Ma,32.2,12,1,0,5,5.2,5.0,5,0,7
AIITA420,Italy,Miramare Marine Protected Area - Zone A,35.6,18,1,1,5,6.1,7.5,5,0,7
AIITA421,Italy,Miramare Marine Protected Area - Zone B,50.7,6,3,1,1,24.2,4.5,0,0,7
AIITA422,Italy,Miramare Navigation Restricted Area,41.8,3,1,1,1,23.3,1.5,0,0,7
AIITA423,Italy,Porto Cesareo,23.5,2,0,1,1,17.5,1.0,0,0,5
AIITA424,Italy,Porto Cesareo - Zone A,31.2,9,1,0,4,6.2,3.0,5,0,7
AIITA425,Italy,Porto Cesareo - Zone B,32.4,14,1,0,4,4.9,5.5,5,0,7
AIITA426,Italy,Porto Cesareo - Zone C,33.5,16,1,0,4,4.5,7.0,5,0,7
AIITA43,Italy,Arcipelago Della Maddalena Zone Mb,34.1,14,2,1,4,9.1,8.0,0,0,7
AIITA431,Italy,Palude del Capitano,50.1,23,6,1,2,11.6,9.5,0,0,9
AIITA432,Italy,"Palude del Conte, dune di Punta Prosciutto",50.1,23,6,1,2,11.6,9.5,0,0,9
AIITA433,Italy,Duna di Campomarino,50.1,23,6,1,2,11.6,9.5,0,0,9
AIITA434,Italy,Torre Colimena,50.1,23,6,1,2,11.6,9.5,0,0,9
AIITA435,Italy,Porto Cesareo,50.1,23,6,1,2,11.6,9.5,0,0,9
AIITA436,Italy,Parco naturale regionale Porto Selvaggio e Palude del Capitano,26.5,9,2,0,2,9.5,0.0,0,0,7
AIITA437,Italy,Torre Uluzzo,50.1,23,6,1,2,11.6,9.5,0,0,9
AIITA438,Italy,Riserva naturale regionale orientata Palude del Conte e Duna costiera - Porto Cesareo,26.5,9,2,0,2,9.5,0.0,0,0,7
AIITA439,Italy,Riserva naturale regionale orientata del Litorale Tarantino Orientale,22.8,9,1,0,2,5.8,0.0,0,0,7
AIITA44,Italy,"Capo Figari, Cala Sabina, Punta Canigione e Isola Figarolo",35.3,15,2,1,3,8.3,8.0,0,0,7
AIITA440,Italy,Portofino - Area Naturale Marina Protetta Portofino,31.8,17,1,1,1,5.8,9.0,0,0,7
AIITA441,Italy,ZONE A - Area Naturale Marina Protetta Portofino,28.2,10,1,0,1,5.3,6.0,0,0,7
AIITA442,Italy,ZONE B - Area Naturale Marina Protetta Portofino,43.1,23,1,5,3,11.1,13.0,0,0,9
AIITA443,Italy,ZONE C - Area Naturale Marina Protetta Portofino,44.6,23,1,6,3,12.6,13.0,0,0,9
AIITA444,Italy,Fondali Monte Portofino,62.2,14,8,1,3,22.3,13.0,0,0,7
AIITA445,Italy,Parco naturale regionale di Portofino,36.2,5,2,1,1,19.2,0.0,0,0,7
AIITA446,Italy,Parco di Portofino,51.2,8,4,1,2,21.7,5.5,0,0,7
AIITA447,Italy,Parco regionale dei Monti Lattari,34.1,4,1,1,1,17.1,0.0,0,0,7
AIITA448,Italy,Punta Campanella,27.2,10,1,0,3,5.3,5.0,0,0,7
AIITA449,Italy,Punta Campanella - Zone A,26.8,9,1,0,1,5.2,4.5,0,0,7
AIITA45,Italy,Capo Figari e Isola Figarolo,53.5,7,4,1,2,24.0,5.5,0,0,7
AIITA450,Italy,Punta Campanella - Zone B,33.8,23,1,0,4,3.8,13.0,0,0,7
AIITA451,Italy,Punta Campanella -Zone C,33.0,23,1,0,7,4.0,12.0,0,0,7
AIITA452,Italy,Fondali marini di Punta Campanella e Capri,53.3,30,10,3,4,15.3,13.0,0,0,7
AIITA454,Italy,Corpo centrale e rupi costiere occidentali dell'Isola di Capri,35.0,19,2,2,4,8.0,10.0,0,0,7
AIITA455,Italy,Costiera amalfitana tra Nerano e Positano,51.2,8,4,1,2,21.7,5.5,0,0,7
AIITA456,Italy,Isolotti Li Galli,51.2,8,4,1,2,21.7,5.5,0,0,7
AIITA457,Italy,Punta Campanella,35.0,19,2,2,4,8.0,10.0,0,0,7
AIITA458,Italy,Settore e rupi costiere orientali dell'Isola di Capri,35.0,19,2,2,4,8.0,10.0,0,0,7
AIITA459,Italy,Scoglio del Vervece,54.9,9,5,1,2,22.4,5.5,0,0,7
AIITA460,Italy,Torre Guaceto,66.1,16,10,0,2,23.6,10.5,5,0,7
AIITA461,Italy,Torre Guaceto - Zone A - Integral Reserve,55.8,7,5,0,1,25.2,4.5,0,0,8
AIITA463,Italy,Torre Guaceto - Zone B - General Reserve,51.4,12,6,0,1,19.4,6.0,0,0,8
AIITA464,Italy,Torre Guaceto - Zone C - Partial Reserve,57.5,24,6,3,7,15.0,14.5,0,0,8
AIITA465,Italy,State Nature Reserve Torre Guaceto,22.5,8,1,0,2,5.5,0.0,0,0,7
AIITA466,Italy,Torre Guaceto,35.3,15,2,1,3,8.3,8.0,0,0,7
AIITA468,Italy,Torre Guaceto e Macchia S. Giovanni,50.1,23,6,1,2,11.6,9.5,0,0,9
AIITA469,Italy,Litorale Brindisino,58.6,146,73,18,37,21.6,10.0,0,0,7
AIITA47,Italy,Tavolara - Punta Coda Cavallo,68.6,18,11,2,3,25.1,11.5,5,0,7
AIITA470,Italy,Parco naturale regionale Dune costiere da Torre Canne a Torre S.Leonardo,26.7,9,2,0,3,9.7,0.0,0,0,7
AIITA471,Italy,Posidonieto San Vito - Barletta,50.1,23,6,1,2,11.6,9.5,0,0,9
AIITA472,Italy,Foce Canale Giancola,51.2,8,4,1,2,21.7,5.5,0,0,7
AIITA473,Italy,Parco sommerso di Baia,47.2,3,2,0,1,22.2,6.0,0,0,7
AIITA474,Italy,Parco sommerso di Baia - Zone A,35.8,12,1,0,2,4.8,9.0,5,0,7
AIITA475,Italy,Parco sommerso di Baia - Zone B,27.3,15,1,0,1,4.3,6.0,0,0,7
AIITA476,Italy,Parco sommerso di Baia - Zone C,27.5,9,1,0,1,6.0,4.5,0,0,7
AIITA478,Italy,Cinque Terre - Area marina protetta Cinque Terre,35.8,25,2,0,2,4.8,10.0,0,0,9
AIITA479,Italy,Cinque Terre - Area marina protetta Cinque Terre - Zone A,34.0,16,1,0,2,4.0,8.0,5,0,7
AIITA48,Italy,"AREA MARINA PROTETTA TAVOLARA - PUNTA CODA CAVALLO - IL TRATTO DI MARE ALL'INTERNO DEL CONFINE DELL'AREA PROTETTA MARINA, ESCLUDENDO LE ZONE A E LE ZONE B",48.4,26,3,1,10,7.9,14.5,0,0,9
AIITA480,Italy,Cinque Terre - Area marina protetta Cinque Terre - Zone B,36.5,21,1,2,2,6.5,13.0,0,0,7
AIITA481,Italy,Cinque Terre - Area marina protetta Cinque Terre - Zone C,37.3,13,1,1,3,7.3,11.0,0,0,9
AIITA482,Italy,National Park delle Cinque Terre,28.2,7,2,0,2,11.2,0.0,0,0,7
AIITA483,Italy,Costa Riomaggiore - Monterosso,51.2,8,4,1,2,21.7,5.5,0,0,7
AIITA484,Italy,Fondali Punta Mesco - Rio Maggiore,60.4,8,5,1,2,25.4,8.0,0,0,7
AIITA485,Italy,Portovenere - Riomaggiore - S. Benedetto,51.2,8,4,1,2,21.7,5.5,0,0,7
AIITA486,Italy,Punta Mesco,51.2,8,4,1,2,21.7,5.5,0,0,7
AIITA487,Italy,Parco naturale regionale di Portovenere,33.6,4,1,1,2,16.6,0.0,0,0,7
AIITA488,Italy,Isola Palmaria,51.2,8,4,1,2,21.7,5.5,0,0,7
AIITA489,Italy,Fondali Isole Palmaria - Tino - Tinetto,60.4,8,5,1,2,25.4,8.0,0,0,7
AIITA49,Italy,IL TRATTO DI MARE CIRCOSTANTE L'ISOLA DI MOLARA E LA ZONA A DI MOLAROTTO,50.3,19,4,0,7,9.8,14.5,0,0,9
AIITA490,Italy,Isole Tino - Tinetto,48.9,9,4,1,2,19.4,5.5,0,0,7
AIITA491,Italy,National Park del Cilento e Vallo di Diano,22.8,10,1,0,4,5.8,0.0,0,0,7
AIITA494,Italy,Costa Degli Infreschi E Della Masseta,63.4,14,7,0,2,19.9,11.5,5,0,7
AIITA495,Italy,Costa Degli Infreschi E Della Masseta - Zone A,63.6,15,10,1,2,26.6,10.0,0,0,7
AIITA496,Italy,Costa Degli Infreschi E Della Masseta - Zone B,56.7,27,7,2,9,13.7,13.0,0,0,10
AIITA497,Italy,Costa Degli Infreschi E Della Masseta - Subzone B,54.2,10,6,0,3,22.2,7.0,0,0,7
AIITA498,Italy,Costa Degli Infreschi E Della Masseta - Zone C,55.5,27,6,2,10,12.5,13.0,0,0,10
AIITA499,Italy,Parco marino di Punta degli Infreschi,44.4,83,3,17,34,8.9,11.5,0,0,9
AIITA5,Italy,Santuario Per I Mammiferi Marini,34.2,2,1,0,1,19.2,0.0,0,0,5
AIITA50,Italy,"IL TRATTO DI MARE COMPRESO TRA CAPO CERASO E IL LIMITE SUD DELLA CALETTA SA ENAS APPARA, PER UN'AMPIEZZA DI CIRCA 700 METRI",50.3,19,4,0,7,9.8,14.5,0,0,9
AIITA500,Italy,Capo Palinuro,35.0,19,2,2,4,8.0,10.0,0,0,7
AIITA501,Italy,Costa tra Marina di Camerota e Policastro Bussentino,35.3,15,2,1,3,8.3,8.0,0,0,7
AIITA502,Italy,Scoglio del Mingardo e spiaggia di Cala del Cefalo,51.2,8,4,1,2,21.7,5.5,0,0,7
AIITA503,Italy,Basso corso del Fiume Bussento,51.2,8,4,1,2,21.7,5.5,0,0,7
AIITA504,Italy,Rupi costiere della Costa degli Infreschi e della Masseta,51.2,8,4,1,2,21.7,5.5,0,0,7
AIITA505,Italy,Parco regionale dei Campi Flegrei,49.4,9,6,0,1,22.9,1.5,0,0,7
AIITA506,Italy,Isolotto di S. Martino e dintorni,51.2,8,4,1,2,21.7,5.5,0,0,7
AIITA507,Italy,Gaiola or Parco sommerso di Gaiola,26.2,7,1,0,5,7.8,1.5,0,0,7
AIITA508,Italy,Parco sommerso di Gaiola - Zona A,36.0,12,1,0,1,5.0,9.0,5,0,7
AIITA509,Italy,Parco sommerso di Gaiola - Zona B,28.2,11,1,0,1,5.2,6.0,0,0,7
AIITA51,Italy,IL TRATTO DI MARE COMPRESO TRA CODA DELLU FURRU E PUNTA DI TAMERIGIO (CAPO CODA CAVALLO),50.3,19,4,0,7,9.8,14.5,0,0,9
AIITA510,Italy,Fondali Marini di Gaiola e Nisida,49.2,12,4,1,3,15.2,10.0,0,0,7
AIITA511,Italy,Porto Paone di Nisida,51.2,8,4,1,2,21.7,5.5,0,0,7
AIITA512,Italy,Isola Di Bergeggi - Area marina protetta Isola di Bergeggi,58.5,15,9,0,1,23.0,5.5,5,0,7
AIITA513,Italy,Isola Di Bergeggi - Area marina protetta Isola di Bergeggi - Zone A,57.6,14,10,0,3,25.6,6.0,0,0,8
AIITA514,Italy,Isola Di Bergeggi - Area marina protetta Isola di Bergeggi - Zone B,57.7,30,12,1,7,16.7,13.0,0,0,8
AIITA515,Italy,Isola Di Bergeggi - Area marina protetta Isola di Bergeggi - Zone C,57.0,25,9,0,5,14.5,14.5,0,0,8
AIITA516,Italy,Riserva naturale regionale di Bergeggi,23.2,13,1,0,3,4.7,1.5,0,0,7
AIITA517,Italy,Fondali Noli - Bergeggi,48.9,9,4,1,2,19.4,5.5,0,0,7
AIITA518,Italy,Isola Bergeggi - Punta Predani,51.2,8,4,1,2,21.7,5.5,0,0,7
AIITA519,Italy,"Isole Di Ventotene E Santo Stefano - 
Area naturale marina protetta Isole di Ventotene e Santo StefanoIsole Di Ventotene E Santo Stefano - 
Area naturale marina protetta Isole di Ventotene e Santo StefanoIsole Di Ventotene E Santo Stefano - 
Area naturale marina protetta Isole di Ventotene e Santo StefanoIsole Di Ventotene E Santo Stefano - 
Area naturale marina protetta Isole di Ventotene e Santo StefanoIsole Di Ventotene E Santo Stefano - 
Area naturale marina protetta Isole di Ventotene e Santo StefanoIsole Di Ventotene E Santo Stefano - 
Area naturale marina protetta Isole di Ventotene e Santo StefanoIsole Di Ventotene E Santo Stefano - 
Area naturale marina protetta Isole di Ventotene e Santo StefanoIsole Di Ventotene E Santo Stefano - 
Area naturale marina protetta Isole di Ventotene e Santo StefanoIsole Di Ventotene E Santo Stefano - 
Area naturale marina protetta Isole di Ventotene e Santo StefanoIsole Di Ventotene E Santo Stefano - 
Area naturale marina protetta Isole di Ventotene e Santo StefanoIsole Di Ventotene E Santo Stefano - 
Area naturale marina protetta Isole di Ventotene e Santo StefanoIsole Di Ventotene E Santo Stefano - 
Area naturale marina protetta Isole di Ventotene e Santo StefanoIsole Di Ventotene E Santo Stefano - 
Area naturale marina protetta Isole di Ventotene e Santo StefanoIsole Di Ventotene E Santo Stefano - 
Area naturale marina protetta Isole di Ventotene e Santo StefanoIsole Di Ventotene E Santo Stefano - 
Area naturale marina protetta Isole di Ventotene e Santo Stefano",45.3,253,7,1,1,2.8,10.5,5,0,7
AIITA52,Italy,"NELL'ISOLA DI TAVOLARA L'AREA DI MARE COSTIERA DEL LATO NORD-OCCIDENTALE, PER UN'AMPIEZZA DI CIRCA 500 METRI DALLA COSTA E, DEI LATI NORD-ORIENTALE E SUD-ORIENTALE, PER UN'AMPIEZZA DI CIRCA 300 METRI DALLA ZONA A",50.3,19,4,0,7,9.8,14.5,0,0,9
AIITA520,Italy,"Isole Di Ventotene E Santo Stefano - 
Area naturale marina protetta Isole di Ventotene e Santo Stefano - Zone AIsole Di Ventotene E Santo Stefano - 
Area naturale marina protetta Isole di Ventotene e Santo Stefano - Zone AIsole Di Ventotene E Santo Stefano - 
Area naturale marina protetta Isole di Ventotene e Santo Stefano - Zone AIsole Di Ventotene E Santo Stefano - 
Area naturale marina protetta Isole di Ventotene e Santo Stefano - Zone AIsole Di Ventotene E Santo Stefano - 
Area naturale marina protetta Isole di Ventotene e Santo Stefano - Zone AIsole Di Ventotene E Santo Stefano - 
Area naturale marina protetta Isole di Ventotene e Santo Stefano - Zone AIsole Di Ventotene E Santo Stefano - 
Area naturale marina protetta Isole di Ventotene e Santo Stefano - Zone AIsole Di Ventotene E Santo Stefano - 
Area naturale marina protetta Isole di Ventotene e Santo Stefano - Zone AIsole Di Ventotene E Santo Stefano - 
Area naturale marina protetta Isole di Ventotene e Santo Stefano - Zone AIsole Di Ventotene E Santo Stefano - 
Area naturale marina protetta Isole di Ventotene e Santo Stefano - Zone AIsole Di Ventotene E Santo Stefano - 
Area naturale marina protetta Isole di Ventotene e Santo Stefano - Zone AIsole Di Ventotene E Santo Stefano - 
Area naturale marina protetta Isole di Ventotene e Santo Stefano - Zone AIsole Di Ventotene E Santo Stefano - 
Area naturale marina protetta Isole di Ventotene e Santo Stefano - Zone AIsole Di Ventotene E Santo Stefano - 
Area naturale marina protetta Isole di Ventotene e Santo Stefano - Zone A",36.4,178,9,0,1,3.4,8.0,0,0,7
AIITA521,Italy,"Isole Di Ventotene E Santo Stefano - 
Area naturale marina protetta Isole di Ventotene e Santo Stefano - Zone BIsole Di Ventotene E Santo Stefano - 
Area naturale marina protetta Isole di Ventotene e Santo Stefano - Zone BIsole Di Ventotene E Santo Stefano - 
Area naturale marina protetta Isole di Ventotene e Santo Stefano - Zone BIsole Di Ventotene E Santo Stefano - 
Area naturale marina protetta Isole di Ventotene e Santo Stefano - Zone BIsole Di Ventotene E Santo Stefano - 
Area naturale marina protetta Isole di Ventotene e Santo Stefano - Zone BIsole Di Ventotene E Santo Stefano - 
Area naturale marina protetta Isole di Ventotene e Santo Stefano - Zone BIsole Di Ventotene E Santo Stefano - 
Area naturale marina protetta Isole di Ventotene e Santo Stefano - Zone BIsole Di Ventotene E Santo Stefano - 
Area naturale marina protetta Isole di Ventotene e Santo Stefano - Zone BIsole Di Ventotene E Santo Stefano - 
Area naturale marina protetta Isole di Ventotene e Santo Stefano - Zone BIsole Di Ventotene E Santo Stefano - 
Area naturale marina protetta Isole di Ventotene e Santo Stefano - Zone BIsole Di Ventotene E Santo Stefano - 
Area naturale marina protetta Isole di Ventotene e Santo Stefano - Zone BIsole Di Ventotene E Santo Stefano - 
Area naturale marina protetta Isole di Ventotene e Santo Stefano - Zone BIsole Di Ventotene E Santo Stefano - 
Area naturale marina protetta Isole di Ventotene e Santo Stefano - Zone BIsole Di Ventotene E Santo Stefano - 
Area naturale marina protetta Isole di Ventotene e Santo Stefano - Zone B",58.4,24,6,1,11,12.4,13.0,5,0,8
AIITA522,Italy,"Isole Di Ventotene E Santo Stefano - 
Area naturale marina protetta Isole di Ventotene e Santo Stefano - Zone CIsole Di Ventotene E Santo Stefano - 
Area naturale marina protetta Isole di Ventotene e Santo Stefano - Zone CIsole Di Ventotene E Santo Stefano - 
Area naturale marina protetta Isole di Ventotene e Santo Stefano - Zone CIsole Di Ventotene E Santo Stefano - 
Area naturale marina protetta Isole di Ventotene e Santo Stefano - Zone CIsole Di Ventotene E Santo Stefano - 
Area naturale marina protetta Isole di Ventotene e Santo Stefano - Zone CIsole Di Ventotene E Santo Stefano - 
Area naturale marina protetta Isole di Ventotene e Santo Stefano - Zone CIsole Di Ventotene E Santo Stefano - 
Area naturale marina protetta Isole di Ventotene e Santo Stefano - Zone CIsole Di Ventotene E Santo Stefano - 
Area naturale marina protetta Isole di Ventotene e Santo Stefano - Zone CIsole Di Ventotene E Santo Stefano - 
Area naturale marina protetta Isole di Ventotene e Santo Stefano - Zone CIsole Di Ventotene E Santo Stefano - 
Area naturale marina protetta Isole di Ventotene e Santo Stefano - Zone CIsole Di Ventotene E Santo Stefano - 
Area naturale marina protetta Isole di Ventotene e Santo Stefano - Zone CIsole Di Ventotene E Santo Stefano - 
Area naturale marina protetta Isole di Ventotene e Santo Stefano - Zone CIsole Di Ventotene E Santo Stefano - 
Area naturale marina protetta Isole di Ventotene e Santo Stefano - Zone CIsole Di Ventotene E Santo Stefano - 
Area naturale marina protetta Isole di Ventotene e Santo Stefano - Zone C",52.4,21,4,0,10,9.4,13.0,5,0,10
AIITA523,Italy,State Nature Reserve Isole di Ventotene e Santo Stefano,26.0,7,1,0,2,7.0,0.0,0,0,9
AIITA524,Italy,"Isole di Ponza, Palmarola, Zannone, Ventotene e S. Stefano",35.3,15,2,1,3,8.3,8.0,0,0,7
AIITA525,Italy,Fondali circostanti l'Isola di S. Stefano,53.5,7,4,1,2,24.0,5.5,0,0,7
AIITA526,Italy,Fondali circostanti l'Isola di Ventotene,50.9,8,4,1,3,21.4,5.5,0,0,7
AIITA527,Italy,Fondali circostanti l'Isola di Palmarola,57.9,8,5,1,2,25.4,5.5,0,0,7
AIITA528,Italy,Fondali circostanti l'Isola di Ponza,57.9,8,5,1,2,25.4,5.5,0,0,7
AIITA529,Italy,Fondali circostanti l'Isola di Zannone,57.9,8,5,1,2,25.4,5.5,0,0,7
AIITA53,Italy,"NELL'ISOLA DI TAVOLARA LA PUNTA A SUD DI CALA DI LEVANTE, PUNTA DEL PAPA E IL PUNTO IN COSTA A SUD-EST DELLA PUNTA DEL PASSO MALOIE  RELATIVI TERRITORI COSTIERI APPARTENENTI AL DEMANIO MARITTIMO",62.3,13,11,0,1,30.3,7.0,0,0,7
AIITA530,Italy,Isole di Palmarola e Zannone,53.5,7,4,1,2,24.0,5.5,0,0,7
AIITA531,Italy,Isole Tremiti,5.8,395,0,0,2,1.8,0.0,0,0,4
AIITA532,Italy,Isole Tremiti - Zone A,24.9,24,1,0,4,3.4,4.5,0,0,7
AIITA533,Italy,Isole Tremiti - Zone B,29.5,7,1,0,2,7.0,5.5,0,0,7
AIITA534,Italy,Isole Tremiti - Zone C,37.1,3,1,0,1,14.6,5.5,0,0,7
AIITA535,Italy,Isole Tremiti,53.5,7,4,1,2,24.0,5.5,0,0,7
AIITA536,Italy,Isole Tremiti,35.3,15,2,1,3,8.3,8.0,0,0,7
AIITA537,Italy,Regno Di Nettuno - Area marina protetta Regno di Nettuno,54.9,14,5,1,3,16.9,8.0,5,0,7
AIITA538,Italy,Regno Di Nettuno - Area marina protetta Regno di Nettuno - Zone A,65.2,11,8,0,1,26.7,8.5,5,0,7
AIITA539,Italy,Regno Di Nettuno - Area marina protetta Regno di Nettuno - Zone B n.t.,48.0,26,8,1,1,13.5,8.5,0,0,8
AIITA54,Italy,"NELL'ISOLA MOLAROTTO, L'AREA PENTAGONALE CIRCOSTANTE MOLAROTTO, PER UN'AMPIEZZA DI CIRCA 750 METRI AD EST E AD OVEST (LATI); CIRCA 1.000 METRI A NORD (VERTICE); CIRCA 1.500 METRI A SUD (LATO).",62.3,13,11,0,1,30.3,7.0,0,0,7
AIITA540,Italy,Regno Di Nettuno - Area marina protetta Regno di Nettuno - Zone B ,57.9,28,7,0,3,10.4,14.5,5,0,8
AIITA541,Italy,Regno Di Nettuno - Area marina protetta Regno di Nettuno - Zone C,57.0,31,5,0,5,7.5,14.5,5,0,10
AIITA542,Italy,Regno Di Nettuno - Area marina protetta Regno di Nettuno - Zone D,59.8,31,6,2,5,10.3,14.5,5,0,10
AIITA543,Italy,"Fondali marini di Ischia, Procida e Vivara",34.7,20,2,2,4,7.7,10.0,0,0,7
AIITA544,Italy,State Nature Reserve Isola di Vivara,22.6,10,1,0,3,5.6,0.0,0,0,7
AIITA545,Italy,Isola di Vivara,35.0,19,2,2,4,8.0,10.0,0,0,7
AIITA546,Italy,Rupi costiere dell'Isola di Ischia,53.5,7,4,1,2,24.0,5.5,0,0,7
AIITA547,Italy,Santa Maria Di Castellabate - Area marina protetta Santa Maria di Castellabate,69.6,11,6,2,1,26.1,14.5,0,0,9
AIITA548,Italy,Santa Maria Di Castellabate - Area marina protetta Santa Maria di Castellabate - Zone A,62.4,11,9,0,1,29.4,8.0,0,0,7
AIITA549,Italy,Santa Maria Di Castellabate - Area marina protetta Santa Maria di Castellabate - Subzone Bs,62.4,11,9,0,1,29.4,8.0,0,0,7
AIITA55,Italy,Isole del Nord - Est tra Capo Ceraso e Stagno di San Teodoro,35.3,15,2,1,3,8.3,8.0,0,0,7
AIITA550,Italy,Santa Maria Di Castellabate - Area marina protetta Santa Maria di Castellabate - Subzone B,54.5,14,6,0,2,17.5,11.0,0,0,8
AIITA551,Italy,Santa Maria Di Castellabate - Area marina protetta Santa Maria di Castellabate - Zone B,48.8,16,4,0,6,11.8,12.0,0,0,8
AIITA552,Italy,Santa Maria Di Castellabate - Area marina protetta Santa Maria di Castellabate - Zone C,47.0,20,3,1,8,10.0,13.0,0,0,7
AIITA553,Italy,Parco marino di S. Maria di Castellabate,38.4,30,2,3,5,6.9,14.5,0,0,7
AIITA554,Italy,Costa tra Punta Tresino e le Ripe Rosse,35.3,15,2,1,3,8.3,8.0,0,0,7
AIITA555,Italy,Monte Licosa e dintorni,53.5,7,4,1,2,24.0,5.5,0,0,7
AIITA556,Italy,Monte Tresino e dintorni,53.5,7,4,1,2,24.0,5.5,0,0,7
AIITA557,Italy,Secche Di Tor Paterno - Area naturale marina protetta Secche di Tor Paterno,32.0,17,1,0,3,4.0,6.0,5,0,7
AIITA559,Italy,Torre Del Cerrano - Area Marina Protetta Torre Del Cerrano,68.4,38,23,3,2,23.9,14.5,0,0,10
AIITA56,Italy,"Isole Tavolara, Molara e Molarotto",53.5,7,4,1,2,24.0,5.5,0,0,7
AIITA560,Italy,Torre Del Cerrano - Area Marina Protetta Torre Del Cerrano - Zone B,38.8,7,2,0,4,12.8,9.0,0,0,7
AIITA561,Italy,Torre Del Cerrano - Area Marina Protetta Torre Del Cerrano - Zone C,26.1,15,0,1,8,5.6,11.5,0,0,9
AIITA562,Italy,Torre Del Cerrano - Area Marina Protetta Torre Del Cerrano - Zone D,18.5,9,0,0,3,3.5,9.0,0,0,6
AIITA564,Italy,Fondali tra Torre Astura e Capo Portiere,58.9,9,6,1,2,26.4,5.5,0,0,7
AIITA565,Italy,Fondali tra Capo Portiere e Lago di Caprolace (foce),58.9,9,6,1,2,26.4,5.5,0,0,7
AIITA566,Italy,National Park del Circeo,27.1,12,2,0,1,7.1,3.0,0,0,7
AIITA567,Italy,National Park del Circeo,35.8,14,2,1,3,8.8,8.0,0,0,7
AIITA568,Italy,Dune del Circeo,53.5,7,4,1,2,24.0,5.5,0,0,7
AIITA569,Italy,Promontorio del Circeo (Quarto Caldo),53.5,7,4,1,2,24.0,5.5,0,0,7
AIITA57,Italy,Stagno di San Teodoro,53.5,7,4,1,2,24.0,5.5,0,0,7
AIITA574,Italy,Riserva naturale Lago di Burano,6.9,3,0,0,2,2.9,0.0,0,0,4
AIITA575,Italy,Duna del Lago di Burano,50.7,8,4,1,2,21.2,5.5,0,0,7
AIITA577,Italy,Lago di Burano,50.7,8,4,1,2,21.2,5.5,0,0,7
AIITA578,Italy,Lago di Burano,35.3,15,2,1,3,8.3,8.0,0,0,7
AIITA579,Italy,Laguna di Marano e Grado,46.7,38,3,3,6,6.7,13.0,5,0,7
AIITA58,Italy,Berchida e Bidderosa,53.5,7,4,1,2,24.0,5.5,0,0,7
AIITA580,Italy,Riserva naturale della Valle Canal Novo,23.8,21,2,0,1,5.3,1.5,0,0,7
AIITA581,Italy,Riserva naturale Foci dello Stella,23.8,21,2,0,1,5.3,1.5,0,0,7
AIITA583,Italy,Tegnùe di Chioggia,45.7,15,4,0,4,10.2,6.5,5,0,9
AIITA584,Italy,Laguna di Venezia,35.3,15,2,1,3,8.3,8.0,0,0,7
AIITA586,Italy,Laguna medio-inferiore di Venezia,60.2,20,8,1,4,15.7,10.5,5,0,9
AIITA587,Italy,Laguna superiore di Venezia,60.2,20,8,1,4,15.7,10.5,5,0,9
AIITA588,Italy,Lido di Venezia: biotopi litoranei,54.3,32,6,2,6,9.3,13.0,5,0,9
AIITA589,Italy,Penisola del Cavallino: biotopi litoranei,54.3,32,6,2,6,9.3,13.0,5,0,9
AIITA59,Italy,Golfo di Orosei,35.0,19,2,2,4,8.0,10.0,0,0,7
AIITA590,Italy,Foce Volturno - Variconi,53.5,7,4,1,2,24.0,5.5,0,0,7
AIITA591,Italy,Riserva naturale Foce Volturno - Costa di Licola,33.6,4,1,1,2,16.6,0.0,0,0,7
AIITA592,Italy,Pineta di Patria,53.5,7,4,1,2,24.0,5.5,0,0,7
AIITA593,Italy,Variconi,35.8,14,2,1,3,8.8,8.0,0,0,7
AIITA595,Italy,Delta del Po: tratto terminale e delta veneto,60.2,20,8,1,4,15.7,10.5,5,0,9
AIITA596,Italy,Delta del Po,35.3,15,2,1,3,8.3,8.0,0,0,7
AIITA597,Italy,"Sacca di Goro, Po di Goro, Valle Dindona, Foce del Po di Volano",49.2,25,8,3,3,15.2,9.0,0,0,7
AIITA598,Italy,Bosco di Volano,51.2,28,9,4,4,16.2,10.0,0,0,7
AIITA599,Italy,"Valle Bertuzzi, Valle Porticino - Canneviè",35.0,19,2,2,4,8.0,10.0,0,0,7
AIITA6,Italy,Jabuka / Pomo Trench Fishing Restricted Zone 1,43.5,3,1,0,2,14.0,2.5,8,0,7
AIITA60,Italy,Palude di Osalla,59.8,14,11,1,2,29.2,5.5,0,0,7
AIITA600,Italy,Dune di San Giuseppe,51.2,28,9,4,4,16.2,10.0,0,0,7
AIITA601,Italy,Parco regionale del Delta del Po (VE),38.0,3,1,1,1,21.0,0.0,0,0,7
AIITA602,Italy,Riserva naturale Bocche di Po,38.0,3,1,1,1,21.0,0.0,0,0,7
AIITA603,Italy,Parco regionale Delta del Po (ER),34.1,4,1,1,1,17.1,0.0,0,0,7
AIITA604,Italy,Riserva naturale Bosco della Mesola,33.6,4,1,1,2,16.6,0.0,0,0,7
AIITA605,Italy,Riserva naturale Destra foce Fiume Reno,33.6,4,1,1,2,16.6,0.0,0,0,7
AIITA606,Italy,Riserva naturale Duna costiera ravennate e foce torrente Bevano,33.6,4,1,1,2,16.6,0.0,0,0,7
AIITA607,Italy,Riserva naturale Dune e isole della Sacca di Gorino,33.6,4,1,1,2,16.6,0.0,0,0,7
AIITA608,Italy,Riserva naturale Foce Fiume Reno,33.6,4,1,1,2,16.6,0.0,0,0,7
AIITA609,Italy,Riserva naturale Pineta di Ravenna,33.6,4,1,1,2,16.6,0.0,0,0,7
AIITA61,Italy,National Park del Golfo di Orosei e del Gennargentu,30.1,8,1,0,3,6.6,1.5,5,0,7
AIITA610,Italy,Riserva naturale Po di Volano,33.6,4,1,1,2,16.6,0.0,0,0,7
AIITA611,Italy,Riserva naturale Sacca di Bellocchio,33.6,4,1,1,2,16.6,0.0,0,0,7
AIITA612,Italy,Riserva naturale Sacca di Bellocchio II,33.6,4,1,1,2,16.6,0.0,0,0,7
AIITA613,Italy,Riserva naturale Sacca di Bellocchio III,33.6,4,1,1,2,16.6,0.0,0,0,7
AIITA614,Italy,"Ortazzo, Ortazzino, Foce del Torrente Bevano",49.7,26,7,4,4,14.7,10.0,0,0,7
AIITA615,Italy,"Pialassa dei Piomboni, Pineta di Punta Marina",49.7,26,7,4,4,14.7,10.0,0,0,7
AIITA616,Italy,"Pineta di Casalborsetti, Pineta Staggioni, Duna di Porto Corsini",50.5,27,8,4,4,15.5,10.0,0,0,7
AIITA617,Italy,Pineta di Cervia,61.0,14,9,3,2,28.5,5.5,0,0,7
AIITA618,Italy,"Vene di Bellocchio, Sacca di Bellocchio, Foce del Fiume Reno, Pineta di Bellocchio",52.7,28,9,4,4,16.2,11.5,0,0,7
AIITA62,Italy,Lido di Orrì,53.5,7,4,1,2,24.0,5.5,0,0,7
AIITA626,Italy,Paludi presso il Golfo di Manfredonia,35.8,14,2,1,3,8.8,8.0,0,0,7
AIITA627,Italy,Zone umide della Capitanata,61.3,16,9,3,3,25.3,7.0,0,0,9
AIITA629,Italy,Valle Cavanata e Banco Mula di Muggia,47.1,27,3,3,5,8.6,11.5,5,0,7
AIITA63,Italy,Area del Monte Ferru di Tertenia,53.5,7,4,1,2,24.0,5.5,0,0,7
AIITA630,Italy,Riserva naturale della Valle Cavanata,34.1,4,1,1,1,17.1,0.0,0,0,7
AIITA632,Italy,Acquafredda di Maratea,53.5,7,4,1,2,24.0,5.5,0,0,7
AIITA633,Italy,Alimini,53.5,7,4,1,2,24.0,5.5,0,0,7
AIITA635,Italy,Fiumara Avena,57.2,11,7,1,2,24.7,5.5,0,0,7
AIITA637,Italy,Valle del Fiume Lao,53.5,7,4,1,2,24.0,5.5,0,0,7
AIITA638,Italy,Aquatina di Frigole,53.5,7,4,1,2,24.0,5.5,0,0,7
AIITA639,Italy,Bosco Tramazzone,53.5,7,4,1,2,24.0,5.5,0,0,7
AIITA64,Italy,Stagni di Murtas e S'Acqua Durci,53.5,7,4,1,2,24.0,5.5,0,0,7
AIITA640,Italy,Riserva naturale regionale orientata Bosco di Cerano,33.6,4,1,1,2,16.6,0.0,0,0,7
AIITA641,Italy,Le Cesine,53.5,7,4,1,2,24.0,5.5,0,0,7
AIITA642,Italy,Rauccio,53.5,7,4,1,2,24.0,5.5,0,0,7
AIITA643,Italy,Parco naturale regionale Bosco e Paludi di Rauccio,33.6,4,1,1,2,16.6,0.0,0,0,7
AIITA644,Italy,Stagni e Saline di Punta della Contessa,36.7,27,2,2,4,6.2,11.5,0,0,9
AIITA645,Italy,Parco naturale regionale Salina di Punta della Contessa,33.6,4,1,1,2,16.6,0.0,0,0,7
AIITA646,Italy,Torre Veneri,53.5,7,4,1,2,24.0,5.5,0,0,7
AIITA647,Italy,Riserva naturale Le Cesine,33.6,4,1,1,2,16.6,0.0,0,0,7
AIITA648,Italy,Le Cesine,35.8,14,2,1,3,8.8,8.0,0,0,7
AIITA65,Italy,Foce del Flumendosa - Sa Praia,53.5,7,4,1,2,24.0,5.5,0,0,7
AIITA653,Italy,Torrente Arroscia e Centa,53.5,7,4,1,2,24.0,5.5,0,0,7
AIITA654,Italy,Bosco di Palo Laziale,53.5,7,4,1,2,24.0,5.5,0,0,7
AIITA655,Italy,Bosco Pantano di Policoro e Costa Ionica Foce Sinni,34.7,20,2,2,4,7.7,10.0,0,0,7
AIITA656,Italy,Riserva naturale orientata Bosco Pantano di Policoro,38.0,3,1,1,1,21.0,0.0,0,0,7
AIITA657,Italy,Cala Rossa e Capo Rama,53.5,7,4,1,2,24.0,5.5,0,0,7
AIITA658,Italy,Riserva naturale orientata Capo Rama,44.2,7,2,3,1,23.2,4.0,0,0,7
AIITA659,Italy,Capo Miseno,53.5,7,4,1,2,24.0,5.5,0,0,7
AIITA66,Italy,Stagni di Colostrai e delle Saline,53.5,7,4,1,2,24.0,5.5,0,0,7
AIITA660,Italy,Lago di Miseno,53.5,7,4,1,2,24.0,5.5,0,0,7
AIITA661,Italy,Lago del Fusaro,53.5,7,4,1,2,24.0,5.5,0,0,7
AIITA662,Italy,Foce di Licola,53.5,7,4,1,2,24.0,5.5,0,0,7
AIITA663,Italy,Capo Mortola,53.5,7,4,1,2,24.0,5.5,0,0,7
AIITA664,Italy,Casoni di Sibari,57.2,11,7,1,2,24.7,5.5,0,0,7
AIITA665,Italy,Castel Porziano (fascia costiera),53.5,7,4,1,2,24.0,5.5,0,0,7
AIITA666,Italy,Castel Porziano (Tenuta presidenziale),35.8,14,2,1,3,8.8,8.0,0,0,7
AIITA667,Italy,State Nature Reserve Tenuta di Castelporziano,33.6,4,1,1,2,16.6,0.0,0,0,7
AIITA668,Italy,Cavana di Monfalcone,51.0,16,4,1,5,12.0,8.0,5,0,9
AIITA669,Italy,Colle S. Bartolo,53.5,7,4,1,2,24.0,5.5,0,0,7
AIITA67,Italy,Stagni di Colostrai,35.8,14,2,1,3,8.8,8.0,0,0,7
AIITA670,Italy,Colle San Bartolo e litorale pesarese,35.8,14,2,1,3,8.8,8.0,0,0,7
AIITA671,Italy,Litorale della Baia del Re,53.5,7,4,1,2,24.0,5.5,0,0,7
AIITA672,Italy,Parco naturale regionale del Monte San Bartolo,48.1,15,6,1,1,17.1,1.0,5,0,7
AIITA673,Italy,Fiume Metauro da Piano di Zucca alla foce,35.4,18,2,2,4,8.4,10.0,0,0,7
AIITA674,Italy,Costa del Piceno - San Nicola a mare,53.5,7,4,1,2,24.0,5.5,0,0,7
AIITA675,Italy,Costa di Bonassola - Framura,53.5,7,4,1,2,24.0,5.5,0,0,7
AIITA676,Italy,Fondali Anzo,60.4,8,5,1,2,25.4,8.0,0,0,7
AIITA677,Italy,Costa di Maralunga,53.5,7,4,1,2,24.0,5.5,0,0,7
AIITA678,Italy,Mare della Magna Grecia,35.0,19,2,2,4,8.0,10.0,0,0,7
AIITA679,Italy,Costa Ionica Foce Agri,53.5,7,4,1,2,24.0,5.5,0,0,7
AIITA68,Italy,Punta di Santa Giusta (Costa Rei),53.5,7,4,1,2,24.0,5.5,0,0,7
AIITA680,Italy,Costa Ionica Foce Basento,53.5,7,4,1,2,24.0,5.5,0,0,7
AIITA681,Italy,Costa Ionica Foce Bradano,53.5,7,4,1,2,24.0,5.5,0,0,7
AIITA682,Italy,Costa Ionica Foce Cavone,53.5,7,4,1,2,24.0,5.5,0,0,7
AIITA683,Italy,Riserva naturale Metaponto,33.6,4,1,1,2,16.6,0.0,0,0,7
AIITA684,Italy,Pinete dell'Arco Ionico,53.5,7,4,1,2,24.0,5.5,0,0,7
AIITA685,Italy,Costa Otranto - Santa Maria di Leuca,53.5,7,4,1,2,24.0,5.5,0,0,7
AIITA686,Italy,Parco naturale regionale Costa Otranto - S.Maria di Leuca e Bosco di Tricase,33.6,4,1,1,2,16.6,0.0,0,0,7
AIITA687,Italy,Costa rocciosa tra Sperlonga e Gaeta,35.0,19,2,2,4,8.0,10.0,0,0,7
AIITA688,Italy,Monumento naturale Promontorio Villa Tiberio e Costa Torre Capovento-Punta Cetarola,26.9,6,1,0,2,7.9,0.0,0,0,9
AIITA69,Italy,Capo Carbonara,49.0,7,4,0,1,21.5,5.5,0,0,7
AIITA690,Italy,Parco regionale urbano Monte Orlando,33.6,4,1,1,2,16.6,0.0,0,0,7
AIITA692,Italy,Parco regionale del Conero,33.6,4,1,1,2,16.6,0.0,0,0,7
AIITA693,Italy,Monte Conero,35.8,14,2,1,3,8.8,8.0,0,0,7
AIITA694,Italy,Costa tra Ancona e Portonovo,53.5,7,4,1,2,24.0,5.5,0,0,7
AIITA695,Italy,Portonovo e falesia calcarea a mare,51.9,8,4,1,3,21.4,6.5,0,0,7
AIITA696,Italy,Costiera Amalfitana tra Maiori e il Torrente Bonea,53.5,7,4,1,2,24.0,5.5,0,0,7
AIITA697,Italy,Costiera amalfitana tra Maiori e il Torrente Bonea,35.8,14,2,1,3,8.8,8.0,0,0,7
AIITA698,Italy,Deiva - Bracco - Pietra di Vasca - Mola,53.5,7,4,1,2,24.0,5.5,0,0,7
AIITA699,Italy,Monte Serro,53.5,7,4,1,2,24.0,5.5,0,0,7
AIITA7,Italy,Jabuka / Pomo Trench Fishing Restricted Zone 2,41.9,4,1,0,3,11.4,3.5,8,0,7
AIITA70,Italy,RESIDUO TRATTO DI MARE ALL'INTERNO DEL PERIMETRO DELL'AREA MARINA PROTETTA,28.4,4,1,0,1,11.4,0.0,0,0,7
AIITA700,Italy,Duna di Capratica,53.5,7,4,1,2,24.0,5.5,0,0,7
AIITA701,Italy,National Park del Gargano,34.9,4,1,0,1,11.4,1.5,5,0,7
AIITA702,Italy,Duna e Lago di Lesina - Foce del Fortore,53.5,7,4,1,2,24.0,5.5,0,0,7
AIITA703,Italy,Foce Biferno - Litorale di Campomarino,53.5,7,4,1,2,24.0,5.5,0,0,7
AIITA704,Italy,Foce Saccione - Bonifica Ramitelli,53.5,7,4,1,2,24.0,5.5,0,0,7
AIITA705,Italy,Isola e Lago di Varano,53.5,7,4,1,2,24.0,5.5,0,0,7
AIITA706,Italy,Laghi di Lesina e Varano,35.8,14,2,1,3,8.8,8.0,0,0,7
AIITA707,Italy,Lago di Guardialfiera - Foce fiume Biferno,35.8,14,2,1,3,8.8,8.0,0,0,7
AIITA708,Italy,Riserva naturale Isola Varano,33.6,4,1,1,2,16.6,0.0,0,0,7
AIITA709,Italy,Manacore del Gargano,53.5,7,4,1,2,24.0,5.5,0,0,7
AIITA71,Italy,RESIDUO TRATTO DI MARE CIRCOSTANTE ALLE ZONE A E B,38.7,12,2,0,1,7.7,12.0,0,0,7
AIITA710,Italy,Monte Saraceno,53.5,7,4,1,2,24.0,5.5,0,0,7
AIITA711,Italy,Pineta Marzini,53.5,7,4,1,2,24.0,5.5,0,0,7
AIITA712,Italy,Promontorio del Gargano,35.8,14,2,1,3,8.8,8.0,0,0,7
AIITA713,Italy,Testa del Gargano,53.5,7,4,1,2,24.0,5.5,0,0,7
AIITA714,Italy,Riserva naturale Monte Barone,38.0,3,1,1,1,21.0,0.0,0,0,7
AIITA715,Italy,Dune dell'Angitola,53.5,7,4,1,2,24.0,5.5,0,0,7
AIITA716,Italy,Fondali di Pizzo Calabro,53.5,7,4,1,2,24.0,5.5,0,0,7
AIITA717,Italy,Lago La Vota,53.5,7,4,1,2,24.0,5.5,0,0,7
AIITA718,Italy,Fondali Capo Cozzo - S. Irene,53.5,7,4,1,2,24.0,5.5,0,0,7
AIITA719,Italy,Fondali di Capo Vaticano,53.5,7,4,1,2,24.0,5.5,0,0,7
AIITA72,Italy,TRATTO DI MARE ANTISTANTE IL CAPO CARBONARA E CIRCOSTANTE ISOLA DEI CAVOLI,38.3,13,2,0,1,7.3,12.0,0,0,7
AIITA720,Italy,Zona costiera fra Briatico e Nicotera,53.5,7,4,1,2,24.0,5.5,0,0,7
AIITA721,Italy,Fondali Scogli di Isca,53.5,7,4,1,2,24.0,5.5,0,0,7
AIITA721a,Italy,Scogli di Isca - Zone A Integral reserve,27.2,5,1,0,1,8.8,1.5,0,0,7
AIITA721_A,Italy,SCOGLI di ISCA,34.2,2,1,0,1,19.2,0.0,0,0,5
AIITA721b,Italy,Scogli di Isca - Zone B General reserve,27.6,5,1,0,2,9.1,1.5,0,0,7
AIITA721c,Italy,Scogli di Isca - Zone C Partial reserve,24.6,8,1,0,1,6.1,1.5,0,0,7
AIITA722,Italy,Dune di Guardavalle,53.5,7,4,1,2,24.0,5.5,0,0,7
AIITA723,Italy,Fondali di Staletti,53.5,7,4,1,2,24.0,5.5,0,0,7
AIITA724,Italy,Scogliera di Staletti,53.5,7,4,1,2,24.0,5.5,0,0,7
AIITA725,Italy,Oasi di Scolacium,53.5,7,4,1,2,24.0,5.5,0,0,7
AIITA726,Italy,Dune di Isca,53.5,7,4,1,2,24.0,5.5,0,0,7
AIITA727,Italy,Dune residue del Bacucco,60.2,20,8,1,4,15.7,10.5,5,0,9
AIITA728,Italy,Fasce litoranee a destra e a sinistra del Fiume Sele,53.5,7,4,1,2,24.0,5.5,0,0,7
AIITA729,Italy,Riserva naturale Foce Sele - Tanagro,38.0,3,1,1,1,21.0,0.0,0,0,7
AIITA73,Italy,TRATTO DI MARE ANTISTANTE LA COSTA DI PUNTA MOLENTIS E DI PUNTA PORCEDDUS,38.3,13,2,0,1,7.3,12.0,0,0,7
AIITA730,Italy,Finalese - Capo Noli,53.5,7,4,1,2,24.0,5.5,0,0,7
AIITA731,Italy,Fiume Alento,53.5,7,4,1,2,24.0,5.5,0,0,7
AIITA732,Italy,Fiume Garigliano,53.5,7,4,1,2,24.0,5.5,0,0,7
AIITA733,Italy,Fiume Garigliano (tratto terminale),53.5,7,4,1,2,24.0,5.5,0,0,7
AIITA734,Italy,Pineta della Foce del Garigliano,53.5,7,4,1,2,24.0,5.5,0,0,7
AIITA735,Italy,Parco regionale di Roccamonfina - Foce Garigliano,33.6,4,1,1,2,16.6,0.0,0,0,7
AIITA736,Italy,Foce del Crocchio - Cropani,53.5,7,4,1,2,24.0,5.5,0,0,7
AIITA737,Italy,Foce del Fiume Crati,57.2,11,7,1,2,24.7,5.5,0,0,7
AIITA738,Italy,Riserva naturale Foce del Crati,24.2,13,1,0,3,4.7,2.5,0,0,7
AIITA739,Italy,Foce del Tagliamento,35.8,14,2,1,3,8.8,8.0,0,0,7
AIITA74,Italy,TRATTO DI MARE ANTISTANTE LA COSTA NORD-OCCIDENTALE DE I VARIGLIONI DI ISOLA DI ISOLA DI SERPENTARA,28.6,9,1,0,1,5.6,6.0,0,0,7
AIITA740,Italy,Laguna di Caorle - Foce del Tagliamento,60.2,20,8,1,4,15.7,10.5,5,0,9
AIITA741,Italy,Pineta di Lignano,51.3,13,4,1,4,14.3,8.0,5,0,7
AIITA742,Italy,Valle Vecchia - Zumelle - Valli di Bibione,35.8,14,2,1,3,8.8,8.0,0,0,7
AIITA743,Italy,Valli Zignago - Perera - Franchetti - Nova,35.8,14,2,1,3,8.8,8.0,0,0,7
AIITA744,Italy,Tegnùe di Porto Falconera,51.2,17,5,0,3,11.2,8.0,5,0,9
AIITA745,Italy,L'Oasi Marina città di Caorle,27.3,6,1,0,2,7.3,3.0,0,0,7
AIITA746,Italy,Foce dell'Isonzo - Isola della Cona,38.3,34,1,2,6,4.8,11.5,5,0,7
AIITA747,Italy,Riserva naturale della Foce dell'Isonzo,25.3,18,2,0,1,5.3,3.0,0,0,7
AIITA748,Italy,Foce Neto,53.5,7,4,1,2,24.0,5.5,0,0,7
AIITA749,Italy,Foce Trigno - Marina di Petacciato,53.5,7,4,1,2,24.0,5.5,0,0,7
AIITA75,Italy,TRATTO DI MARE ANTISTANTE LA COSTA SUD-OCCIDENTALE E ORIENTALE DI ISOLA DI SERPENTARA,38.3,13,2,0,1,7.3,12.0,0,0,7
AIITA750,Italy,Fondali antistanti Punta Morelle,53.5,7,4,1,2,24.0,5.5,0,0,7
AIITA751,Italy,Fondali antistanti S. Marinella,53.5,7,4,1,2,24.0,5.5,0,0,7
AIITA752,Italy,Fondali tra le foci del Fiume Chiarone e Fiume Fiora,53.5,7,4,1,2,24.0,5.5,0,0,7
AIITA753,Italy,Fondali tra le foci del Torrente Arrone e del Fiume Marta,53.5,7,4,1,2,24.0,5.5,0,0,7
AIITA754,Italy,Fondali tra Marina di Tarquinia e Punta della Quaglia,53.5,7,4,1,2,24.0,5.5,0,0,7
AIITA755,Italy,Fondali tra Punta del Pecoraro e Capo Linaro,53.5,7,4,1,2,24.0,5.5,0,0,7
AIITA756,Italy,Fondali tra Punta S. Agostino e Punta della Mattonara,53.5,7,4,1,2,24.0,5.5,0,0,7
AIITA757,Italy,Litorale a nord ovest delle Foci del Fiora,53.5,7,4,1,2,24.0,5.5,0,0,7
AIITA758,Italy,Litorale tra Tarquinia e Montalto di Castro,53.5,7,4,1,2,24.0,5.5,0,0,7
AIITA759,Italy,Macchiatonda,35.0,19,2,2,4,8.0,10.0,0,0,7
AIITA76,Italy,TRATTO DI MARE CIRCOSTANTE I VARIGLIONI DI ISOLA DEI CAVOLI,28.6,9,1,0,1,5.6,6.0,0,0,7
AIITA760,Italy,Secche di Macchiatonda,53.5,7,4,1,2,24.0,5.5,0,0,7
AIITA761,Italy,Secche di Torre Flavia,53.5,7,4,1,2,24.0,5.5,0,0,7
AIITA762,Italy,Saline di Tarquinia,35.0,19,2,2,4,8.0,10.0,0,0,7
AIITA763,Italy,Torre Flavia,35.8,14,2,1,3,8.8,8.0,0,0,7
AIITA765,Italy,Riserva naturale Salina di Tarquinia,7.5,3,0,0,3,3.5,0.0,0,0,4
AIITA766,Italy,Riserva naturale di Macchiatonda,37.3,5,2,1,2,20.3,0.0,0,0,7
AIITA767,Italy,Fondali Arenzano - Punta Ivrea,60.4,8,5,1,2,25.4,8.0,0,0,7
AIITA768,Italy,Fondali Varazze - Albisola,53.5,7,4,1,2,24.0,5.5,0,0,7
AIITA769,Italy,Fondali Arma di Taggia - Punta San Martino,53.5,7,4,1,2,24.0,5.5,0,0,7
AIITA77,Italy,TRATTO DI MARE CIRCOSTANTE LA SECCA DE IS PISCADEDDUS,28.6,9,1,0,1,5.6,6.0,0,0,7
AIITA770,Italy,Fondali Boccadasse - Nervi,60.4,8,5,1,2,25.4,8.0,0,0,7
AIITA771,Italy,Fondali Capo Berta - Diano Marina - Capo Mimosa,60.4,8,5,1,2,25.4,8.0,0,0,7
AIITA772,Italy,Fondali Capo Mele - Alassio,53.5,7,4,1,2,24.0,5.5,0,0,7
AIITA773,Italy,Fondali Capo Mortola - San Gaetano,60.4,8,5,1,2,25.4,8.0,0,0,7
AIITA774,Italy,Fondali di Capo Tirone,57.2,11,7,1,2,24.7,5.5,0,0,7
AIITA775,Italy,Fondali Finale Ligure,53.5,7,4,1,2,24.0,5.5,0,0,7
AIITA776,Italy,Fondali Golfo di Rapallo,53.5,7,4,1,2,24.0,5.5,0,0,7
AIITA777,Italy,Fondali Isola di Cirella-Diamante,57.2,11,7,1,2,24.7,5.5,0,0,7
AIITA778,Italy,Isola di Cirella,57.2,11,7,1,2,24.7,5.5,0,0,7
AIITA779,Italy,Fondali Isola di Dino-Capo Scalea,57.2,11,7,1,2,24.7,5.5,0,0,7
AIITA78,Italy,TRATTO DI MARE CIRCOSTANTE LA SECCA DI BERNI,38.3,13,2,0,1,7.3,12.0,0,0,7
AIITA780,Italy,Isola di Dino,57.2,11,7,1,2,24.7,5.5,0,0,7
AIITA781,Italy,Fondali Loano - Albenga,53.5,7,4,1,2,24.0,5.5,0,0,7
AIITA782,Italy,Fondali Nervi - Sori,60.4,8,5,1,2,25.4,8.0,0,0,7
AIITA783,Italy,Fondali Porto Maurizio - San Lorenzo al Mare - Torre dei Marmi,60.4,8,5,1,2,25.4,8.0,0,0,7
AIITA784,Italy,Fondali Punta Apicchi,53.5,7,4,1,2,24.0,5.5,0,0,7
AIITA785,Italy,Fondali Punta Baffe,60.4,8,5,1,2,25.4,8.0,0,0,7
AIITA786,Italy,Fondali Punta di Moneglia,60.4,8,5,1,2,25.4,8.0,0,0,7
AIITA787,Italy,Fondali Punta Levanto,53.5,7,4,1,2,24.0,5.5,0,0,7
AIITA788,Italy,Fondali Punta Manara,60.4,8,5,1,2,25.4,8.0,0,0,7
AIITA789,Italy,Fondali Punta Picetto,53.5,7,4,1,2,24.0,5.5,0,0,7
AIITA79,Italy,TRATTO DI MARE CIRCOSTANTE LA SECCA DI LIBECCIO E LA SECCA DI MEZZO,38.3,13,2,0,1,7.3,12.0,0,0,7
AIITA790,Italy,Fondali Punta Sestri,60.4,8,5,1,2,25.4,8.0,0,0,7
AIITA791,Italy,Fondali Riva Ligure - Cipressa,60.4,8,5,1,2,25.4,8.0,0,0,7
AIITA792,Italy,Fondali San Remo - Arziglia,53.5,7,4,1,2,24.0,5.5,0,0,7
AIITA793,Italy,Fondali Santa Croce - Gallinara - Capo Lena,60.4,8,5,1,2,25.4,8.0,0,0,7
AIITA794,Italy,Isola Gallinara,53.5,7,4,1,2,24.0,5.5,0,0,7
AIITA795,Italy,Riserva naturale regionale dell' Isola di Gallinara,33.6,4,1,1,2,16.6,0.0,0,0,7
AIITA796,Italy,Fondali tra Capo Circeo e Terracina,53.5,7,4,1,2,24.0,5.5,0,0,7
AIITA797,Italy,Fondali tra Terracina e Lago Lungo,53.5,7,4,1,2,24.0,5.5,0,0,7
AIITA798,Italy,Isola del Toro,35.0,19,2,2,4,8.0,10.0,0,0,7
AIITA799,Italy,Isola di S. Ianni e Costa Prospiciente,53.5,7,4,1,2,24.0,5.5,0,0,7
AIITA8,Italy,Jabuka / Pomo Trench Fishing Restricted Zone 3,45.6,5,1,1,2,15.1,3.5,8,0,7
AIITA80,Italy,TRATTO DI MARE CIRCOSTANTE LA SECCA DI S. CATERINA,28.6,9,1,0,1,5.6,6.0,0,0,7
AIITA800,Italy,Lago di Patria,53.5,7,4,1,2,24.0,5.5,0,0,7
AIITA801,Italy,Laguna del Mort e Pinete di Eraclea,60.2,20,8,1,4,15.7,10.5,5,0,9
AIITA802,Italy,Lecceta litoranea di Torino di Sangro e foce del Fiume Sangro,53.5,7,4,1,2,24.0,5.5,0,0,7
AIITA803,Italy,Lido dei Gigli,53.5,7,4,1,2,24.0,5.5,0,0,7
AIITA804,Italy,Litorale di Gallipoli e Isola S. Andrea,35.0,19,2,2,4,8.0,10.0,0,0,7
AIITA805,Italy,Litorale di Ugento,53.5,7,4,1,2,24.0,5.5,0,0,7
AIITA806,Italy,Montagna Spaccata e Rupi di San Mauro,53.5,7,4,1,2,24.0,5.5,0,0,7
AIITA807,Italy,Parco naturale regionale Isola di S.Andrea e litorale di Punta Pizzo,37.2,5,1,1,1,14.7,3.5,0,0,9
AIITA808,Italy,Parco naturale regionale Litorale di Ugento,33.6,4,1,1,2,16.6,0.0,0,0,7
AIITA809,Italy,Litorale di Porto d'Ascoli,35.0,19,2,2,4,8.0,10.0,0,0,7
AIITA81,Italy,TRATTO DI MARE CIRCOSTANTE LA ZONA A DELLA SECCA DE IS PISCADEDDUS,38.3,13,2,0,1,7.3,12.0,0,0,7
AIITA810,Italy,Riserva naturale della Sentina,26.8,11,2,0,3,8.3,1.5,0,0,7
AIITA811,Italy,Litorale di Torre Astura,53.5,7,4,1,2,24.0,5.5,0,0,7
AIITA812,Italy,Riserva Naturale Litorale Romano,26.8,7,1,0,1,6.7,3.0,0,0,7
AIITA813,Italy,Oasi di Macchiagrande,27.9,4,1,0,2,10.9,0.0,0,0,7
AIITA814,Italy,Macchia Grande di Focene e Macchia dello Stagneto,53.5,7,4,1,2,24.0,5.5,0,0,7
AIITA815,Italy,Mar Piccolo,53.5,7,4,1,2,24.0,5.5,0,0,7
AIITA816,Italy,Riserva naturale regionale orientata Palude La Vela,25.8,10,2,0,2,8.8,0.0,0,0,7
AIITA817,Italy,Marina di Castrocucco,53.5,7,4,1,2,24.0,5.5,0,0,7
AIITA818,Italy,Marina di Vasto,53.5,7,4,1,2,24.0,5.5,0,0,7
AIITA819,Italy,Riserva naturale controllata Marina di Vasto,33.6,4,1,1,2,16.6,0.0,0,0,7
AIITA82,Italy,TRATTO DI MARE CIRCOSTANTE LA ZONA A DELLA SECCA DI S. CATERINA,38.3,13,2,0,1,7.3,12.0,0,0,7
AIITA820,Italy,Parco naturale regionale di Montemarcello - Magra,38.8,5,2,1,2,20.3,1.5,0,0,7
AIITA821,Italy,Parco della Magra - Vara,53.5,7,4,1,2,24.0,5.5,0,0,7
AIITA822,Italy,Montemarcello,53.5,7,4,1,2,24.0,5.5,0,0,7
AIITA823,Italy,Parco regionale di Gianola e del Monte di Scauri,33.6,4,1,1,2,16.6,0.0,0,0,7
AIITA827,Italy,Oasi blu di Gianola,35.8,2,1,0,1,19.2,1.5,0,0,5
AIITA828,Italy,Promontorio Gianola e Monte di Scauri,35.0,19,2,2,4,8.0,10.0,0,0,7
AIITA829,Italy,Parco naturale regionale Fiume Ofanto,33.6,4,1,1,2,16.6,0.0,0,0,7
AIITA83,Italy,Capo Carbonara,5.5,1,0,0,1,3.5,0.0,0,0,2
AIITA830,Italy,Valle Ofanto - Lago di Capaciotti,53.5,7,4,1,2,24.0,5.5,0,0,7
AIITA831,Italy,Parco regionale Bacino fiume Sarno,24.9,6,1,0,2,7.9,0.0,0,0,7
AIITA834,Italy,Piana del Magra,53.5,7,4,1,2,24.0,5.5,0,0,7
AIITA835,Italy,Posidonieto Capo San Gregorio - Punta Ristola,53.5,7,4,1,2,24.0,5.5,0,0,7
AIITA836,Italy,Posidonieto Isola di San Pietro - Torre Canneto,53.5,7,4,1,2,24.0,5.5,0,0,7
AIITA837,Italy,Punta Aderci - Punta della Penna,53.5,7,4,1,2,24.0,5.5,0,0,7
AIITA838,Italy,Riserva naturale guidata Punta Aderci,37.3,5,2,1,2,20.3,0.0,0,0,7
AIITA839,Italy,Punta Baffe - Punta Moneglia - Val Petronio,53.5,7,4,1,2,24.0,5.5,0,0,7
AIITA84,Italy,"Isola dei Cavoli, Serpentara, Punta Molentis e Campulongu",53.5,7,4,1,2,24.0,5.5,0,0,7
AIITA840,Italy,Punta Manara,53.5,7,4,1,2,24.0,5.5,0,0,7
AIITA841,Italy,Relitti di Posidonia presso Grado,54.1,18,5,1,4,12.6,9.5,5,0,7
AIITA842,Italy,Relitto della piattaforma Paguro,25.3,10,1,0,2,5.8,2.5,0,0,7
AIITA843,Italy,Riserva naturale controllata Borsacchio,33.6,4,1,1,2,16.6,0.0,0,0,7
AIITA844,Italy,Riserva naturale controllata Punta dell'Acquabella,33.6,4,1,1,2,16.6,0.0,0,0,7
AIITA845,Italy,Riserva naturale controllata Ripari di Giobbe,33.6,4,1,1,2,16.6,0.0,0,0,7
AIITA846,Italy,Rocche di Sant'Anna - Valle del Fico,53.5,7,4,1,2,24.0,5.5,0,0,7
AIITA847,Italy,Scogliera dei Rizzi,57.2,11,7,1,2,24.7,5.5,0,0,7
AIITA848,Italy,Scoglio dell'Eremita,35.8,14,2,1,3,8.8,8.0,0,0,7
AIITA849,Italy,Spiaggia di Pilati,58.9,9,6,1,2,26.4,5.5,0,0,7
AIITA85,Italy,Capo Carbonara e stagno di Notteri - Punta Molentis,35.3,15,2,1,3,8.3,8.0,0,0,7
AIITA850,Italy,Stazione a Genista cilentana di Ascea,53.5,7,4,1,2,24.0,5.5,0,0,7
AIITA851,Italy,Tor Caldara (zona solfatare e fossi),53.5,7,4,1,2,24.0,5.5,0,0,7
AIITA852,Italy,Torre dell'Orso,53.5,7,4,1,2,24.0,5.5,0,0,7
AIITA853,Italy,Trezze San Pietro e Bardelli,50.4,16,4,1,4,11.9,9.5,5,0,7
AIITA86,Italy,Costa di Cagliari,53.5,7,4,1,2,24.0,5.5,0,0,7
AIITA87,Italy,Isola dei Cavoli,63.7,24,14,1,3,22.2,11.5,0,0,10
AIITA88,Italy,Isola Serpentara,64.2,25,15,1,3,22.7,11.5,0,0,10
AIITA89,Italy,Bruncu de Su Monte Moru - Geremeas (Mari Pintau),53.5,7,4,1,2,24.0,5.5,0,0,7
AIITA91,Italy,Torre del Poetto,53.5,7,4,1,2,24.0,5.5,0,0,7
AIITA92,Italy,Stagno di Cagliari,35.8,14,2,1,3,8.8,8.0,0,0,7
AIITA93,Italy,"Stagno di Cagliari, Saline di Macchiareddu, Laguna di Santa Gilla",53.5,7,4,1,2,24.0,5.5,0,0,7
AIITA94,Italy,Capo di Pula,53.5,7,4,1,2,24.0,5.5,0,0,7
AIITA96,Italy,Porto Campana,53.5,7,4,1,2,24.0,5.5,0,0,7
AIITA97,Italy,Stagno di Piscinnì,53.5,7,4,1,2,24.0,5.5,0,0,7
AIITA98,Italy,Isola Rossa e Capo Teulada,53.5,7,4,1,2,24.0,5.5,0,0,7
AIITA99,Italy,"Promontorio, dune e zona umida di Porto Pino",53.5,7,4,1,2,24.0,5.5,0,0,7
AIMDV1,Republic of Maldives,Maldives EEZ,31.8,6,1,0,0,7.3,5.5,0,0,7
AIMDV102,Republic of Maldives,S. British Loyalty Shipwreck,24.1,9,1,0,1,5.6,1.5,0,0,7
AIMDV105,Republic of Maldives,S. Eedhigali Kilhi Koattey Area,24.4,8,1,0,0,5.9,1.5,0,0,7
AIMDV108,Republic of Maldives,S. Kandihera-Maakandu Channel (Manta Point Addu),24.4,8,1,0,0,5.9,1.5,0,0,7
AIMDV116,Republic of Maldives,SH. Farukolhu,3.8,1,0,0,0,1.8,0.0,0,0,2
AIMDV14,Republic of Maldives,B. Anga Faru Area,35.0,7,1,0,0,6.5,11.5,0,0,7
AIMDV17,Republic of Maldives,B. Bathalaa Region,35.0,7,1,0,0,6.5,11.5,0,0,7
AIMDV2,Republic of Maldives,Maldives Territorial Sea,31.0,7,1,0,0,6.5,5.5,0,0,7
AIMDV20,Republic of Maldives,B. Goidhoo Koaru,35.0,7,1,0,0,6.5,11.5,0,0,7
AIMDV23,Republic of Maldives,B. Hanifaru Area,35.0,7,1,0,0,6.5,11.5,0,0,7
AIMDV26,Republic of Maldives,B. Maahuruvalhi Reef Region,35.0,7,1,0,0,6.5,11.5,0,0,7
AIMDV29,Republic of Maldives,B. Mathifaru Hura,35.0,7,1,0,0,6.5,11.5,0,0,7
AIMDV32,Republic of Maldives,B. Mendhoo (Nibiligaa) Region,35.0,7,1,0,0,6.5,11.5,0,0,7
AIMDV35,Republic of Maldives,B. Olhugiri,35.0,7,1,0,0,6.5,11.5,0,0,7
AIMDV38,Republic of Maldives,B. The Wreck Of CORBIN,35.0,7,1,0,0,6.5,11.5,0,0,7
AIMDV39,Republic of Maldives,B. Bandaara kilhi and surrounding wetlands,25.6,9,1,0,1,5.6,3.0,0,0,7
AIMDV40,Republic of Maldives,B. Dhigali Haa and Dhigili Giri,35.0,7,1,0,0,6.5,11.5,0,0,7
AIMDV46,Republic of Maldives,GDH. Dhigulaabadhoo,3.8,1,0,0,0,1.8,0.0,0,0,2
AIMDV49,Republic of Maldives,GN. Dhandimagu Kilhi,25.6,9,1,0,1,5.6,3.0,0,0,7
AIMDV51,Republic of Maldives,GN. Thoondi Area,25.6,9,1,0,1,5.6,3.0,0,0,7
AIMDV61,Republic of Maldives,HDH. Keylakunu,1.8,1,0,0,0,1.8,0.0,0,0,0
AIMDV64,Republic of Maldives,HDH. Neykurendhoo Mangrove Area,1.8,1,0,0,0,1.8,0.0,0,0,0
AIMDV73,Republic of Maldives,K. Kaashidhoo Wetland Area,26.0,11,1,1,0,7.5,1.5,0,0,7
AIMDV76,Republic of Maldives,K. Maldives Victory Wreck,29.3,11,1,0,0,4.8,7.5,0,0,7
AIMDV8,Republic of Maldives,AA. Rasdhoo Madivaru Area,3.8,1,0,0,0,1.8,0.0,0,0,2
AIMEX1,Mexico,Mexico EEZ (0-200NM),50.5,11,3,2,0,15.0,11.5,0,0,7
AIMEX10,Mexico,Estero San Jose,7.0,2,0,0,0,3.5,1.5,0,0,2
AIMEX100,Mexico,Reserva de la Biosfera El Vizcaíno - Zona Núcleo - Laguna Ojo de Liebre I,26.4,21,1,0,1,3.4,6.0,0,0,7
AIMEX101,Mexico,Reserva de la Biosfera El Vizcaíno - Zona Núcleo - Desierto del Vizcaino,26.4,21,1,0,1,3.4,6.0,0,0,7
AIMEX102,Mexico,Reserva de la Biosfera El Vizcaíno - Zona Núcleo - Laguna Ojo de Liebre II,26.4,21,1,0,1,3.4,6.0,0,0,7
AIMEX103,Mexico,Reserva de la Biosfera El Vizcaíno - Zona Núcleo - Vertiente de California,26.4,21,1,0,1,3.4,6.0,0,0,7
AIMEX104,Mexico,Reserva de la Biosfera El Vizcaíno - Zona Núcleo - Laguna Ojo de Liebre IV,26.4,21,1,0,1,3.4,6.0,0,0,7
AIMEX105,Mexico,Reserva de la Biosfera El Vizcaíno - Zona Núcleo - Laguna Ojo de Liebre III,26.4,21,1,0,1,3.4,6.0,0,0,7
AIMEX106,Mexico,Reserva de la Biosfera El Vizcaíno - Zona Núcleo - Laguna Ojo de Liebre V,26.4,21,1,0,1,3.4,6.0,0,0,7
AIMEX107,Mexico,Reserva de la Biosfera El Vizcaíno - Zona Núcleo - Isla San Roque,26.4,21,1,0,1,3.4,6.0,0,0,7
AIMEX108,Mexico,Reserva de la Biosfera El Vizcaíno - Zona Núcleo - Isla La Asuncion,26.4,21,1,0,1,3.4,6.0,0,0,7
AIMEX109,Mexico,Reserva de la Biosfera El Vizcaíno - Zona Núcleo - Isla Pelicano,26.4,21,1,0,1,3.4,6.0,0,0,7
AIMEX11,Mexico,El Pardito,7.0,2,0,0,0,3.5,1.5,0,0,2
AIMEX110,Mexico,Reserva de la Biosfera El Vizcaíno - Zona Núcleo - Isla San Ignacio,26.4,21,1,0,1,3.4,6.0,0,0,7
AIMEX111,Mexico,Reserva de la Biosfera El Vizcaíno - Zona Núcleo - Isla Malcomb,26.4,21,1,0,1,3.4,6.0,0,0,7
AIMEX112,Mexico,Reserva de la Biosfera El Vizcaíno - Zona Núcleo - Islotes Delgadito,26.4,21,1,0,1,3.4,6.0,0,0,7
AIMEX113,Mexico,Reserva de la Biosfera El Vizcaíno - Zona Núcleo - Isla Delgadito,26.4,21,1,0,1,3.4,6.0,0,0,7
AIMEX114,Mexico,Parque Nacional Huatulco,41.9,32,1,9,6,11.4,11.5,0,0,9
AIMEX114a,Mexico,Parque Nacional Huatulco - Zona de Protección,24.9,13,1,0,1,4.4,1.5,0,0,9
AIMEX114b,Mexico,Parque Nacional Huatulco - Zona de Uso Tradicional,23.9,13,1,0,1,3.9,3.0,0,0,7
AIMEX114c,Mexico,Parque Nacional Huatulco - Zona de Aprovechamiento Sustentable de los Recursos Naturales 2,25.8,22,1,0,1,3.3,5.5,0,0,7
AIMEX114d,Mexico,Parque Nacional Huatulco - Zona de Aprovechamiento Sustentable de los Recursos Naturales 3,31.3,22,1,0,1,3.3,9.0,0,0,7
AIMEX115,Mexico,Parque Nacional Huatulco - Zona de Uso Restringido 2,25.4,16,1,0,1,3.9,4.5,0,0,7
AIMEX12,Mexico,Norte de San Francisquito,7.0,2,0,0,0,3.5,1.5,0,0,2
AIMEX120,Mexico,Parque Nacional Isla Contoy,39.4,56,3,7,3,7.4,10.0,0,0,7
AIMEX120a,Mexico,Isla Contoy - Subzona de Preservación Terrestre Morros y Lagunas,30.6,43,1,0,1,2.6,6.0,5,0,7
AIMEX120b,Mexico,Isla Contoy - Subzona de Preservación Marina,29.6,23,1,0,1,3.1,9.5,0,0,7
AIMEX120c,Mexico,Isla Contoy - Subzona de Uso Tradicional Pesca de Langosta Norte y Campamento Pesquero,33.2,40,1,0,1,2.7,11.5,0,0,9
AIMEX120d,Mexico,Isla Contoy - Subzona de Aprovechamiento Sustentable de los Recursos Naturales Pesca Oeste,28.4,34,1,0,1,2.9,8.5,0,0,7
AIMEX120e,Mexico,Isla Contoy - Subzona de Uso Público Centro de Visitantes,26.7,40,1,0,1,2.7,7.0,0,0,7
AIMEX120f,Mexico,Isla Contoy - Subzona de Uso Público Ixlaché,27.0,14,1,0,1,4.0,6.0,0,0,7
AIMEX121,Mexico,Reserva de la Biosfera Isla Guadalupe,58.9,64,13,17,6,16.4,12.5,5,0,7
AIMEX121a,Mexico,Isla Guadalupe - Zona Núcleo - Subzona de Uso Restringido Isla,27.5,37,1,0,1,2.5,3.0,5,0,7
AIMEX121b,Mexico,Isla Guadalupe - Zona Núcleo - Subzona de Uso Restringido Campamentos Pesqueros,22.5,39,1,0,1,2.5,3.0,0,0,7
AIMEX121c,Mexico,Isla Guadalupe - Zona de Amortiguamiento - Subzona de Aprovechamiento Sustentable de los Recursos Naturales Aguas Circundantes de la Isla Guadalupe,32.0,38,1,0,1,2.5,10.5,0,0,9
AIMEX122,Mexico,Isla Guadalupe - Zona Núcleo - Subzona de Protección Islotes,24.1,35,1,0,1,2.6,4.5,0,0,7
AIMEX122_a,Mexico,Isla Guadalupe - Zona de Amortiguamiento - Subzona de Aprovechamiento Sustentable de los Recursos Naturales Rada Norte,28.5,37,1,0,1,2.5,7.0,0,0,9
AIMEX123,Mexico,Parque Nacional Isla Isabel,40.6,61,4,9,9,8.6,8.0,0,0,9
AIMEX123a,Mexico,Isla Isabel - Zona de Uso Restringido,24.6,27,1,0,2,3.1,4.5,0,0,7
AIMEX123b,Mexico,Isla Isabel - Zona de Uso Público,26.6,28,1,0,2,3.1,4.5,0,0,9
AIMEX123c,Mexico,Parque Nacional Zona Marina de la Isla Isabel,29.1,37,2,2,1,5.1,7.0,0,0,7
AIMEX124,Mexico,Isla San Pedro Mártir,46.6,50,1,14,9,11.1,8.5,5,4,8
AIMEX124a,Mexico,Isla San Pedro Mártir - Subzona de Uso Restringido A,23.2,24,1,0,1,3.2,3.0,0,0,7
AIMEX124a_2,Mexico,Isla San Pedro Mártir - Subzona de Uso Restringido B,24.9,30,1,2,1,4.9,3.0,0,0,7
AIMEX124b,Mexico,Isla San Pedro Mártir - Subzona de Aprovechamiento Sustentable de los Recursos Naturales Marina,28.6,22,1,0,2,3.1,8.5,0,0,7
AIMEX125,Mexico,Isla San Pedro Mártir - Subzona de Protección,25.0,20,1,0,1,3.5,4.5,0,0,7
AIMEX125_a,Mexico,Isla San Pedro Mártir - Subzona de Uso Público Playa Barra Baya,23.0,28,1,0,1,3.0,3.0,0,0,7
AIMEX125_b,Mexico,Isla San Pedro Mártir - Subzona de recuperación Morro de Barra Baya,23.1,26,1,0,1,3.1,3.0,0,0,7
AIMEX126,Mexico,"Islas La Pajarera, Cocinas, Mamut, Colorada, San Pedro, San Agustín, San Andrés y Negrita y los Islotes Los Anegados, Novillas, Mosca y Submarino",33.9,37,1,6,3,7.4,4.5,5,0,7
AIMEX126a,Mexico,"Islas La Pajarera, Cocinas, Mamut, Colorada, San Pedro, San Agustín, San Andrés y Negrita y los Islotes Los Anegados, Novillas, Mosca y Submarino - Subzona de Uso Público Playas de las Islas Pajarera y Cocinas",28.3,23,1,0,1,3.3,3.0,5,0,7
AIMEX126b,Mexico,"Islas La Pajarera, Cocinas, Mamut, Colorada, San Pedro, San Agustín, San Andrés y Negrita y los Islotes Los Anegados, Novillas, Mosca y Submarino - Subzona de Recuperación A, B and C",29.2,24,1,0,1,3.2,4.0,5,0,7
AIMEX127,Mexico,Lagunas de Chacahua,41.5,48,1,15,7,12.0,5.5,5,0,9
AIMEX127a,Mexico,Lagunas de Chacahua - Subzona de Preservación Ocho Venados,28.1,20,1,0,1,3.1,3.0,5,0,7
AIMEX127b,Mexico,Lagunas de Chacahua - Subzona de Uso Tradicional Acuático Los Camarones,25.4,14,1,0,2,3.9,4.5,0,0,7
AIMEX127c,Mexico,Lagunas de Chacahua - Subzona de Uso Público La Tichinda,31.5,7,1,1,1,10.0,4.5,0,0,7
AIMEX127d,Mexico,Lagunas de Chacahua - Subzona de Uso Público Bahía de Chacahua,24.9,17,1,0,1,3.4,4.5,0,0,7
AIMEX127e,Mexico,Lagunas de Chacahua - Subzona de Recuperación La Pista-Las Tarquinas.,22.9,30,1,0,1,2.9,3.0,0,0,7
AIMEX128,Mexico,Manglares de Nichupté,34.8,50,1,10,3,8.3,4.5,5,0,7
AIMEX128a,Mexico,Manglares de Nichupté - Subzona de Preservación,27.8,32,1,0,1,2.8,3.0,5,0,7
AIMEX128b,Mexico,Manglares de Nichupté - Subzona de Uso Público 1,27.7,37,1,0,1,2.7,3.0,5,0,7
AIMEX128c,Mexico,Manglares de Nichupté - Subzona de Uso Público 2,27.8,32,1,0,1,2.8,3.0,5,0,7
AIMEX129,Mexico,Marismas Nacionales Nayarit,32.2,59,2,10,9,8.2,7.0,0,0,7
AIMEX129a,Mexico,Marismas Nacionales Nayarit - Zona Núcleo - Subzona de Protección Toromocho,29.1,8,1,0,1,6.1,6.0,0,0,7
AIMEX129b,Mexico,Marismas Nacionales Nayarit - Zona Núcleo - Subzona de Uso Restringido Las Haciendas y Toromocho,25.6,12,1,0,1,4.1,4.5,0,0,7
AIMEX129c,Mexico,Marismas Nacionales Nayarit - Zona de Amortiguamiento - Subzona de Uso Tradicional Paso Hondo,23.8,14,1,0,1,3.8,3.0,0,0,7
AIMEX129d,Mexico,Marismas Nacionales Nayarit - Subzona de Aprovechamiento - Recursos Naturales El Roblito-Paso Hondo-Mexcaltitán Palapar de Tuxpan ,28.2,8,1,0,1,5.2,6.0,0,0,7
AIMEX129e,Mexico,Marismas Nacionales Nayarit - Subzona de Aprovechamiento - Sustentable de los Ecosistemas San Miguel- Zomatlán Palapar de Tuxpan,33.2,9,1,1,1,8.2,6.0,0,0,9
AIMEX129f,Mexico,Marismas Nacionales Nayarit - Subzona de Aprovechamiento - Especial Francisco Villa- Pescadero,31.4,6,1,0,1,6.4,6.0,0,0,9
AIMEX129g,Mexico,Marismas Nacionales Nayarit - Subzona de Aprovechamiento - Subzona de Uso Público El Roblito–Novillero–Mexcaltitán ,30.6,9,1,0,1,5.6,6.0,0,0,9
AIMEX129h,Mexico,Marismas Nacionales Nayarit - Subzona de Aprovechamiento - Subzona de Asentamientos Humanos El Roblito-Arenitas-Puerta de Palapares-Mexcaltitán de Uribe,28.8,7,1,0,1,5.8,6.0,0,0,7
AIMEX129i,Mexico,Marismas Nacionales Nayarit - Subzona de Aprovechamiento - Subzona de Recuperación Laguna El Chumbeño,29.4,6,1,0,1,6.4,6.0,0,0,7
AIMEX13,Mexico,Punta Coyote,7.0,2,0,0,0,3.5,1.5,0,0,2
AIMEX132,Mexico,Reserva de la Biosfera Ría Lagartos,26.1,26,1,2,4,5.6,1.5,0,0,9
AIMEX133,Mexico,Ría Lagartos - Zona Núcleo - Cancunito Holchit 6,30.0,13,1,1,1,6.5,1.5,5,0,7
AIMEX134,Mexico,Ría Lagartos - Zona Núcleo - Tular Petenes 2,30.0,13,1,1,1,6.5,1.5,5,0,7
AIMEX135,Mexico,Ría Lagartos - Zona Núcleo - San Felipe Río Lagartos 1,30.0,13,1,1,1,6.5,1.5,5,0,7
AIMEX136,Mexico,Ría Lagartos - Zona Núcleo - Peten Tucha Emal y Lagunas Miramar 3,30.0,13,1,1,1,6.5,1.5,5,0,7
AIMEX137,Mexico,Ría Lagartos - Zona Núcleo - Punta Meco 5,30.0,13,1,1,1,6.5,1.5,5,0,7
AIMEX138,Mexico,Ría Lagartos - Zona Núcleo - La Cuenca de el Cuyo 4,30.0,13,1,1,1,6.5,1.5,5,0,7
AIMEX139,Mexico,Sistema Arrecifal Lobos-Tuxpan,41.2,65,1,17,10,10.2,9.0,5,0,7
AIMEX139a,Mexico,Sistema Arrecifal Lobos-Tuxpan - Subzona de Preservación,27.5,28,1,0,1,3.0,7.5,0,0,7
AIMEX139b,Mexico,Sistema Arrecifal Lobos-Tuxpan - Subzona de Aprovechamiento Sustentable de los Recursos Naturales,23.6,19,1,0,1,3.6,3.0,0,0,7
AIMEX139c,Mexico,Sistema Arrecifal Lobos-Tuxpan - Subzona de Aprovechamiento Especial,25.3,17,1,0,1,3.8,4.5,0,0,7
AIMEX139d,Mexico,Sistema Arrecifal Lobos-Tuxpan - Subzona de Uso Público,24.5,23,1,0,1,3.0,4.5,0,0,7
AIMEX139e,Mexico,Sistema Arrecifal Lobos-Tuxpan - Subzona de Recuperación,23.3,22,1,0,1,3.3,3.0,0,0,7
AIMEX13_a,Mexico,El Pardito Oeste,8.2,3,0,0,0,1.8,2.5,0,0,4
AIMEX13_b,Mexico,El Guano,8.2,3,0,0,0,1.8,2.5,0,0,4
AIMEX14,Mexico,El Faro,8.4,3,0,0,2,2.9,1.5,0,0,4
AIMEX140,Mexico,Reserva de la Biosfera Tiburón Ballena,55.4,76,4,18,20,10.9,10.5,5,4,10
AIMEX140a,Mexico,Tiburón Ballena - Subzona de Preservación Marina Costera de Refugios Langosteros,23.0,29,1,0,1,3.0,3.0,0,0,7
AIMEX140b,Mexico,Tiburón Ballena - Subzona de Aprovechamiento Sustentable de los Recursos Naturales Pelágicos Mayores,27.9,31,1,0,1,2.9,8.0,0,0,7
AIMEX140c,Mexico,Tiburón Ballena - Subzona de Uso Público Cuevas y Corales al Noreste del Cabo Catoche,24.4,31,1,0,1,2.9,4.5,0,0,7
AIMEX142,Mexico,Valle de los Cirios,28.4,11,1,1,4,8.4,3.0,0,0,7
AIMEX143,Mexico,Área de Protección de Flora y Fauna Yum Balam,50.7,123,10,26,25,11.2,12.5,0,0,9
AIMEX143f,Mexico,Yum Balam - Subzona de Preservación Playas y Dunas Costeras de Isla Grande,37.2,7,1,0,1,5.8,7.5,5,0,9
AIMEX143g,Mexico,Yum Balam - Subzona de Preservación Playas de Punta Mosquito,37.2,7,1,0,1,5.8,7.5,5,0,9
AIMEX143h,Mexico,Yum Balam - Subzona de Preservación Humedales Isla Chica e Isla Grande,27.0,8,1,0,2,5.5,4.5,0,0,7
AIMEX143i,Mexico,Yum Balam - Subzona de Preservación Laguna Conil,30.2,8,1,0,1,5.2,3.0,5,0,7
AIMEX143j,Mexico,Yum Balam - Subzona de Preservación Humedales Costeros,28.2,8,1,0,1,5.2,6.0,0,0,7
AIMEX143k,Mexico,Yum Balam - Subzona de Aprovechamiento Sustentable de los Recursos Naturales Porción Marina,30.8,7,1,0,1,5.8,3.0,5,0,7
AIMEX143l,Mexico,Yum Balam - Subzona de Aprovechamiento Sustentable de los Recursos Naturales Arrecife Los Cuevones,33.8,7,1,0,1,5.8,6.0,5,0,7
AIMEX143m,Mexico,Yum Balam - Subzona de Aprovechamiento Sustentable de los Recursos Naturales Franja Marina Frente a Isla Grande,30.8,7,1,0,1,5.8,3.0,5,0,7
AIMEX143n,Mexico,Yum Balam - Subzona de Aprovechamiento Sustentable de los Recursos Naturales Isla Grande,30.2,7,1,0,1,5.8,2.5,5,0,7
AIMEX143o,Mexico,Yum Balam - Subzona de Aprovechamiento Sustentable de los Recursos Naturales Laguna Conil,30.8,7,1,0,1,5.8,3.0,5,0,7
AIMEX143p,Mexico,Yum Balam - Subzona de Aprovechamiento Sustentable de los Recursos Naturales Chiquilá Oeste,28.8,7,1,0,1,5.8,6.0,0,0,7
AIMEX143q,Mexico,Yum Balam - Subzona de Aprovechamiento Sustentable de los Recursos Naturales Fracturas de Holbox,26.8,7,1,0,1,6.7,3.0,0,0,7
AIMEX143r,Mexico,Yum Balam - Subzona de Asentamientos Humanos Holbox,30.8,7,1,0,1,5.8,3.0,5,0,7
AIMEX143s,Mexico,Yum Balam - Subzona de Asentamientos Humanos Chiquilá,32.2,7,1,0,1,5.8,4.5,5,0,7
AIMEX143t,Mexico,Yum Balam - Subzona de Recuperación La Ensenada,26.8,7,1,0,1,6.7,3.0,0,0,7
AIMEX144,Mexico,Arrecifes de Sian Ka'an,43.0,54,2,15,7,11.5,9.5,5,0,7
AIMEX144a,Mexico,"Arrecifes de Sian Ka'an - Subzona de Preservación Yuyum, Moox Kaanab, Tantaman y Laguna Caapechén",31.9,10,1,0,0,4.4,10.5,0,0,7
AIMEX144b,Mexico,"Arrecifes de Sian Ka'an - Subzona de Aprovechamiento Sustentable de Recursos Naturales Marina, Polígonos Caapechén-Boca Paila y Tampalam-Pulticub",35.3,13,1,0,0,3.8,12.5,0,0,7
AIMEX144c,Mexico,"Arrecifes de Sian Ka'an - Subzona de Aprovechamiento Sustentable de los Recursos Naturales Marina, Polígonos Bahías de la Ascensión y del Espíritu Santo",32.4,30,1,0,0,2.9,12.5,0,0,7
AIMEX144d,Mexico,Arrecifes de Sian Ka'an - Subzona de Uso Público Caapechén,32.1,37,1,0,0,2.6,12.5,0,0,7
AIMEX145,Mexico,Cabo Pulmo,52.6,89,5,13,9,8.1,12.5,5,0,9
AIMEX145a,Mexico,Cabo Pulmo - Subzona de Preservación 2,34.8,6,2,0,0,12.8,3.0,0,0,9
AIMEX145b,Mexico,Cabo Pulmo - Subzona Aprovechamiento Sustentable de los Recursos Naturales 1,42.6,4,2,0,0,16.6,7.0,0,0,9
AIMEX145c,Mexico,Cabo Pulmo - Subzona de Aprovechamiento Sustentable de los Recursos Naturales 2,38.6,4,2,0,0,16.6,3.0,0,0,9
AIMEX145d,Mexico,Cabo Pulmo - Subzona Uso Público,27.8,11,2,0,0,7.8,3.0,0,0,7
AIMEX146,Mexico,Cabo Pulmo - Las Tachuelas Subzona de Preservación 1,40.6,4,2,0,0,16.6,7.0,0,0,7
AIMEX147,Mexico,Cabo Pulmo - Los Manglares Subzona de Preservación 1,40.6,4,2,0,0,16.6,7.0,0,0,7
AIMEX148,Mexico,Cabo Pulmo - Subzona de Preservación 1,40.6,4,2,0,0,16.6,7.0,0,0,7
AIMEX149,Mexico,Arrecife Alacranes,48.6,52,4,14,5,12.6,6.0,5,0,10
AIMEX149a,Mexico,Arrecife Alacranes National Park - Subzona de Uso Restringido,33.2,7,1,0,1,6.7,4.5,5,0,7
AIMEX149b,Mexico,Arrecife Alacranes National Park - Subzona de Preservación,33.2,7,1,0,1,6.7,4.5,5,0,7
AIMEX149c,Mexico,Arrecife Alacranes National Park - Subzona de Aprovechamiento Sustentable de los Recursos Naturales,33.2,7,1,0,1,6.7,4.5,5,0,7
AIMEX152,Mexico,Bahía de Loreto,57.6,66,7,21,11,15.1,14.5,0,0,10
AIMEX152f,Mexico,Bahia Loreto - Subzona de Aprovechamiento Sustentable de los Recursos Naturales Marina I,33.2,7,1,0,1,5.8,10.5,0,0,7
AIMEX152g,Mexico,Bahia Loreto - Subzona de Aprovechamiento Sustentable de los Recursos Naturales Marina II,33.2,7,1,0,1,5.8,10.5,0,0,7
AIMEX152h,Mexico,Bahia Loreto - Subzona de Preservación Marina y Humedales,30.2,7,1,0,1,5.8,7.5,0,0,7
AIMEX152i,Mexico,Bahia Loreto - Subzona de Uso Tradicional Marina I,28.8,7,1,0,1,5.8,4.0,0,0,7
AIMEX152j,Mexico,Bahia Loreto - Subzona de Uso Tradicional Marina II,28.8,7,1,0,1,5.8,6.0,0,0,7
AIMEX152k,Mexico,Bahia Loreto - Subzona de Uso Tradicional Marina III - Canal de Ballenas,27.8,7,1,0,1,5.8,5.0,0,0,7
AIMEX155,Mexico,Cabo San Lucas,47.2,48,3,14,4,12.7,6.5,5,0,8
AIMEX156_1,Mexico,Reserva de la Biosfera Islas Marías,59.1,94,9,23,9,12.1,10.0,5,4,10
AIMEX156_10,Mexico,Islas Marías - Zona de Amortiguamiento - Subzona de Recuperación Marina Aguas Circundantes Isla María Madre,27.5,29,1,0,2,3.0,7.5,0,0,7
AIMEX156_12,Mexico,Islas Marías- Zona de Amortiguamiento - Subzona de Recuperación Terrestre Isla María Madre,23.7,18,1,0,1,3.7,3.0,0,0,7
AIMEX156_2,Mexico,Islas Marias - Zona de Amortiguamiento - Uso Restringido-Preservación Marina Islas Marías,32.7,26,1,0,2,3.2,7.5,5,0,7
AIMEX156_20,Mexico,Islas Marías - Zona Núcleo - Franja Marina Isla San Juanito,33.7,25,1,0,2,3.2,8.5,5,0,7
AIMEX156_21,Mexico,Islas Marías - Zona Núcleo - Franja Marina Isla María Magdalena,33.7,25,1,0,2,3.2,8.5,5,0,7
AIMEX156_22,Mexico,Islas Marías - Zona Núcleo - Franja Marina Isla María Cleofas,33.7,25,1,0,2,3.2,8.5,5,0,7
AIMEX156_23,Mexico,Islas Marías - Zona de Amortiguamiento - Subzona de Asentamientos Humanos Puerto Balleto - Morelos Sector Naval de Islas Marías - Morelos,29.6,28,1,0,2,3.1,4.5,5,0,7
AIMEX156_24,Mexico,Islas Marías - Zona de Amortiguamiento - Aprovechamiento Sustentable de los Recursos Naturales Sendero Interpretativo al Cristo,29.7,25,1,0,2,3.2,4.5,5,0,7
AIMEX156_25,Mexico,Islas Marías - Zona de Amortiguamiento - Aprovechamiento Sustentable de los Recursos Naturales Salinera-Granja Camaronícola,29.7,25,1,0,2,3.2,4.5,5,0,7
AIMEX156_3,Mexico,Islas Marías - Zona de Amortiguamiento - Subzona de Asentamientos Humanos Puerto Balleto - Morelos Sector Naval de Islas Marías - Puerto Balleto,29.6,28,1,0,2,3.1,4.5,5,0,7
AIMEX157,Mexico,Islas Marías - Zona Núcleo - Isla San Juanito,30.5,40,1,0,2,2.5,6.0,5,0,7
AIMEX158,Mexico,Islas Marías - Zona Núcleo - Isla Maria Magdalena,30.5,40,1,0,2,2.5,6.0,5,0,7
AIMEX159,Mexico,Islas Marías - Zona Núcleo - Isla Maria Cleofas,30.5,40,1,0,2,2.5,6.0,5,0,7
AIMEX160,Mexico,Islas Marietas,44.1,96,1,20,9,8.6,12.5,5,0,8
AIMEX160a,Mexico,Islas Marietas - Isla Larga Subzona de Uso Restringido 1,36.2,7,1,0,1,6.7,5.5,5,0,9
AIMEX160b,Mexico,Islas Marietas - Isla Larga Subzona de Uso Restringido 2,36.2,7,1,0,1,6.7,5.5,5,0,9
AIMEX160c,Mexico,Islas Marietas - Isla Redonda Subzona de Uso Restringido 3,36.2,7,1,0,1,6.7,5.5,5,0,9
AIMEX160d,Mexico,Islas Marietas - Isla Larga Subzona de Uso Público 1,29.2,7,1,0,1,6.7,5.5,0,0,7
AIMEX160e,Mexico,Islas Marietas - Isla Larga Subzona de Uso Público 2,29.2,7,1,0,1,6.7,5.5,0,0,7
AIMEX160f,Mexico,Islas Marietas - Isla Redonda Subzona de Uso Público 3,29.2,7,1,0,1,6.7,5.5,0,0,7
AIMEX160g,Mexico,Islas Marietas - Subzona de Aprovechamiento Sustentable de los Recursos Naturales,30.8,7,1,0,1,6.7,7.0,0,0,7
AIMEX161,Mexico,Islas Marietas - Isla Redonda Subzona de Protección 2,32.2,7,1,0,1,6.7,1.5,5,0,9
AIMEX162,Mexico,Islas Marietas - Isla Larga Subzona de Protección 1,32.2,7,1,0,1,6.7,1.5,5,0,9
AIMEX163,Mexico,La Encrucijada,22.6,17,0,6,1,12.6,3.0,0,0,7
AIMEX165_a,Mexico,"La Encrucijada - Zona de
Amortiguamiento - Zonas de Conservación",37.4,22,3,1,3,7.9,5.5,0,0,9
AIMEX165_b,Mexico,"La Encrucijada - Zona de
Amortiguamiento - Zonas de Aprovechamiento",34.1,17,3,1,2,9.6,2.5,0,0,7
AIMEX165_c,Mexico,"La Encrucijada - Zona de
Amortiguamiento - Zonas de Recuperación",34.1,17,3,1,2,9.6,2.5,0,0,7
AIMEX165_e,Mexico,La Encrucijada - Zona Núcleo - Zonas de Protección,23.1,13,1,0,2,4.6,1.5,0,0,7
AIMEX165_f,Mexico,La Encrucijada - Zona Núcleo - Zonas Silvestre de Uso Restringido,24.6,24,2,0,1,4.6,3.0,0,0,7
AIMEX165_g,Mexico,La Encrucijada - Zona de Amortiguamiento - Zonas de Protección,46.0,23,8,0,1,13.5,2.5,5,0,7
AIMEX165_h,Mexico,La Encrucijada - Zona de Amortiguamiento - Zonas Silvestre de Uso Restringido,32.2,23,3,0,1,6.2,4.0,0,0,7
AIMEX166,Mexico,Laguna de Términos,50.8,29,11,1,5,15.8,10.0,0,0,7
AIMEX167,Mexico,Laguna Madre y Delta del Río Bravo,45.9,67,3,17,9,10.9,6.0,5,0,9
AIMEX167a,Mexico,Laguna Madre y Delta del Río Bravo - Subzona de Aprovechamiento Sustentable de los Recursos Naturales A,27.2,7,1,0,1,5.8,4.5,0,0,7
AIMEX167b,Mexico,Laguna Madre y Delta del Río Bravo - Subzona de Aprovechamiento Sustentable de los Recursos Naturales B,27.2,7,1,0,1,5.8,4.5,0,0,7
AIMEX167c,Mexico,Laguna Madre y Delta del Río Bravo - Subzona de Aprovechamiento Sustentable de los Ecosistemas A,25.8,7,1,0,1,5.8,3.0,0,0,7
AIMEX167d,Mexico,Laguna Madre y Delta del Río Bravo - Subzona de Aprovechamiento Sustentable de los Ecosistemas B,25.8,7,1,0,1,5.8,3.0,0,0,7
AIMEX167e,Mexico,Laguna Madre y Delta del Río Bravo - Subzona de Aprovechamiento Especial A,25.1,19,1,0,1,3.6,4.5,0,0,7
AIMEX167f,Mexico,Laguna Madre y Delta del Río Bravo - Subzona de Aprovechamiento Especial B,22.3,17,1,0,1,3.8,1.5,0,0,7
AIMEX167g,Mexico,Laguna Madre y Delta del Río Bravo - Subzona de Uso Público A,25.8,7,1,0,1,5.8,3.0,0,0,7
AIMEX167h,Mexico,Laguna Madre y Delta del Río Bravo - Subzona de Uso Público B,25.2,8,1,0,1,5.2,3.0,0,0,7
AIMEX168,Mexico,Laguna Madre y Delta del Río Bravo - Subzona de Preservación,24.2,7,1,0,1,5.8,1.5,0,0,7
AIMEX175,Mexico,Ría Celestún,38.1,68,2,12,7,8.1,6.0,5,0,9
AIMEX175a,Mexico,Ría Celestún - Subzona de Aprovechamiento Sustentable de los Recursos Naturales,37.2,14,3,0,1,8.8,6.5,0,0,7
AIMEX175b,Mexico,Ría Celestún - Subzona de Uso Restringido Celestún,26.2,13,1,0,1,4.7,4.5,0,0,7
AIMEX175c,Mexico,Ría Celestún - Subzona de Uso Restringido Isla Arena,26.2,13,1,0,1,4.7,4.5,0,0,7
AIMEX176,Mexico,Ría Celestún - Zona Núcleo Norte,24.8,13,1,0,2,4.8,3.0,0,0,7
AIMEX177,Mexico,Ría Celestún - Zona Núcleo Sur,24.8,13,1,0,2,4.8,3.0,0,0,7
AIMEX178,Mexico,Los Petenes,50.6,37,3,12,4,14.1,7.5,5,0,9
AIMEX178a,Mexico,Los Petenes - Subzona de Preservación,36.2,7,1,0,1,6.7,7.5,5,0,7
AIMEX178b,Mexico,Los Petenes - Subzona de Aprovechamiento Sustentable de los Recursos Naturales Marina,40.5,7,1,1,1,10.0,8.5,5,0,7
AIMEX179,Mexico,Los Petenes - Subzona de Protección,36.2,7,1,0,1,6.7,7.5,5,0,7
AIMEX18,Mexico,40 Cañones,8.4,3,0,0,2,2.9,1.5,0,0,4
AIMEX180,Mexico,Los Tuxtlas,35.7,91,2,20,5,9.2,9.5,0,0,7
AIMEX180a,Mexico,Los Tuxtlas - Subzona de Aprovechamiento Sustentable de los Recursos Naturales,33.2,7,1,0,1,6.7,4.5,5,0,7
AIMEX180b,Mexico,Los Tuxtlas - Subzona de Aprovechamiento Sustentable de los Ecosistemas,33.2,7,1,0,1,6.7,4.5,5,0,7
AIMEX181,Mexico,Los Tuxtlas - Volcan de San Martin Tuxla Zona Núcleo,33.2,7,1,0,1,6.7,4.5,5,0,7
AIMEX182,Mexico,Los Tuxtlas - Sierra Santa Marta Zona Núcleo,33.2,7,1,0,1,6.7,4.5,5,0,7
AIMEX183,Mexico,Los Tuxtlas - San Martin Pajapan Zona Núcleo,33.2,7,1,0,1,6.7,4.5,5,0,7
AIMEX184,Mexico,Sian Ka'an,61.9,53,11,10,14,14.4,13.5,5,0,9
AIMEX184a,Mexico,Sian Ka'an - Subzona de Protección Muyil (SPr1)- Subzona de Protección Uaimil (SPr2),27.2,8,1,0,1,5.7,4.5,0,0,7
AIMEX184b,Mexico,Sian Ka'an - Subzona de Uso Restringido Fondos de las Bahías (SUR 1),31.8,7,1,0,1,7.2,7.5,0,0,7
AIMEX184c,Mexico,Sian Ka'an - Subzona de Uso Restringido Cayo Culebras (SUR2),30.2,8,1,0,1,5.7,7.5,0,0,7
AIMEX184d,Mexico,Sian Ka'an - Subzona de Preservación Tzigual (SP1),27.8,7,1,0,1,6.2,4.5,0,0,7
AIMEX184e,Mexico,"Sian Ka'an - Subzona de Preservación Punta Nilut, Cayo Culebras, Lagunas Pájaros y Tres Marías (SP2)",35.2,7,1,0,1,6.2,10.0,0,0,7
AIMEX184f,Mexico,Sian Ka'an - Subzona de Preservación El Río (SP3),29.2,7,1,0,1,6.2,6.0,0,0,7
AIMEX184g,Mexico,Sian Ka'an - Subzona de Preservación Xamach (SP4),29.2,7,1,0,1,6.2,6.0,0,0,7
AIMEX184h,Mexico,"Sian Ka'an - Subzona de Preservación Marina Yuyum-Mario Lara, Moox Kaanab y Tantaman (SP5)",28.8,7,1,0,1,6.2,5.5,0,0,7
AIMEX184i,Mexico,Sian Ka'an - Subzona de Preservación Refugios Pesqueros (SP6),27.2,7,1,0,1,6.2,4.0,0,0,7
AIMEX184j,Mexico,Sian Ka'an - Subzona de Aprovechamiento Sustentable de los Recursos Naturales Marinos,38.5,8,1,1,1,9.0,10.5,0,0,7
AIMEX184k,Mexico,"Sian Ka'an - Subzona de Aprovechamiento Sustentable de los Recursos Naturales Terrestre Chunyaxché, Santa Teresa y Vigía Chico (SAST1)",33.7,10,2,0,1,8.2,8.5,0,0,7
AIMEX184l,Mexico,Sian Ka'an - La Subzona de Uso Público Chunyaxché (SUP1),32.4,8,1,0,2,5.9,7.5,0,0,7
AIMEX184m,Mexico,Sian Ka'an - La Subzona de Uso Público Caapechén-Boca Paila (SUP2)-Mosquitero (SUP3),33.9,8,1,0,2,5.9,9.0,0,0,7
AIMEX184n,Mexico,Sian Ka'an - Subzona de Asentamientos Humanos Colonias de Pescadores Javier Rojo Gómez y Punta Herrero (SAH),34.2,8,2,0,1,10.7,4.5,0,0,9
AIMEX184o,Mexico,Sian Ka'an - Subzona de Recuperación El Playón (SR),29.5,6,1,0,1,7.0,5.5,0,0,7
AIMEX184p,Mexico,Sian Ka'an - Subzona de Preservación Costero-Marina (SPCM),34.0,6,1,0,1,7.0,8.0,0,0,9
AIMEX184q,Mexico,Sian Ka'an - Subzona de Aprovechamiento Especial Costera (SAEC),35.5,6,1,0,1,7.0,9.5,0,0,9
AIMEX184r,Mexico,Sian Ka'an - Subzona de Aprovechamiento Sustentable de los Recursos Naturales Costero-Marina Boca Paila (SAS-CMBP),38.8,7,1,0,1,6.2,11.5,0,0,9
AIMEX185,Mexico,Área de Protección de Flora y Fauna Uaymil - Subzona de Preservación Uaymil,29.9,6,1,0,1,6.4,4.5,0,0,9
AIMEX185a,Mexico,Área de Protección de Flora y Fauna Uaymil - Subzona de Aprovechamiento Sustentable de Recursos Naturales Limones-Villa de Cortez,27.2,24,1,0,1,3.2,7.0,0,0,7
AIMEX185b,Mexico,Área de Protección de Flora y Fauna Uaymil,29.0,8,1,1,1,9.0,3.0,0,0,7
AIMEX189,Mexico,Arrecifes de Xcalak,63.8,133,20,30,15,13.3,13.5,5,4,10
AIMEX189a,Mexico,Arrecifes de Xcalak - Zona de Uso Restringido Lagunas de Río Huach,24.4,21,1,0,1,3.4,4.0,0,0,7
AIMEX189b,Mexico,Arrecifes de Xcalak - Zona de Aprovechamiento Sustentable de los Recursos Naturales Marinos,14.1,23,0,1,1,3.1,4.0,0,0,7
AIMEX189c,Mexico,Arrecifes de Xcalak - Zona de Aprovechamiento Especial,24.3,22,1,0,1,3.3,4.0,0,0,7
AIMEX190,Mexico,Arrecifes de Xcalak - Zona de Uso Restringido Xcayal-Ensenada Xahuachol,24.4,21,1,0,1,3.4,4.0,0,0,7
AIMEX191,Mexico,Arrecifes de Xcalak - Zona de Uso Público,24.4,21,1,0,1,3.4,4.0,0,0,7
AIMEX192,Mexico,Arrecifes de Xcalak - Zona de Uso Restringido Canal de Zaragoza,24.4,21,1,0,1,3.4,4.0,0,0,7
AIMEX193,Mexico,Arrecifes de Xcalak - Zona de Protección Bacalar Chico,24.4,21,1,0,1,3.4,4.0,0,0,7
AIMEX194,Mexico,Playa Mexiquillo,15.8,20,0,2,4,5.3,1.5,0,0,9
AIMEX194a,Mexico,Playa Mexiquillo - Zona Núcleo,30.5,26,1,1,2,4.0,4.5,5,0,7
AIMEX194b,Mexico,Playa Mexiquillo - Zona Amortiguamiento,30.6,25,1,1,2,4.1,4.5,5,0,7
AIMEX195,Mexico,Playa Colola,15.8,20,0,2,4,5.3,1.5,0,0,9
AIMEX195a,Mexico,Playa Colola - Zona Núcleo,30.5,26,1,1,2,4.0,4.5,5,0,7
AIMEX195b,Mexico,Playa Colola - Zona Amortiguamiento,30.6,25,1,1,2,4.1,4.5,5,0,7
AIMEX195c,Mexico,Playa Maruata,15.8,20,0,2,4,5.3,1.5,0,0,9
AIMEX195c_1,Mexico,Playa Maruata - Zona Núcleo,30.5,26,1,1,2,4.0,4.5,5,0,7
AIMEX195c_2,Mexico,Playa Maruata - Zona Amortiguamiento,30.6,25,1,1,2,4.1,4.5,5,0,7
AIMEX196,Mexico,Playa Rancho Nuevo,15.8,20,0,2,4,5.3,1.5,0,0,9
AIMEX196a,Mexico,Playa Rancho Nuevo - Zona Núcleo,30.5,26,1,1,2,4.0,4.5,5,0,7
AIMEX196b,Mexico,Playa Rancho Nuevo - Zona Amortiguamiento,30.6,25,1,1,2,4.1,4.5,5,0,7
AIMEX197,Mexico,Playa Piedra de Tlacoyunque,15.8,20,0,2,4,5.3,1.5,0,0,9
AIMEX197a,Mexico,Playa Piedra de Tlacoyunque - Zona Núcleo,30.5,26,1,1,2,4.0,4.5,5,0,7
AIMEX197b,Mexico,Playa Piedra de Tlacoyunque - Zona Amortiguamiento,30.6,25,1,1,2,4.1,4.5,5,0,7
AIMEX198,Mexico,Playa Huizache Caimanero,15.8,20,0,2,4,5.3,1.5,0,0,9
AIMEX198a,Mexico,Playa Huizache Caimanero - Zona Núcleo,30.5,26,1,1,2,4.0,4.5,5,0,7
AIMEX198b,Mexico,Playa Huizache Caimanero - Zona Amortiguamiento,30.6,25,1,1,2,4.1,4.5,5,0,7
AIMEX199,Mexico,Playa Ceuta,15.8,20,0,2,4,5.3,1.5,0,0,9
AIMEX199a,Mexico,Playa Ceuta - Zona Núcleo,30.5,26,1,1,2,4.0,4.5,5,0,7
AIMEX199b,Mexico,Playa Ceuta - Zona Amortiguamiento,30.6,25,1,1,2,4.1,4.5,5,0,7
AIMEX2,Mexico,Mexico Territorial Sea,50.1,11,3,2,0,14.6,11.5,0,0,7
AIMEX200,Mexico,Playa de Tierra Colorada,15.8,20,0,2,4,5.3,1.5,0,0,9
AIMEX200a,Mexico,Playa de Tierra Colorada - Zona Núcleo,30.5,26,1,1,2,4.0,4.5,5,0,7
AIMEX200b,Mexico,Playa de Tierra Colorada - Zona Amortiguamiento,30.6,25,1,1,2,4.1,4.5,5,0,7
AIMEX201,Mexico,Playa Teopa,15.8,20,0,2,4,5.3,1.5,0,0,9
AIMEX201a,Mexico,Playa Teopa - Zona Núcleo,30.5,26,1,1,2,4.0,4.5,5,0,7
AIMEX201b,Mexico,Playa Teopa - Zona Amortiguamiento,30.6,25,1,1,2,4.1,4.5,5,0,7
AIMEX202,Mexico,Playa Cuitzmala,15.8,20,0,2,4,5.3,1.5,0,0,9
AIMEX202a,Mexico,Playa Cuitzmala - Zona Núcleo,30.5,26,1,1,2,4.0,4.5,5,0,7
AIMEX202b,Mexico,Playa Cuitzmala - Zona Amortiguamiento,30.6,25,1,1,2,4.1,4.5,5,0,7
AIMEX203,Mexico,Playa de Puerto Arista,15.8,20,0,2,4,5.3,1.5,0,0,9
AIMEX203a,Mexico,Playa de Puerto Arista - Zona Núcleo,30.5,26,1,1,2,4.0,4.5,5,0,7
AIMEX203b,Mexico,Playa de Puerto Arista - Zona Amortiguamiento,30.6,25,1,1,2,4.1,4.5,5,0,7
AIMEX204,Mexico,Playa de Mismaloya,15.8,20,0,2,4,5.3,1.5,0,0,9
AIMEX204a,Mexico,Playa de Mismaloya - Zona Núcleo,30.5,26,1,1,2,4.0,4.5,5,0,7
AIMEX204b,Mexico,Playa de Mismaloya - Zona Amortiguamiento,30.6,25,1,1,2,4.1,4.5,5,0,7
AIMEX205,Mexico,Playa Ría Lagartos,15.8,20,0,2,4,5.3,1.5,0,0,9
AIMEX205a,Mexico,Playa Ría Lagartos - Zona Núcleo,30.5,26,1,1,2,4.0,4.5,5,0,7
AIMEX205b,Mexico,Playa Ría Lagartos - Zona Amortiguamiento,30.6,25,1,1,2,4.1,4.5,5,0,7
AIMEX206,Mexico,Playas de Isla Contoy,15.8,20,0,2,4,5.3,1.5,0,0,9
AIMEX206a,Mexico,Playas de Isla Contoy - Zona Núcleo,30.5,26,1,1,2,4.0,4.5,5,0,7
AIMEX206b,Mexico,Playas de Isla Contoy - Zona Amortiguamiento,30.6,25,1,1,2,4.1,4.5,5,0,7
AIMEX207,Mexico,Playa Escobilla,15.8,20,0,2,4,5.3,1.5,0,0,9
AIMEX207a,Mexico,Playa Escobilla - Zona Núcleo,30.5,26,1,1,2,4.0,4.5,5,0,7
AIMEX207b,Mexico,Playa Escobilla - Zona Amortiguamiento,30.6,25,1,1,2,4.1,4.5,5,0,7
AIMEX208,Mexico,Playa El Tecuán,34.1,31,1,3,3,5.6,4.5,5,0,9
AIMEX209,Mexico,Playa Chacahua,15.8,20,0,2,4,5.3,1.5,0,0,9
AIMEX209a,Mexico,Playa Chacahua - Zona Núcleo,30.5,26,1,1,2,4.0,4.5,5,0,7
AIMEX209b,Mexico,Playa Chacahua - Zona Amortiguamiento,30.6,25,1,1,2,4.1,4.5,5,0,7
AIMEX210,Mexico,Parque Nacional Arrecifes de Cozumel,55.5,76,9,23,14,15.0,12.5,0,0,10
AIMEX210b,Mexico,Parque Nacional Arrecifes de Cozumel - Zona de Uso Intensivo - Zona Federal Marítimo Terrestre y área marina adyacente,27.8,17,1,0,1,3.8,7.0,0,0,7
AIMEX210c,Mexico,Parque Nacional Arrecifes de Cozumel - Zona de Uso de Baja Intensidad (Polígono Oeste) - Zona Federal Marítimo Terrestre y área marina adyacente,27.8,17,1,0,1,3.8,7.0,0,0,7
AIMEX210d,Mexico,Parque Nacional Arrecifes de Cozumel - Zona de Uso de Baja Intensidad (Polígono Este) - Zona Federal Marítimo Terrestre y área marina adyacente,28.0,20,1,0,1,3.5,7.5,0,0,7
AIMEX210e,Mexico,Parque Nacional Arrecifes de Cozumel - Zona de Uso Restringido - Zona Federal Marítimo Terrestre y área marina adyacente,31.3,17,1,0,1,3.8,5.5,5,0,7
AIMEX211,Mexico,Parque Nacional Arrecifes de Cozumel - Zona de Uso Intensivo - Talud Insular,25.6,10,1,0,1,5.6,3.0,0,0,7
AIMEX212,Mexico,Parque Nacional Arrecifes de Cozumel - Zona de Uso Intensivo - Zona Arrecifal,39.4,14,4,0,1,11.4,6.0,0,0,7
AIMEX213,Mexico,Parque Nacional Arrecifes de Cozumel - Zona de Uso de Baja Intensidad (Polígono Oeste) - Talud Insular,24.7,12,1,0,1,4.7,3.0,0,0,7
AIMEX213a,Mexico,Parque Nacional Arrecifes de Cozumel - Zona de Uso de Baja Intensidad (Polígono Este) - Talud Insular,24.7,12,1,0,1,4.7,3.0,0,0,7
AIMEX214,Mexico,Parque Nacional Arrecifes de Cozumel - Zona de Uso de Baja Intensidad (Polígono Oeste) - Zona Arrecifal,38.7,15,4,0,1,10.7,6.0,0,0,7
AIMEX214a,Mexico,Parque Nacional Arrecifes de Cozumel - Zona de Uso de Baja Intensidad (Polígono Este) - Zona Arrecifal,28.1,15,1,0,1,4.1,7.0,0,0,7
AIMEX215,Mexico,Parque Nacional Arrecifes de Cozumel - Zona de Uso Restringido - Zona Arrecifal,42.2,17,5,0,1,11.2,6.0,0,0,7
AIMEX216,Mexico,Parque Nacional Arrecifes de Cozumel - Zona de Uso Restringido - Talud Insular,24.7,12,1,0,1,4.7,3.0,0,0,7
AIMEX217,Mexico,"Área de Protección de Flora y Fauna la porción norte y la franja costera oriental, terrestres y marinas de la Isla de Cozumel",52.6,87,14,17,11,13.1,12.5,0,0,9
AIMEX217a,Mexico,"Área de Protección de Flora y Fauna la porción norte y la franja costera oriental, terrestres y marinas de la Isla de Cozumel - Zona Núcleo - Subzona de Uso Restringido Microatolones",26.1,27,1,0,2,3.1,6.0,0,0,7
AIMEX217b,Mexico,"Área de Protección de Flora y Fauna la porción norte y la franja costera oriental, terrestres y marinas de la Isla de Cozumel - Zona deAmortiguamiento - Subzona de Preservación Lagunar y Costera",22.6,45,1,0,2,2.6,3.0,0,0,7
AIMEX217c,Mexico,"Área de Protección de Flora y Fauna la porción norte y la franja costera oriental, terrestres y marinas de la Isla de Cozumel - Zona de Amortiguamiento - Subzona de Aprovechamiento Sustentable de los Recursos Naturales Marina y Costera",27.4,9,1,0,1,4.9,5.5,0,0,7
AIMEX217d,Mexico,"Área de Protección de Flora y Fauna la porción norte y la franja costera oriental, terrestres y marinas de la Isla de Cozumel - Zona de Amortiguamiento - Subzona de Uso Público Isla de la Pasión-Costa Oriental de Cozumel",25.5,8,1,0,2,5.5,3.0,0,0,7
AIMEX217e,Mexico,"Área de Protección de Flora y Fauna la porción norte y la franja costera oriental, terrestres y marinas de la Isla de Cozumel - Zona Núcleo - Subzona de Protección Manglares y Selvas del Norte",25.4,33,1,0,2,2.9,5.5,0,0,7
AIMEX217f,Mexico,"Área de Protección de Flora y Fauna la porción norte y la franja costera oriental, terrestres y marinas de la Isla de Cozumel - Zona Núcleo - Subzona de Uso Restringido Sitios de Refugio de Aves Costeras",22.7,37,1,0,2,2.7,3.0,0,0,7
AIMEX220,Mexico,Arrecife de Puerto Morelos,47.6,71,5,12,4,9.1,8.5,0,4,8
AIMEX220a,Mexico,Arrecife de Puerto Morelos - Zona I de Uso Recreativo intensivo,25.9,22,1,0,2,3.4,5.5,0,0,7
AIMEX220b,Mexico,Arrecife de Puerto Morelos - Zona II de Uso educativo e interpretación ambiental,25.4,16,1,0,1,3.9,4.5,0,0,7
AIMEX220c,Mexico,Arrecife de Puerto Morelos - Zona III Canal de seguridad,26.7,19,1,1,1,5.2,4.5,0,0,7
AIMEX220d,Mexico,Arrecife de Puerto Morelos - Zona IV Zona para navegación en la laguna arrecifal,28.7,19,1,1,1,5.2,6.5,0,0,7
AIMEX220e,Mexico,Arrecife de Puerto Morelos - Zona V de Navegación,27.1,19,1,0,1,3.6,6.5,0,0,7
AIMEX220f,Mexico,Arrecife de Puerto Morelos - Zona VI de Uso recreativo semi-intensivo,30.1,19,1,0,1,3.6,4.5,5,0,7
AIMEX220g,Mexico,Arrecife de Puerto Morelos - Zona VII de Uso recreativo especial,25.0,20,1,0,1,3.5,4.5,0,0,7
AIMEX220h,Mexico,Arrecife de Puerto Morelos - Zona VIII de Uso pesquero concesionado,27.0,20,1,0,1,3.5,6.5,0,0,7
AIMEX220i,Mexico,Arrecife de Puerto Morelos - Zona IX de Uso científico,25.6,15,1,0,1,4.1,4.5,0,0,7
AIMEX221,Mexico,Complejo Lagunar Ojo de Liebre,58.9,50,5,13,11,13.4,11.5,5,0,9
AIMEX221a,Mexico,Complejo Lagunar Ojo de Liebre - Subzona de Preservación Complejo,27.8,7,1,0,1,5.8,3.0,0,0,9
AIMEX221b,Mexico,Complejo Lagunar Ojo de Liebre - Subzona de Aprovechamiento Sustentable de los Recursos Naturales Lagunas,32.2,7,1,0,1,5.8,7.5,0,0,7
AIMEX221c,Mexico,Complejo Lagunar Ojo de Liebre - Subzona de Uso Público Complejo Lagunar,24.6,26,1,0,1,3.1,4.5,0,0,7
AIMEX222,Mexico,Sistema Arrecifal Veracruzano,53.8,116,10,21,16,10.3,14.5,0,0,9
AIMEX222a,Mexico,Sistema Arrecifal Veracruzano - Subzona de Aprovechamiento Sustentable de los Recursos Naturales Pesca,41.2,7,1,0,1,5.8,9.5,5,0,9
AIMEX222b,Mexico,Sistema Arrecifal Veracruzano - Subzona de Uso Público–Actividades de Playa,36.2,7,1,0,1,5.8,9.5,0,0,9
AIMEX222c,Mexico,Sistema Arrecifal Veracruzano - Subzona de Uso Público Actividades Recreativas Costeras,36.2,7,1,0,1,5.8,9.5,0,0,9
AIMEX222d,Mexico,Sistema Arrecifal Veracruzano - Subzona de Uso Público Destinos de Recorridos en Embarcaciones Motorizadas,34.2,7,1,0,1,5.8,9.5,0,0,7
AIMEX222e,Mexico,Sistema Arrecifal Veracruzano - Subzona de Uso Público Buceo Autónomo,34.2,7,1,0,1,5.8,9.5,0,0,7
AIMEX222f,Mexico,Sistema Arrecifal Veracruzano - Subzona de Uso Público Instalaciones Navales,36.2,7,1,0,1,5.8,9.5,0,0,9
AIMEX222g,Mexico,Sistema Arrecifal Veracruzano - Subzona de Recuperación Afectación Reciente,34.8,7,1,0,1,5.8,8.0,0,0,9
AIMEX223,Mexico,Sistema Arrecifal Veracruzano - Subzona de Protección Blanca,30.8,7,1,0,1,6.7,7.0,0,0,7
AIMEX224,Mexico,Sistema Arrecifal Veracruzano - Subzona de Protección Santiaguillo,30.8,7,1,0,1,6.7,7.0,0,0,7
AIMEX225,Mexico,Zona marina del Archipiélago de Espíritu Santo,56.6,78,9,25,7,15.1,14.5,0,0,9
AIMEX225a,Mexico,Zona marina del Archipiélago de Espíritu Santo - Subzona de Uso Restringido 2 Los Islotes-Lobos,32.9,9,1,0,1,4.9,9.0,0,0,7
AIMEX225b,Mexico,Zona marina del Archipiélago de Espíritu Santo - Subzona de Uso Restringido 3 Los Islotes-Natación,30.6,25,1,0,1,3.2,10.5,0,0,7
AIMEX225c,Mexico,Zona marina del Archipiélago de Espíritu Santo - Subzona de Aprovechamiento Sustentable de los Recursos Naturales 1 La Partida-Espíritu Santo,34.1,15,1,0,1,3.6,11.5,0,0,7
AIMEX225d,Mexico,Zona marina del Archipiélago de Espíritu Santo - Subzona de Aprovechamiento Sustentable de los Recursos Naturales 2 El Bajo,33.1,15,1,0,1,3.6,10.5,0,0,7
AIMEX225e,Mexico,Zona marina del Archipiélago de Espíritu Santo - Subzona de Uso Tradicional Pescaderos de Piola y Anzuelo,34.2,14,1,0,1,3.8,11.5,0,0,7
AIMEX225f,Mexico,Zona marina del Archipiélago de Espíritu Santo - Subzona de Uso Público Arrecifes Artificiales,33.4,13,1,0,1,3.9,10.5,0,0,7
AIMEX226,Mexico,Zona marina del Archipiélago de Espíritu Santo - Subzona de Uso Restringido 1 Los Islotes,33.6,12,1,0,1,4.1,10.5,0,0,7
AIMEX227,Mexico,Zona marina del Archipiélago de Espíritu Santo - Subzona de Uso Restringido 1 Punta La Bonanza,33.8,11,1,0,1,4.3,10.5,0,0,7
AIMEX228,Mexico,Zona marina del Archipiélago de Espíritu Santo - Subzona de Uso Restringido 1 Bahia San Gabriel,33.8,11,1,0,1,4.3,10.5,0,0,7
AIMEX229,Mexico,Islas del Golfo de California,49.8,73,5,10,8,8.3,13.5,0,0,10
AIMEX230,Mexico,Ventilas Hidrotermales de La Cuenca de Guaymas y de La Dorsal del Pacífico Oriental,25.2,38,1,5,2,6.7,1.5,0,0,7
AIMEX231,Mexico,Ventilas Hidrotermales - Cuenca de Guaymas,22.8,14,1,0,1,4.2,1.5,0,0,7
AIMEX232,Mexico,Ventilas Hidrotermales - Dorsal del Pacífico Oriental,22.8,14,1,0,1,4.2,1.5,0,0,7
AIMEX233,Mexico,Banco Chinchorro,59.0,108,9,22,14,10.5,14.5,0,4,10
AIMEX233a,Mexico,Banco Chinchorro - Zonas Núcleo,25.8,7,1,0,1,7.2,1.5,0,0,7
AIMEX233b,Mexico,Banco Chinchorro - Zona de pesca cooperativada,25.8,7,1,0,1,7.2,1.5,0,0,7
AIMEX233c,Mexico,Banco Chinchorro - Zona de pesca cooperativada deportiva de liberación,25.2,7,1,0,1,6.7,1.5,0,0,7
AIMEX233d,Mexico,"Banco Chinchorro - Zona de pesca cooperativada, comercial y deportiva de liberación",25.2,7,1,0,1,6.7,1.5,0,0,7
AIMEX233e,Mexico,Banco Chinchorro - Zona de buceo,26.8,7,1,0,1,6.7,3.0,0,0,7
AIMEX233f,Mexico,Banco Chinchorro - Zonas de pecios,26.8,7,1,0,1,6.7,3.0,0,0,7
AIMEX234,Mexico,Caribe Mexicano Biosphere Reserve,61.0,186,26,63,18,16.5,12.5,0,4,10
AIMEX234aa,Mexico,Caribe Mexicano - Zona de Amortiguamiento - Subzona de Uso Público Riviera Maya y Mahahual - Mahahual,28.4,34,1,0,2,2.9,8.5,0,0,7
AIMEX234ab,Mexico,Caribe Mexicano - Zona de Amortiguamiento - Subzona de Uso Público Refugio Bahía de Akumal,28.6,29,1,0,2,3.1,8.5,0,0,7
AIMEX234ac,Mexico,Caribe Mexicano - Zona de Amortiguamiento - Subzona de Uso Público Refugio Akumal Franja Marino Costera,28.6,30,1,0,2,3.1,8.5,0,0,7
AIMEX234ad,Mexico,Caribe Mexicano - Zona de Amortiguamiento - Subzona de Uso Público Tiburón Toro,27.2,27,1,0,2,3.2,7.0,0,0,7
AIMEX234ae,Mexico,Caribe Mexicano - Zona de Amortiguamiento - Subzona de Uso Público Playa del Carmen,28.6,29,1,0,2,3.1,8.5,0,0,7
AIMEX234af,Mexico,Caribe Mexicano - Zona de Amortiguamiento - Subzona de Uso Público Riviera Maya y Mahahual - Riviera Maya,28.4,35,1,0,3,3.0,8.5,0,0,7
AIMEX234ag,Mexico,Caribe Mexicano - Zona de Amortiguamiento - Subzona de Uso Público Tulum-Sian Ka’an,28.6,29,1,0,2,3.1,8.5,0,0,7
AIMEX234ah,Mexico,Caribe Mexicano - Zona de Amortiguamiento - Subzona de Uso Público Isla Blanca,27.1,25,1,0,2,3.1,7.0,0,0,7
AIMEX234c,Mexico,Caribe Mexicano - Zona Núcleo -  Subzona de Uso Restringido Humedales de Boca Iglesias,29.2,7,1,0,1,6.2,6.0,0,0,7
AIMEX234d,Mexico,Caribe Mexicano - Zona Núcleo -  Subzona de Uso Restringido Laguna Chacmochuch,27.9,15,1,0,1,3.8,7.0,0,0,7
AIMEX234e,Mexico,Caribe Mexicano - Zona Núcleo - Subzona de Uso Restringido Zona Marina Xcacel-Xcacelito,31.8,7,1,0,1,6.2,8.5,0,0,7
AIMEX234f,Mexico,Caribe Mexicano - Zona Núcleo - Subzona de Uso Restringido Banco Chinchorro Profundo,26.2,7,1,0,1,6.2,3.0,0,0,7
AIMEX234g,Mexico,Caribe Mexicano - Zona Núcleo - Subzona de Uso Restringido Cordillera Submarina Caimán,26.0,23,1,0,2,3.5,5.5,0,0,7
AIMEX234h,Mexico,Caribe Mexicano - Zona Núcleo - Subzona de Uso Restringido Colinas Submarinas de Colmer,26.2,7,1,0,1,6.2,3.0,0,0,7
AIMEX234i,Mexico,Caribe Mexicano - Zona de Amortiguamiento - Subzona de Preservación Profunda Corredor Arrowsmith,25.3,20,1,0,2,3.8,4.5,0,0,7
AIMEX234j,Mexico,Caribe Mexicano - Zona de Amortiguamiento - Subzona de Aprovechamiento Especial Extracción de Arena - Las Ollitas,23.5,23,1,0,2,3.5,3.0,0,0,7
AIMEX234k,Mexico,Caribe Mexicano - Zona de Amortiguamiento - Subzona de Aprovechamiento Especial Extracción de Arena - Norte Cozumel,23.5,23,1,0,2,3.5,3.0,0,0,7
AIMEX234l,Mexico,Caribe Mexicano - Zona de Amortiguamiento - Subzona de Aprovechamiento Sustentable de los Ecosistemas Tiburón Ballena,26.4,25,1,0,2,3.4,6.0,0,0,7
AIMEX234m,Mexico,Caribe Mexicano - Zona de Amortiguamiento - Subzona de Aprovechamiento Sustentable de los Ecosistemas Marinos,29.9,26,2,0,2,4.4,8.5,0,0,7
AIMEX234n,Mexico,Caribe Mexicano - Zona de Amortiguamiento - Subzona de Aprovechamiento Sustentable de los Ecosistemas Costa Norte,23.4,19,1,0,1,3.4,3.0,0,0,7
AIMEX234o,Mexico,Caribe Mexicano - Zona de Amortiguamiento - Subzona de Aprovechamiento Sustentable de los Ecosistemas Talud de Sian Ka’an,27.2,7,1,0,1,6.2,4.0,0,0,7
AIMEX234p,Mexico,Caribe Mexicano - Zona de Amortiguamiento - Subzona de Aprovechamiento Sustentable de los Ecosistemas Laguna Chacmochuch,29.4,6,1,0,1,6.4,6.0,0,0,7
AIMEX234q,Mexico,Caribe Mexicano - Zona de Amortiguamiento - Sustainable Use of Ecosystems - Tiburones y Rayas - Bolas,24.7,28,1,0,2,3.2,4.5,0,0,7
AIMEX234r,Mexico,Caribe Mexicano - Zona de Amortiguamiento - Sustainable Use of Ecosystems - Tiburones y Rayas - Boya de Cruceros,24.7,28,1,0,2,3.2,4.5,0,0,7
AIMEX234s,Mexico,Caribe Mexicano - Zona de Amortiguamiento - Sustainable Use of Ecosystems - Tiburones y Rayas - Cordillera Nizuc,24.7,28,1,0,2,3.2,4.5,0,0,7
AIMEX234t,Mexico,Caribe Mexicano - Zona de Amortiguamiento - Sustainable Use of Ecosystems - Tiburones y Rayas - Válvulas,24.7,28,1,0,2,3.2,4.5,0,0,7
AIMEX234u,Mexico,Caribe Mexicano - Zona de Amortiguamiento - Subzona de Aprovechamiento Sustentable de los Ecosistemas Arrowsmith,31.7,8,1,0,1,5.7,7.0,0,0,9
AIMEX234v,Mexico,Caribe Mexicano - Zona de Amortiguamiento - Subzona de Preservación Humedales de Salsipuedes,23.9,15,1,0,1,3.8,3.0,0,0,7
AIMEX234w,Mexico,Caribe Mexicano - Zona de Amortiguamiento - Subzona de Preservación Playa Xcacel 2,25.9,12,1,0,1,4.4,4.5,0,0,7
AIMEX234x,Mexico,Caribe Mexicano - Zona de Amortiguamiento - Subzona de Preservación Playa Xcacel 1,25.9,12,1,0,1,4.4,4.5,0,0,7
AIMEX234y,Mexico,Caribe Mexicano - Zona de Amortiguamiento - Subzona de Preservación Uaymil Xahuayxol - Uaymil,28.4,29,1,0,2,2.9,8.5,0,0,7
AIMEX234z,Mexico,Caribe Mexicano - Zona de Amortiguamiento - Subzona de Preservación Uaymil Xahuayxol - Xahuayxol,28.4,29,1,0,2,2.9,8.5,0,0,7
AIMEX235,Mexico,Islas del Pacifico de la Peninsula de Baja California,17.6,12,0,2,4,7.6,3.0,0,0,7
AIMEX235a,Mexico,Islas del Pacifico de la Peninsula de Baja California - Zonas Núcleo,34.2,38,2,7,4,9.2,6.0,0,0,9
AIMEX235b,Mexico,Islas del Pacifico de la Peninsula de Baja California - Zonas de Amortiguamiento,40.8,57,3,6,8,6.8,5.0,5,0,9
AIMEX235c,Mexico,Islas del Pacifico de la Peninsula de Baja California - Cedros y San Benito Zonas de Amortiguamiento,42.6,59,3,6,9,6.6,7.0,5,0,9
AIMEX236,Mexico,Pacifico Mexicano Profundo,44.6,48,3,5,3,7.1,8.5,5,0,9
AIMEX236a,Mexico,Pacifico Mexicano Profundo - Zonas Núcleo,29.8,7,1,0,1,5.8,7.0,0,0,7
AIMEX236b,Mexico,Pacifico Mexicano Profundo - Zonas de Amortiguamiento,33.2,7,1,0,1,5.8,5.5,5,0,7
AIMEX239,Mexico,El Cabezo,32.5,3,1,0,0,14.0,1.5,0,0,7
AIMEX240,Mexico,Gallineros,32.5,3,1,0,0,14.0,1.5,0,0,7
AIMEX241,Mexico,La Poza,32.5,3,1,0,0,14.0,1.5,0,0,7
AIMEX242,Mexico,Punta Loria,32.5,3,1,0,0,14.0,1.5,0,0,7
AIMEX243,Mexico,San Roman Norte,32.5,3,1,0,0,14.0,1.5,0,0,7
AIMEX244,Mexico,San Roman Sur,32.5,3,1,0,0,14.0,1.5,0,0,7
AIMEX245,Mexico,Niluc,32.5,3,1,0,0,14.0,1.5,0,0,7
AIMEX246,Mexico,Mimis,32.5,3,1,0,0,14.0,1.5,0,0,7
AIMEX247,Mexico,Punta Chivato,32.5,3,1,0,0,14.0,1.5,0,0,7
AIMEX248,Mexico,El Resumidero,32.5,3,1,0,0,14.0,1.5,0,0,7
AIMEX249,Mexico,Roca Partida,32.5,3,1,0,0,14.0,1.5,0,0,7
AIMEX254,Mexico,La Plana Community Reserve,24.5,9,1,0,1,6.0,1.5,0,0,7
AIMEX255,Mexico,Punta Prieta Community Reserve,24.5,9,1,0,1,6.0,1.5,0,0,7
AIMEX256,Mexico,Sport Fish Community Reserve,26.1,6,1,0,1,7.6,1.5,0,0,7
AIMEX257,Mexico,La Caracolera Community Reserve,26.1,6,1,0,1,7.6,1.5,0,0,7
AIMEX258,Mexico,China Town Community Reserve,25.5,7,1,0,2,7.0,1.5,0,0,7
AIMEX259,Mexico,Punta Baja Community Reserve,25.5,7,1,0,2,7.0,1.5,0,0,7
AIMEX26,Mexico,Alto Golfo de California Área de Prohibición de Redes,33.4,10,2,0,1,7.9,8.5,0,0,7
AIMEX260,Mexico,La Brecha,10.0,2,0,0,0,3.5,4.5,0,0,2
AIMEX261,Mexico,Exclusion Zone 1,8.4,3,0,0,2,2.9,1.5,0,0,4
AIMEX262,Mexico,Exclusion Zone 2,8.4,3,0,0,2,2.9,1.5,0,0,4
AIMEX263,Mexico,Exclusion Zone 3,8.4,3,0,0,2,2.9,1.5,0,0,4
AIMEX264,Mexico,Exclusion Zone 4,8.4,3,0,0,2,2.9,1.5,0,0,4
AIMEX265,Mexico,Bahia de Altata Ensenada del Pabellon Fish Reserve,8.0,7,0,0,3,2.5,1.5,0,0,4
AIMEX266,Mexico,Bahia Jitzamuri Agiabampo Fish Reserve,8.0,7,0,0,3,2.5,1.5,0,0,4
AIMEX26_a,Mexico,Alto Golfo de California - Área de Tolerancia Cero,26.3,8,1,0,2,6.8,2.5,0,0,7
AIMEX26_b,Mexico,Alto Golfo de California - Refugio para la protección de la Vaquita Marina.,22.9,9,0,1,2,5.4,3.5,5,0,9
AIMEX27,Mexico,Costa Occidental de Baja California Sur Zona de Refugio Pesquero,45.9,11,3,2,2,16.9,5.0,0,0,9
AIMEX28,Mexico,Costa Occidental de Baja California Sur Área Específica de Restricciones Pesqueras,14.8,8,0,0,7,3.3,5.5,0,0,6
AIMEX3,Mexico,San Marcial,7.0,2,0,0,0,3.5,1.5,0,0,2
AIMEX30,Mexico,Zona de Refugio Pesquero Akumal,31.4,4,1,0,1,11.4,3.0,0,0,7
AIMEX31,Mexico,Niche Habin Zonas de Refugio Pesquero,29.4,5,1,0,1,7.4,3.0,0,0,9
AIMEX32,Mexico,Punta San Juan Zonas de Refugio Pesquero,29.4,5,1,0,1,7.4,3.0,0,0,9
AIMEX4,Mexico,San Mateo,7.0,2,0,0,0,3.5,1.5,0,0,2
AIMEX50,Mexico,Alto Golfo de California y Delta del Río Colorado,33.8,25,1,7,9,12.3,4.5,0,0,7
AIMEX51,Mexico,Alto Golfo de California y Delta del Río Colorado - Zona Núcleo,30.4,11,1,0,1,4.9,8.5,0,0,7
AIMEX51a,Mexico,Alto Golfo de California y Delta del Río Colorado - Zona de Amortiguamiento - Subzona de Preservación Area de Conservación Vaquita,27.3,23,1,0,1,3.3,7.0,0,0,7
AIMEX51b,Mexico,Alto Golfo de California y Delta del Río Colorado - Zona de Amortiguamiento - Subzona de Aprovechamiento Sustentable de los Recursos Naturales Cauce del Río Colorado Zanjón,27.7,38,1,0,1,2.7,8.0,0,0,7
AIMEX51c,Mexico,Alto Golfo de California y Delta del Río Colorado - Zona de Amortiguamiento - Subzona de Aprovechamiento Sustentable de los Recursos Naturales Aguas Costeras,27.6,39,1,0,1,2.6,8.0,0,0,7
AIMEX51d,Mexico,Alto Golfo de California y Delta del Río Colorado - Zona de Amortiguamiento - Subzona de Aprovechamiento Sustentable de los Recursos Naturales Aguas Marinas Alto Golfo de California,26.6,26,1,0,1,3.1,6.5,0,0,7
AIMEX51e,Mexico,Alto Golfo de California y Delta del Río Colorado - Zona de Amortiguamiento - Subzona de Aprovechamiento Sustentable de los Recursos Naturales Aguas Costeras de Bahía Adair,27.7,37,1,0,1,2.7,8.0,0,0,7
AIMEX51f,Mexico,Alto Golfo de California y Delta del Río Colorado - Zona de Amortiguamiento - Subzona de Aprovechamiento Sustentable de los Recursos Naturales Distrito Acuícola Golfo de Santa Clara y San Felipe,23.0,27,1,0,1,3.0,3.0,0,0,7
AIMEX51g,Mexico,Alto Golfo de California y Delta del Río Colorado - Zona de Amortiguamiento - Subzona de Aprovechamiento Sustentable de los Recursos Naturales Ciénega de Santa Clara Norte,27.6,39,1,0,1,2.6,8.0,0,0,7
AIMEX51h,Mexico,Alto Golfo de California y Delta del Río Colorado - Zona de Amortiguamiento - Subzona de Aprovechamiento Sustentable de los Recursos Naturales Drenes Riíto-Wellton-Mohawk,25.7,37,1,0,1,2.7,6.0,0,0,7
AIMEX51i,Mexico,Alto Golfo de California y Delta del Río Colorado - Zona de Amortiguamiento - Subzona de Aprovechamiento Sustentable de los Recursos Naturales Humedales Bahía Adair,29.0,46,1,0,1,2.5,9.5,0,0,7
AIMEX51j,Mexico,Alto Golfo de California y Delta del Río Colorado - Zona de Amortiguamiento - Subzona de Uso Público,27.3,32,1,0,1,2.8,7.5,0,0,7
AIMEX51k,Mexico,Alto Golfo de California y Delta del Río Colorado - Zona de Amortiguamiento - Subzona de Recuperación Ciénegas El Doctor,25.9,31,1,0,1,2.9,6.0,0,0,7
AIMEX52,Mexico,"Zona marina Bahía de los Ángeles, canales de Ballenas y de Salsipuedes",53.2,28,5,9,6,17.8,8.5,0,0,9
AIMEX52a,Mexico,"Zona marina Bahía de los Ángeles, canales de Ballenas y de Salsipuedes - Zona de Amortiguamiento - Subzona de Aprovechamiento Sustentable de los Recursos Naturales Costa de la Isla Ángel de La Guarda",32.5,27,1,0,1,3.0,7.5,5,0,7
AIMEX52b,Mexico,"Zona marina Bahía de los Ángeles, canales de Ballenas y de Salsipuedes - Zona de Amortiguamiento - Subzona de Aprovechamiento Sustentable de los Recursos Naturales Canales de Ballenas y de Salsipuedes ",27.5,29,1,0,1,3.0,7.5,0,0,7
AIMEX52c,Mexico,"Zona marina Bahía de los Ángeles, canales de Ballenas y de Salsipuedes - Zona de Amortiguamiento - Subzona de Aprovechamiento Sustentable de los Recursos Naturales Este de la Isla Ángel de La Guarda- Bahía de San Rafael",32.1,40,1,0,1,2.6,7.5,5,0,7
AIMEX52d,Mexico,"Zona marina Bahía de los Ángeles, canales de Ballenas y de Salsipuedes - Zona de Amortiguamiento - Subzona de Aprovechamiento Sustentable de los Recursos Naturales Puerto Refugio-Los Machos ",27.5,28,1,0,1,3.0,7.5,0,0,7
AIMEX52e,Mexico,"Zona marina Bahía de los Ángeles, canales de Ballenas y de Salsipuedes - Zona de Amortiguamiento - Subzona de Aprovechamiento Sustentable de los Recursos Naturales Puntas La Asamblea-San Francisquito y Bahías de Guadalupe, de Los Ángeles y de Las Ánimas",32.1,42,1,0,2,2.6,7.5,5,0,7
AIMEX52f,Mexico,"Zona marina Bahía de los Ángeles, canales de Ballenas y de Salsipuedes - Zona de Amortiguamiento - Subzona de Uso Público El Pescador-El Torzón",33.4,31,1,0,1,2.9,8.5,5,0,7
AIMEX52g,Mexico,"Zona marina Bahía de los Ángeles, canales de Ballenas y de Salsipuedes - Zona de Amortiguamiento - Subzona de Uso Público Playas de Bahía de Los Ángeles",31.7,29,1,0,1,2.7,7.0,5,0,7
AIMEX52h,Mexico,"Zona marina Bahía de los Ángeles, canales de Ballenas y de Salsipuedes - Zona de Amortiguamiento - Subzona de Uso Público Tiburón Ballena",35.1,41,1,0,1,2.6,8.5,5,0,9
AIMEX53,Mexico,"Zona marina Bahía de los Ángeles, canales de Ballenas y de Salsipuedes - Zona Núcleo - Subzona de Uso Restringido Campo Polilla",27.3,32,1,0,1,2.8,7.5,0,0,7
AIMEX54,Mexico,"Zona marina Bahía de los Ángeles, canales de Ballenas y de Salsipuedes - Zona Núcleo - Subzona de Uso Restringido Estero de las Caguamas Este",27.3,32,1,0,1,2.8,7.5,0,0,7
AIMEX55,Mexico,"Zona marina Bahía de los Ángeles, canales de Ballenas y de Salsipuedes - Zona Núcleo - Subzona de Uso Restringido Estero de las Caguamas Oeste",27.3,32,1,0,1,2.8,7.5,0,0,7
AIMEX56,Mexico,"Zona marina Bahía de los Ángeles, canales de Ballenas y de Salsipuedes - Zona Núcleo - Estero La Mona",26.6,39,1,0,1,2.6,7.0,0,0,7
AIMEX57,Mexico,"Zona marina Bahía de los Ángeles, canales de Ballenas y de Salsipuedes - Zona Núcleo - Ensenada Los Choros",26.5,36,1,0,1,2.5,7.0,0,0,7
AIMEX58,Mexico,"Zona marina Bahía de los Ángeles, canales de Ballenas y de Salsipuedes - Zona Núcleo - Estero San Rafael",26.8,34,1,0,1,2.8,7.0,0,0,7
AIMEX59,Mexico,Parque Nacional Revillagigedo,55.4,29,7,8,4,17.9,7.5,0,4,8
AIMEX59c,Mexico,Parque Nacional Revillagigedo - Zona Núcleo - Subzona de Uso Restringido Investigación Isla San Benedicto,35.5,27,1,0,1,3.0,8.5,5,0,9
AIMEX59d,Mexico,Parque Nacional Revillagigedo - Zona Núcleo - Subzona de Uso Restringido Investigación Isla Roca Partida,35.5,27,1,0,1,3.0,8.5,5,0,9
AIMEX59e,Mexico,Parque Nacional Revillagigedo - Zona Núcleo - Subzona de Uso Restringido Investigación Isla Socorro,35.5,27,1,0,1,3.0,8.5,5,0,9
AIMEX59f,Mexico,Parque Nacional Revillagigedo - Zona Núcleo - Subzona de Uso Restringido Investigación Isla Clarión,35.5,27,1,0,1,3.0,8.5,5,0,9
AIMEX59g,Mexico,Parque Nacional Revillagigedo - Zona Núcleo - Subzona de Uso Restringido Investigación Marino,35.5,27,1,0,1,3.0,8.5,5,0,9
AIMEX59h,Mexico,Parque Nacional Revillagigedo - Zona Núcleo - Subzona de Uso Restringido Turismo Porción Marina Isla San Benedicto,35.4,31,1,0,1,2.9,8.5,5,0,9
AIMEX59i,Mexico,Parque Nacional Revillagigedo - Zona Núcleo - Subzona de Uso Restringido Turismo Porción Marina Isla Roca Partida,35.4,31,1,0,1,2.9,8.5,5,0,9
AIMEX59j,Mexico,Parque Nacional Revillagigedo - Zona Núcleo - Subzona de Uso Restringido Turismo Porción Marina Isla Socorro,35.4,31,1,0,1,2.9,8.5,5,0,9
AIMEX59k,Mexico,Parque Nacional Revillagigedo - Zona Núcleo - Subzona de Uso Restringido Turismo Porción Marina Isla Clarión,35.4,31,1,0,1,2.9,8.5,5,0,9
AIMEX59l,Mexico,Parque Nacional Revillagigedo - Zona de Amortiguamiento - Subzona de Uso Tradicional Sector Naval Playa Norte de Isla Socorro,26.2,25,1,0,2,3.2,6.0,0,0,7
AIMEX59n,Mexico,Parque Nacional Revillagigedo - Zona de Amortiguamiento - Subzona de Uso Tradicional Isla Socorro,26.2,26,1,0,2,3.2,6.0,0,0,7
AIMEX59o,Mexico,Parque Nacional Revillagigedo - Zona de Amortiguamiento - Subzona de Uso Tradicional Sector Naval Estación Naval Isla Clarión,26.2,25,1,0,2,3.2,6.0,0,0,7
AIMEX6,Mexico,Estero de Tembabiche,7.0,2,0,0,0,3.5,1.5,0,0,2
AIMEX64,Mexico,Zona Marina del Archipiélago de San Lorenzo,55.4,29,6,9,7,18.4,10.0,0,0,9
AIMEX64a,Mexico,Zona Marina del Archipiélago de San Lorenzo - Zona de Amortiguamiento - Subzona de Aprovechamiento Sustentable de los Recursos Naturales Archipiélago,28.4,31,1,0,1,2.9,8.5,0,0,7
AIMEX64b,Mexico,Zona Marina del Archipiélago de San Lorenzo - Zona de Amortiguamiento - Subzona de Aprovechamiento Sustentable de los Recursos Naturales Salsipuedes-San Lorenzo y Las Ánimas,28.4,31,1,0,1,2.9,8.5,0,0,7
AIMEX64c,Mexico,Zona Marina del Archipiélago de San Lorenzo - Zona de Amortiguamiento - Subzona de Aprovechamiento Sustentable de los Recursos Naturales Centro-Oeste,28.3,32,1,0,1,2.8,8.5,0,0,7
AIMEX64d,Mexico,Zona Marina del Archipiélago de San Lorenzo - Zona de Amortiguamiento - Subzona de Uso Público Salsipuedes ,28.4,30,1,0,1,2.9,8.5,0,0,7
AIMEX64e,Mexico,Zona Marina del Archipiélago de San Lorenzo - Zona de Amortiguamiento - Subzona de Recuperación Marina,32.5,22,1,1,1,4.5,6.0,5,0,7
AIMEX65,Mexico,Zona Marina del Archipiélago de San Lorenzo - Zona Núcleo - Subzona de Uso Restringido Partido-Partida,27.4,33,1,0,2,2.9,7.5,0,0,7
AIMEX66,Mexico,Zona Marina del Archipiélago de San Lorenzo - Zona Núcleo - Subzona de Protección Rasito-Rasa,27.3,35,1,0,2,2.8,7.5,0,0,7
AIMEX67,Mexico,Zona Marina del Archipiélago de San Lorenzo - Zona Núcleo - Subzona de Uso Restringido Ánimas-San Lorenzo,25.9,31,1,0,2,2.9,6.0,0,0,7
AIMEX68,Mexico,Área de Protección de Flora y Fauna Balandra,43.8,30,1,9,9,12.3,12.5,0,0,9
AIMEX68a,Mexico,Balandra - Zona de Amortiguamiento - Subzona de Preservación Islas,23.8,17,1,0,1,3.8,3.0,0,0,7
AIMEX68b,Mexico,Balandra - Zona de Amortiguamiento - Subzona de Uso Tradicional Ensenada Falsa,27.2,24,1,0,1,3.2,7.0,0,0,7
AIMEX68c,Mexico,Balandra - Zona de Amortiguamiento - Subzona de Aprovechamiento Sustentable de los Recursos Naturales Faro de San Rafaelito,28.5,20,1,0,1,3.5,8.0,0,0,7
AIMEX68d,Mexico,Balandra - Zona de Amortiguamiento - SSubzona de Aprovechamiento Sustentable de los Ecosistemas Punta Diablo,24.8,22,1,0,1,3.3,4.5,0,0,7
AIMEX68e,Mexico,Balandra - Zona de Amortiguamiento - Subzona de Aprovechamiento Sustentable de los Ecosistemas La Gaviota,28.3,23,1,0,1,3.3,6.0,0,0,9
AIMEX68f,Mexico,Balandra - Zona de Amortiguamiento - Subzona de Uso Público Playa Balandra,25.1,25,1,0,1,3.2,3.0,0,0,9
AIMEX68g,Mexico,Balandra - Zona de Amortiguamiento - Subzona de Uso Público Punta Diablo‑El Merito,25.3,23,1,0,1,3.3,3.0,0,0,9
AIMEX68h,Mexico,Balandra - Zona de Amortiguamiento - Subzona de Recuperación Manglares de Ensenada Falsa,25.6,19,1,0,1,3.6,3.0,0,0,9
AIMEX69,Mexico,Balandra - Zona Núcleo - Subzona de Uso Restringido Tecolote Norte,28.5,28,1,0,1,3.0,6.5,0,0,9
AIMEX70,Mexico,Balandra - Zona Núcleo - Subzona de Uso Restringido Tecolote Sur,28.5,28,1,0,1,3.0,6.5,0,0,9
AIMEX71,Mexico,Balandra - Zona Núcleo - Subzona de Uso Restringido Balandra A,28.5,28,1,0,1,3.0,6.5,0,0,9
AIMEX71_a,Mexico,Balandra - Zona Núcleo - Subzona de Uso Restringido Balandra B,30.0,28,1,0,1,3.0,8.0,0,0,9
AIMEX72a,Mexico,Balandra - Zona Núcleo - Subzona de Protección El Merito A,26.0,28,1,0,1,3.0,6.0,0,0,7
AIMEX72b,Mexico,Balandra - Zona Núcleo - Subzona de Protección El Merito B,30.0,28,1,0,1,3.0,8.0,0,0,9
AIMEX73,Mexico,Balandra - Zona Núcleo - Subzona de Uso Restringido La Gaviota,30.0,28,1,0,1,3.0,8.0,0,0,9
AIMEX74,Mexico,"Costa Occidental de Isla Mujeres, Punta Cancun and Punta Nizuc",43.9,54,2,13,7,10.4,14.5,0,0,9
AIMEX74a,Mexico,"Costa Occidental de Isla Mujeres, Punta Cancun and Punta Nizuc - Isla Mujeres - Subzona de Uso Público Pastos Marinos y Arenales",30.7,41,1,0,4,2.7,11.0,0,0,7
AIMEX74b,Mexico,"Costa Occidental de Isla Mujeres, Punta Cancun and Punta Nizuc - Isla Mujeres - Subzona de Preservación Arrecife Restringido 1 La Cadenita",29.7,41,1,0,4,2.7,10.0,0,0,7
AIMEX74c,Mexico,"Costa Occidental de Isla Mujeres, Punta Cancun and Punta Nizuc - Isla Mujeres - Subzona de Preservación Arrecife Restringido 2 Costa Oriental de Isla Mujeres",29.7,41,1,0,4,2.7,10.0,0,0,7
AIMEX74d,Mexico,"Costa Occidental de Isla Mujeres, Punta Cancun and Punta Nizuc - Isla Mujeres - Subzona de Uso Público Arrecifes 1 El Farito-Sac Bajo",27.3,37,1,0,4,2.8,7.5,0,0,7
AIMEX74e,Mexico,"Costa Occidental de Isla Mujeres, Punta Cancun and Punta Nizuc - Isla Mujeres - Subzona de Uso Público Arrecifes 3 Manchones Grande y Chico",27.3,37,1,0,4,2.8,7.5,0,0,7
AIMEX74f,Mexico,"Costa Occidental de Isla Mujeres, Punta Cancun and Punta Nizuc - Punta Cancun - Subzona de Uso Público Pastos Marinos y Arenales",29.8,40,1,0,4,2.8,10.0,0,0,7
AIMEX74g,Mexico,"Costa Occidental de Isla Mujeres, Punta Cancun and Punta Nizuc - Punta Cancun - Subzona de Preservación Arrecife Restringido 1 El Bajito",29.7,41,1,0,4,2.7,10.0,0,0,7
AIMEX74h,Mexico,"Costa Occidental de Isla Mujeres, Punta Cancun and Punta Nizuc - Punta Cancun - Subzona de Uso Público Arrecifes 1 La Bandera",27.3,37,1,0,4,2.8,7.5,0,0,7
AIMEX74i,Mexico,"Costa Occidental de Isla Mujeres, Punta Cancun and Punta Nizuc - Punta Cancun - Subzona de Uso Público Arrecifes 2 Barbones",27.3,37,1,0,4,2.8,7.5,0,0,7
AIMEX74j,Mexico,"Costa Occidental de Isla Mujeres, Punta Cancun and Punta Nizuc - Punta Cancun - Subzona de Uso Público Arrecifes 3 Chitales Grande y Chico",27.3,38,1,0,4,2.8,7.5,0,0,7
AIMEX74k,Mexico,"Costa Occidental de Isla Mujeres, Punta Cancun and Punta Nizuc - Punta Cancun - Subzona de Uso Público Arrecifes 4 Santo Remedio",27.3,37,1,0,4,2.8,7.5,0,0,7
AIMEX74l,Mexico,"Costa Occidental de Isla Mujeres, Punta Cancun and Punta Nizuc - Punta Cancun - Subzona de Uso Público Arrecifes 5 Arrecifes Profundos",27.3,37,1,0,4,2.8,7.5,0,0,7
AIMEX74m,Mexico,"Costa Occidental de Isla Mujeres, Punta Cancun and Punta Nizuc - Punta Cancun - Subzona de Recuperación de Especies Arrecifales y Bentónicas",25.1,21,1,0,3,3.6,4.5,0,0,7
AIMEX74n,Mexico,"Costa Occidental de Isla Mujeres, Punta Cancun and Punta Nizuc - Punta Nizuc - Subzona de Uso Público Pastos Marinos y Arenales",29.8,40,1,0,4,2.8,10.0,0,0,7
AIMEX74o,Mexico,"Costa Occidental de Isla Mujeres, Punta Cancun and Punta Nizuc - Punta Nizuc - Subzona de Preservación Arrecife Restringido 1 Tercera Barrera Norte",29.7,42,1,0,4,2.7,10.0,0,0,7
AIMEX74p,Mexico,"Costa Occidental de Isla Mujeres, Punta Cancun and Punta Nizuc - Punta Nizuc - Subzona de Preservación Arrecife Restringido 2 Bajito",29.7,42,1,0,4,2.7,10.0,0,0,7
AIMEX74q,Mexico,"Costa Occidental de Isla Mujeres, Punta Cancun and Punta Nizuc - Punta Nizuc - Subzona de Preservación Arrecife Restringido 3 Tercera Barrera Sur",29.7,42,1,0,4,2.7,10.0,0,0,7
AIMEX74r,Mexico,"Costa Occidental de Isla Mujeres, Punta Cancun and Punta Nizuc - Punta Nizuc - Subzona de Uso Público Arrecifes Primera y Segunda Barrera de Punta Nizuc",27.3,39,1,0,4,2.8,7.5,0,0,7
AIMEX74s,Mexico,"Costa Occidental de Isla Mujeres, Punta Cancun and Punta Nizuc - Punta Nizuc - Subzona de Aprovechamiento Sustentable de los Recursos Naturales Pesca Comercial SCPP Puerto Morelos",28.1,29,1,0,3,3.1,8.0,0,0,7
AIMEX74t,Mexico,"Costa Occidental de Isla Mujeres, Punta Cancun and Punta Nizuc - Isla Mujeres - Subzona de Uso Público Arrecifes 2 El Garrafón",27.3,37,1,0,4,2.8,7.5,0,0,7
AIMEX8,Mexico,San Diego,7.0,2,0,0,0,3.5,1.5,0,0,2
AIMEX9,Mexico,La Habana,7.0,2,0,0,0,3.5,1.5,0,0,2
AIMEX97,Mexico,Reserva de la Biosfera El Vizcaíno,27.1,21,1,0,1,3.6,6.5,0,0,7
AIMEX97a,Mexico,Reserva de la Biosfera El Vizcaíno - Zona de Amortiguamiento - Zona de Aprovechamiento Sustentable de los Recursos Naturales,26.4,21,1,0,1,3.4,6.0,0,0,7
AIMEX97b,Mexico,Reserva de la Biosfera El Vizcaíno - Zona de Amortiguamiento - Zonas de Uso Restringido Sierra de San José de Castro,26.6,19,1,0,1,3.6,6.0,0,0,7
AIMEX97c,Mexico,Reserva de la Biosfera El Vizcaíno - Zona de Amortiguamiento - Zonas de Uso Restringido Sierra de Santa Clara,26.6,19,1,0,1,3.6,6.0,0,0,7
AIMEX97d,Mexico,Reserva de la Biosfera El Vizcaíno - Zona Núcleo - Laguna Ojo de Liebre World Heritage Site,26.4,21,1,0,1,3.4,6.0,0,0,7
AIMEX97e,Mexico,Reserva de la Biosfera El Vizcaíno - Zona Núcleo - Laguna San Ignacio World Heritage Site,26.4,21,1,0,1,3.4,6.0,0,0,7
AIMEX98,Mexico,Reserva de la Biosfera El Vizcaíno - Zona Núcleo - Guerrero Negro,26.4,21,1,0,1,3.4,6.0,0,0,7
AIMEX99,Mexico,Reserva de la Biosfera El Vizcaíno - Zona Núcleo - Isla Natividad,26.8,17,1,0,1,3.8,6.0,0,0,7
AIMYS1,Malaysia,Malaysia EEZ,7.6,5,0,0,1,2.1,1.5,0,0,4
AIMYS105,Malaysia,Pulau Seri Buat and Pulau Sembilang Marine Parks,50.0,7,3,0,0,16.5,9.5,0,0,7
AIMYS13,Malaysia,Miri-Sibuti Coral Reefs National Park,37.7,24,4,3,2,10.7,5.0,0,0,7
AIMYS14,Malaysia,Miri Coral Reef,37.7,24,4,3,2,10.7,5.0,0,0,7
AIMYS15,Malaysia,Sibuti Coral Reef,37.7,24,4,3,2,10.7,5.0,0,0,7
AIMYS2,Malaysia,Malaysia Territorial Sea,7.7,4,0,0,1,2.2,1.5,0,0,4
AIMYS5,Malaysia,Talang-Satang National Park,37.7,24,4,3,2,10.7,5.0,0,0,7
AIMYS73,Malaysia,Pulau Redang Marine Park,50.0,7,3,0,0,16.5,9.5,0,0,7
AIMYS94,Malaysia,Pulau Tioman Marine Park,50.0,7,3,0,0,16.5,9.5,0,0,7
AINZL1,New Zealand,New Zealand National Waters,7.2,4,0,0,0,1.8,1.5,0,0,4
AINZL10,New Zealand,Challenger South Benthic Protection Area,45.6,5,2,1,0,19.6,7.0,0,0,7
AINZL100,New Zealand,Catlins Conservation Park,20.8,2,0,1,1,15.8,0.0,0,0,5
AINZL1000,New Zealand,Moeraki Recreation Reserve,31.5,4,0,3,1,24.5,0.0,0,0,7
AINZL1001,New Zealand,Vauxhall Reclamation Recreation Reserve,31.5,4,0,3,1,24.5,0.0,0,0,7
AINZL1003,New Zealand,Kuri Bush Recreation Reserve,31.5,4,0,3,1,24.5,0.0,0,0,7
AINZL1005,New Zealand,Rapahoe Range Scenic Reserve,7.6,6,0,0,1,2.6,0.0,0,0,5
AINZL1006,New Zealand,McLean Park Recreation Reserve,31.5,4,0,3,1,24.5,0.0,0,0,7
AINZL1008,New Zealand,Taieri Mouth Recreation Reserve,31.5,4,0,3,1,24.5,0.0,0,0,7
AINZL1009,New Zealand,Green Island Nature Reserve,43.7,6,1,4,1,25.7,1.0,0,0,7
AINZL101,New Zealand,Conservation Area - Waikawa Harbour,20.8,2,0,1,1,15.8,0.0,0,0,5
AINZL1010,New Zealand,Taieri River Scenic Reserve,7.6,6,0,0,1,2.6,0.0,0,0,5
AINZL1016,New Zealand,Aramoana Recreation Reserve,31.5,4,0,3,1,24.5,0.0,0,0,7
AINZL1017,New Zealand,White Island Scenic Reserve,7.6,6,0,0,1,2.6,0.0,0,0,5
AINZL1018,New Zealand,Sandymount Recreation Reserve,31.5,4,0,3,1,24.5,0.0,0,0,7
AINZL1019,New Zealand,Walker Park Recreation Reserve,31.5,4,0,3,1,24.5,0.0,0,0,7
AINZL102,New Zealand,Conservation Area - Lonnekers Rock,20.8,2,0,1,1,15.8,0.0,0,0,5
AINZL1020,New Zealand,Ruby Bay Recreation Reserve,31.5,4,0,3,1,24.5,0.0,0,0,7
AINZL1022,New Zealand,Taiaroa Head Nature Reserve,48.9,6,2,4,0,30.9,1.0,0,0,7
AINZL1024,New Zealand,Heyward Point Scenic Reserve,7.6,6,0,0,1,2.6,0.0,0,0,5
AINZL1025,New Zealand,Titeremoana (Pudding Island) Scenic Reserve,7.6,6,0,0,1,2.6,0.0,0,0,5
AINZL1028,New Zealand,Wharekakahu Island Nature Reserve,43.7,6,1,4,1,25.7,1.0,0,0,7
AINZL1029,New Zealand,Allans Beach Recreation Reserve,31.5,4,0,3,1,24.5,0.0,0,0,7
AINZL103,New Zealand,Conservation Area - The Neck,20.8,2,0,1,1,15.8,0.0,0,0,5
AINZL1031,New Zealand,Ocean Beach Recreation Reserve,31.5,4,0,3,1,24.5,0.0,0,0,7
AINZL1032,New Zealand,St Clair Recreation Reserve,31.5,4,0,3,1,24.5,0.0,0,0,7
AINZL1033,New Zealand,Kaikoura Island- Scenic Reserve,7.6,6,0,0,1,2.6,0.0,0,0,5
AINZL1034,New Zealand,Recreation Reserve - Tongapurutu,31.5,4,0,3,1,24.5,0.0,0,0,7
AINZL1035,New Zealand,Corbett Park Recreation Reserve,31.5,4,0,3,1,24.5,0.0,0,0,7
AINZL1036,New Zealand,Clifton No 2 Domain Recreation Reserve,31.5,4,0,3,1,24.5,0.0,0,0,7
AINZL1037,New Zealand,Matapouri Scenic Reserve,7.6,6,0,0,1,2.6,0.0,0,0,5
AINZL1038,New Zealand,Scenic Reserve - Nugget Point,7.6,6,0,0,1,2.6,0.0,0,0,5
AINZL1039,New Zealand,Hikoikoi Reserve Recreation Reserve,31.5,4,0,3,1,24.5,0.0,0,0,7
AINZL104,New Zealand,Conservation Area - Okuru-Waiatoto,20.8,2,0,1,1,15.8,0.0,0,0,5
AINZL1040,New Zealand,Clive Grange Recreation Reserve (known as Clive Grange Domain),31.5,4,0,3,1,24.5,0.0,0,0,7
AINZL1041,New Zealand,White Rock Reserve (located off the South Wairarapa Coast),43.7,6,1,4,1,25.7,1.0,0,0,7
AINZL1042,New Zealand,Boulder Bank Site Historic Reserve,32.2,5,0,4,1,25.2,0.0,0,0,7
AINZL1044,New Zealand,Poupouwhenua Scenic Reserve,7.6,6,0,0,1,2.6,0.0,0,0,5
AINZL1045,New Zealand,Ruakākā Scenic Reserve,7.6,6,0,0,1,2.6,0.0,0,0,5
AINZL1046,New Zealand,Uretiti Scenic Reserve,7.6,6,0,0,1,2.6,0.0,0,0,5
AINZL1049,New Zealand,"Recreation Reserve (located off the end of Wintle Street, Mangawhai Heads)",31.5,4,0,3,1,24.5,0.0,0,0,7
AINZL105,New Zealand,Conservation Area - Okuru - Turnbull River,20.8,2,0,1,1,15.8,0.0,0,0,5
AINZL1050,New Zealand,Whatipu Scientific Reserve,48.5,3,1,2,0,31.5,0.0,0,0,7
AINZL1053,New Zealand,Point England (Kiano) Recreation Reserve,31.5,4,0,3,1,24.5,0.0,0,0,7
AINZL1054,New Zealand,Paekākāriki Domain Recreation Reserve,31.5,4,0,3,1,24.5,0.0,0,0,7
AINZL1057,New Zealand,Waimeha Domain Recreation Reserve,31.5,4,0,3,1,24.5,0.0,0,0,7
AINZL1059,New Zealand,Queen Elizabeth Park Recreation Reserve,31.5,4,0,3,1,24.5,0.0,0,0,7
AINZL106,New Zealand,Conservation Area - Mokomoko Inlet,20.8,2,0,1,1,15.8,0.0,0,0,5
AINZL1064,New Zealand,Karioitahi Gap Recreation Reserve,31.5,4,0,3,1,24.5,0.0,0,0,7
AINZL1066,New Zealand,Recreation Reserve - Jacob's River,31.5,4,0,3,1,24.5,0.0,0,0,7
AINZL1068,New Zealand,Papahua Recreation Reserve,31.5,4,0,3,1,24.5,0.0,0,0,7
AINZL107,New Zealand,Conservation Area - Ōmāui Island,20.8,2,0,1,1,15.8,0.0,0,0,5
AINZL1070,New Zealand,Campbell Island Nature Reserve,43.7,6,1,4,1,25.7,1.0,0,0,7
AINZL1071,New Zealand,North Cape Scientific Reserve,48.5,3,1,2,0,31.5,0.0,0,0,7
AINZL1072,New Zealand,Tiritiri Matangi Island Scientific Reserve,48.5,3,1,2,0,31.5,0.0,0,0,7
AINZL1074,New Zealand,Long Island Scenic Reserve,7.6,6,0,0,1,2.6,0.0,0,0,5
AINZL1075,New Zealand,Castlepoint Scenic Reserve,8.8,6,0,0,0,2.3,1.5,0,0,5
AINZL1076,New Zealand,Whitiau Scenic Reserve,7.6,6,0,0,1,2.6,0.0,0,0,5
AINZL1077,New Zealand,Waiotahe Estuary Scenic Reserve,10.2,4,0,0,1,2.2,3.0,0,0,5
AINZL1078,New Zealand,Uretara Island Scenic Reserve,7.6,6,0,0,1,2.6,0.0,0,0,5
AINZL1079,New Zealand,Kohi Point Scenic Reserve,7.6,6,0,0,1,2.6,0.0,0,0,5
AINZL108,New Zealand,Conservation Area - Green Point,20.8,2,0,1,1,15.8,0.0,0,0,5
AINZL1080,New Zealand,Orokawa Scenic Reserve,7.6,6,0,0,1,2.6,0.0,0,0,5
AINZL1081,New Zealand,Waikawau Bay Scenic Reserve,7.6,6,0,0,1,2.6,0.0,0,0,5
AINZL1082,New Zealand,Diggers Hill Scenic Reserve,7.6,6,0,0,1,2.6,0.0,0,0,5
AINZL1084,New Zealand,Kaitoke Scenic Reserve,7.6,6,0,0,1,2.6,0.0,0,0,5
AINZL1085,New Zealand,Motuotau Island Scenic Reserve,7.6,6,0,0,1,2.6,0.0,0,0,5
AINZL1087,New Zealand,Kawhia Harbour (Awaroa) Scenic Reserve,7.6,6,0,0,1,2.6,0.0,0,0,5
AINZL1088,New Zealand,Kawhia Harbour (Rakaunui) Scenic Reserve,7.6,6,0,0,1,2.6,0.0,0,0,5
AINZL1089,New Zealand,Kawhia Harbour (Te Umuroa) Scenic Reserve,7.6,6,0,0,1,2.6,0.0,0,0,5
AINZL109,New Zealand,Conservation Area - Bluff,20.8,2,0,1,1,15.8,0.0,0,0,5
AINZL1091,New Zealand,Rakitu Island Scenic Reserve,10.8,7,0,0,0,1.8,4.0,0,0,5
AINZL1092,New Zealand,Red Mercury Island (Whakau) Scenic Reserve,7.6,6,0,0,1,2.6,0.0,0,0,5
AINZL1093,New Zealand,Green Island Scenic Reserve,7.6,6,0,0,1,2.6,0.0,0,0,5
AINZL1094,New Zealand,Atiu or Middle Island Scenic Reserve,7.6,6,0,0,1,2.6,0.0,0,0,5
AINZL1095,New Zealand,Black Jack Scenic Reserve,7.6,6,0,0,1,2.6,0.0,0,0,5
AINZL1096,New Zealand,Motukokako Point Scenic Reserve,7.6,6,0,0,1,2.6,0.0,0,0,5
AINZL1097,New Zealand,Te Toto Gorge Scenic Reserve,7.6,6,0,0,1,2.6,0.0,0,0,5
AINZL1099,New Zealand,Bryant Memorial Scenic Reserve,7.6,6,0,0,1,2.6,0.0,0,0,5
AINZL11,New Zealand,Hikurangi Deep Benthic Protection Area,45.6,5,2,1,0,19.6,7.0,0,0,7
AINZL110,New Zealand,Conservation Area - Tiwai Spit,20.8,2,0,1,1,15.8,0.0,0,0,5
AINZL1100,New Zealand,Hawea Scenic Reserve,7.6,6,0,0,1,2.6,0.0,0,0,5
AINZL1102,New Zealand,Black Rocks Scenic Reserve,7.6,6,0,0,1,2.6,0.0,0,0,5
AINZL1103,New Zealand,Mimiwhangata Scenic Reserve,7.6,6,0,0,1,2.6,0.0,0,0,5
AINZL1104,New Zealand,Ngunguru River Scenic Reserve,7.6,6,0,0,1,2.6,0.0,0,0,5
AINZL1105,New Zealand,Pitokuku Scenic Reserve,7.6,6,0,0,1,2.6,0.0,0,0,5
AINZL1106,New Zealand,Kororareka Point (Addition) Scenic Reserve,7.6,6,0,0,1,2.6,0.0,0,0,5
AINZL1107,New Zealand,Ranfurly Bay Scenic Reserve,7.6,6,0,0,1,2.6,0.0,0,0,5
AINZL1108,New Zealand,Mahinepua Peninsula Scenic Reserve,7.6,6,0,0,1,2.6,0.0,0,0,5
AINZL1109,New Zealand,Motukawanui Island Scenic Reserve,7.2,4,0,0,1,2.2,0.0,0,0,5
AINZL111,New Zealand,Upoko Block Conservation Area,20.8,2,0,1,1,15.8,0.0,0,0,5
AINZL1110,New Zealand,St. Pauls Rock Scenic Reserve,7.6,6,0,0,1,2.6,0.0,0,0,5
AINZL1111,New Zealand,Reotahi Scenic Reserve,7.2,4,0,0,1,2.2,0.0,0,0,5
AINZL1112,New Zealand,Taha Moana Scenic Reserve,7.6,6,0,0,1,2.6,0.0,0,0,5
AINZL1113,New Zealand,Mokaikai Scenic Reserve,7.6,6,0,0,1,2.6,0.0,0,0,5
AINZL1114,New Zealand,King Billy Island Scenic Reserve,7.6,6,0,0,1,2.6,0.0,0,0,5
AINZL1115,New Zealand,Casnell Island Scenic Reserve,7.6,6,0,0,1,2.6,0.0,0,0,5
AINZL1116,New Zealand,Sharp Point Scenic Reserve,7.6,6,0,0,1,2.6,0.0,0,0,5
AINZL1117,New Zealand,Moturekareka Island Scenic Reserve,7.6,6,0,0,1,2.6,0.0,0,0,5
AINZL1118,New Zealand,Bream Islands Scenic Reserve,7.6,6,0,0,1,2.6,0.0,0,0,5
AINZL1119,New Zealand,Moturua Island Scenic Reserve,7.6,6,0,0,1,2.6,0.0,0,0,5
AINZL112,New Zealand,Conservation Area - Arawhata,20.8,2,0,1,1,15.8,0.0,0,0,5
AINZL1120,New Zealand,Poroporo Island Scenic Reserve,7.6,6,0,0,1,2.6,0.0,0,0,5
AINZL1121,New Zealand,Deep Water Cove Scenic Reserve,7.6,6,0,0,1,2.6,0.0,0,0,5
AINZL1122,New Zealand,Motuarahi  Scenic Reserve,7.6,6,0,0,1,2.6,0.0,0,0,5
AINZL1123,New Zealand,Toretore Island Scenic Reserve,7.6,6,0,0,1,2.6,0.0,0,0,5
AINZL1124,New Zealand,Whangaruru Harbour Scenic Reserve,7.6,6,0,0,1,2.6,0.0,0,0,5
AINZL1125,New Zealand,Kawhia Harbour  (Waiharakeke) Scenic Reserve,7.6,6,0,0,1,2.6,0.0,0,0,5
AINZL1126,New Zealand,Rangitoto Island Scenic Reserve,7.6,6,0,0,1,2.6,0.0,0,0,5
AINZL1127,New Zealand,Burgess Island Scenic Reserve,7.6,6,0,0,1,2.6,0.0,0,0,5
AINZL1128,New Zealand,Kotuku Point Scenic Reserve,7.6,6,0,0,1,2.6,0.0,0,0,5
AINZL1129,New Zealand,Adderley Head Scenic Reserve,7.6,6,0,0,1,2.6,0.0,0,0,5
AINZL113,New Zealand,Conservation Area - Arawhata,20.8,2,0,1,1,15.8,0.0,0,0,5
AINZL1130,New Zealand,Garden Of Tane Scenic Reserve,7.6,6,0,0,1,2.6,0.0,0,0,5
AINZL1131,New Zealand,Eastern Rakiura Scenic Reserve,7.6,6,0,0,1,2.6,0.0,0,0,5
AINZL1132,New Zealand,(Big Glory Bay) Islands In Paterson Inlet/Whaka a Te Wera Scenic Reserve,6.8,4,0,0,0,1.8,0.0,0,0,5
AINZL1133,New Zealand,Native Island Scenic Reserve,7.6,6,0,0,1,2.6,0.0,0,0,5
AINZL1134,New Zealand,Joey's Island Scenic Reserve,7.6,6,0,0,1,2.6,0.0,0,0,5
AINZL1135,New Zealand,NHF Acquisition - Scenic Reserve - Mokomoko,7.6,6,0,0,1,2.6,0.0,0,0,5
AINZL1136,New Zealand,Glory Cove Scenic Reserve,14.1,8,0,1,1,6.1,0.0,0,0,8
AINZL1137,New Zealand,East Cape/Koromere Scenic Reserve,7.6,6,0,0,1,2.6,0.0,0,0,5
AINZL1138,New Zealand,Port Adventure Scenic Reserve,7.6,6,0,0,1,2.6,0.0,0,0,5
AINZL1139,New Zealand,Port Adventure Island Scenic Reserve,7.6,6,0,0,1,2.6,0.0,0,0,5
AINZL114,New Zealand,Conservation Area - Arawhata Riverbed,20.8,2,0,1,1,15.8,0.0,0,0,5
AINZL1140,New Zealand,Lords River/Tūtaekawetoweto Islands Scenic Reserve,7.6,6,0,0,1,2.6,0.0,0,0,5
AINZL1141,New Zealand,Cannon - Peirce Scenic Reserve,7.6,6,0,0,1,2.6,0.0,0,0,5
AINZL1142,New Zealand,Rangiauria Scenic Reserve,7.6,6,0,0,1,2.6,0.0,0,0,5
AINZL1143,New Zealand,Canister Cove Scenic Reserve,7.6,6,0,0,1,2.6,0.0,0,0,5
AINZL1144,New Zealand,Ocean Mail Scenic Reserve,7.6,6,0,0,1,2.6,0.0,0,0,5
AINZL1145,New Zealand,Henga Scenic Reserve,7.6,6,0,0,1,2.6,0.0,0,0,5
AINZL1146,New Zealand,Kumutoto Scenic Reserve,7.6,6,0,0,1,2.6,0.0,0,0,5
AINZL1147,New Zealand,Ruakākā Bay Scenic Reserve,7.6,6,0,0,1,2.6,0.0,0,0,5
AINZL1148,New Zealand,Bay Of Many Coves Scenic Reserve,7.6,6,0,0,1,2.6,0.0,0,0,5
AINZL1149,New Zealand,Ngaruru Scenic Reserve,7.6,6,0,0,1,2.6,0.0,0,0,5
AINZL115,New Zealand,Conservation Area - Stewart Island/Rakiura Forest,20.8,2,0,1,1,15.8,0.0,0,0,5
AINZL1150,New Zealand,Arapawa Island Scenic Reserve,7.6,6,0,0,1,2.6,0.0,0,0,5
AINZL1151,New Zealand,Allports Island Scenic Reserve,7.6,6,0,0,1,2.6,0.0,0,0,5
AINZL1152,New Zealand,Karaka Point Historic & Scenic Reserve,7.6,6,0,0,1,2.6,0.0,0,0,5
AINZL1153,New Zealand,Dieffenbach Point Scenic Reserve,7.6,6,0,0,1,2.6,0.0,0,0,5
AINZL1154,New Zealand,Ruaomoko Point Scenic Reserve,7.6,6,0,0,1,2.6,0.0,0,0,5
AINZL1155,New Zealand,Katoa Point Scenic Reserve,7.6,6,0,0,1,2.6,0.0,0,0,5
AINZL1156,New Zealand,Patten Passage Scenic Reserve,7.6,6,0,0,1,2.6,0.0,0,0,5
AINZL1157,New Zealand,Tawaroa Point Scenic Reserve,7.6,6,0,0,1,2.6,0.0,0,0,5
AINZL1158,New Zealand,Edgecombe Point Scenic Reserve,7.6,6,0,0,1,2.6,0.0,0,0,5
AINZL1159,New Zealand,Tawa Bay Scenic Reserve,7.6,6,0,0,1,2.6,0.0,0,0,5
AINZL116,New Zealand,Conservation Area - Pyke Forest,20.8,2,0,1,1,15.8,0.0,0,0,5
AINZL1160,New Zealand,Cape Lambert Scenic Reserve,7.6,6,0,0,1,2.6,0.0,0,0,5
AINZL1161,New Zealand,Blumine Island Scenic Reserve,7.6,6,0,0,1,2.6,0.0,0,0,5
AINZL1162,New Zealand,Cooper Point Scenic Reserve,7.6,6,0,0,1,2.6,0.0,0,0,5
AINZL1163,New Zealand,Pickersgill Island Scenic Reserve,7.6,6,0,0,1,2.6,0.0,0,0,5
AINZL1164,New Zealand,Motuara Island Scenic & Historic Reserve,7.6,6,0,0,1,2.6,0.0,0,0,5
AINZL1165,New Zealand,Mount Cawte Scenic Reserve,7.6,6,0,0,1,2.6,0.0,0,0,5
AINZL1166,New Zealand,Iwituaroa Scenic Reserve,7.6,6,0,0,1,2.6,0.0,0,0,5
AINZL1167,New Zealand,Whenuanui Scenic Reserve,7.6,6,0,0,1,2.6,0.0,0,0,5
AINZL1168,New Zealand,Wedge Point Scenic Reserve,7.6,6,0,0,1,2.6,0.0,0,0,5
AINZL1169,New Zealand,Lochmara Bay Scenic Reserve,7.6,6,0,0,1,2.6,0.0,0,0,5
AINZL117,New Zealand,Waipaua Conservation Area,20.8,2,0,1,1,15.8,0.0,0,0,5
AINZL1170,New Zealand,Mabel Island Scenic Reserve,7.6,6,0,0,1,2.6,0.0,0,0,5
AINZL1171,New Zealand,Putanui Point Scenic Reserve,7.6,6,0,0,1,2.6,0.0,0,0,5
AINZL1172,New Zealand,Ferndale Scenic Reserve,7.6,6,0,0,1,2.6,0.0,0,0,5
AINZL1173,New Zealand,Te Mahia Scenic Reserve,7.6,6,0,0,1,2.6,0.0,0,0,5
AINZL1174,New Zealand,Rocks Scenic Reserve,7.6,6,0,0,1,2.6,0.0,0,0,5
AINZL1175,New Zealand,Torea Scenic Reserve,7.6,6,0,0,1,2.6,0.0,0,0,5
AINZL1176,New Zealand,Pukatea Bay Scenic Reserve,7.6,6,0,0,1,2.6,0.0,0,0,5
AINZL1177,New Zealand,Mahakipawa Hill Scenic Reserve,7.6,6,0,0,1,2.6,0.0,0,0,5
AINZL1178,New Zealand,Broughton Bay Scenic Reserve,7.6,6,0,0,1,2.6,0.0,0,0,5
AINZL1179,New Zealand,Kaipupu Point Scenic Reserve,7.6,6,0,0,1,2.6,0.0,0,0,5
AINZL118,New Zealand,"Conservation Area - Lucky Point, Cloudy Bay",20.8,2,0,1,1,15.8,0.0,0,0,5
AINZL1180,New Zealand,Chance Penguin & Fairy Bays Scenic Reserve,7.6,6,0,0,1,2.6,0.0,0,0,5
AINZL1181,New Zealand,Clark Island Scenic Reserve,7.6,6,0,0,1,2.6,0.0,0,0,5
AINZL1182,New Zealand,Tennyson Inlet Scenic Reserve,7.6,6,0,0,1,2.6,0.0,0,0,5
AINZL1183,New Zealand,Cullen Point Scenic Reserve,7.6,6,0,0,1,2.6,0.0,0,0,5
AINZL1184,New Zealand,Deep Bay Scenic Reserve,7.6,6,0,0,1,2.6,0.0,0,0,5
AINZL1185,New Zealand,Stafford Point Scenic Reserve,7.6,6,0,0,1,2.6,0.0,0,0,5
AINZL1186,New Zealand,Kenny Isle Scenic Reserve,7.6,6,0,0,1,2.6,0.0,0,0,5
AINZL1187,New Zealand,Bird Island Scenic Reserve,7.6,6,0,0,1,2.6,0.0,0,0,5
AINZL1188,New Zealand,Clova Bay Scenic Reserve,7.6,6,0,0,1,2.6,0.0,0,0,5
AINZL1189,New Zealand,Te Kopi Scenic Reserve,7.6,6,0,0,1,2.6,0.0,0,0,5
AINZL119,New Zealand,Conservation Area - Motungara Island,20.8,2,0,1,1,15.8,0.0,0,0,5
AINZL1190,New Zealand,Scenic Reserve - Baring Head (East Harbour Regional Park),7.6,6,0,0,1,2.6,0.0,0,0,5
AINZL1197,New Zealand,Mercury Islands - Korapuki Island Set Net Restricted Area,23.5,2,0,1,1,17.5,1.0,0,0,5
AINZL12,New Zealand,Mid Chatham Rise Benthic Protection Area,45.6,5,2,1,0,19.6,7.0,0,0,7
AINZL120,New Zealand,Conservation Area - Raukawa Rock,20.8,2,0,1,1,15.8,0.0,0,0,5
AINZL1200,New Zealand,Whangaroa Harbour - Scallop Restricted Area,34.2,3,0,2,1,22.2,5.0,0,0,7
AINZL1201,New Zealand,Queen Charlotte Sound- Katoa Point,31.7,3,0,2,1,22.2,2.5,0,0,7
AINZL1202,New Zealand,Mercury Islands - Stanley Island Set Net Restricted Area,23.5,2,0,1,1,17.5,1.0,0,0,5
AINZL1203,New Zealand,Mercury Islands - Middle Island Set Net Restricted Area,23.5,2,0,1,1,17.5,1.0,0,0,5
AINZL1204,New Zealand,Mercury Islands - Green Island Set Net Restricted Area,23.5,2,0,1,1,17.5,1.0,0,0,5
AINZL1205,New Zealand,Motuara Island - Set Netting Restrictions Area,45.4,4,1,2,1,25.4,3.0,0,0,7
AINZL1206,New Zealand,Mahurangi Scenic Reserve,7.2,3,0,0,0,1.8,1.5,0,0,4
AINZL1207,New Zealand,Pataua Island Scientific Reserve,41.5,4,1,2,1,24.5,0.0,0,0,7
AINZL1208,New Zealand,Pahaoa Scientific Reserve,41.5,4,1,2,1,24.5,0.0,0,0,7
AINZL1209,New Zealand,Aotea Heads Scientific Reserve,41.5,4,1,2,1,24.5,0.0,0,0,7
AINZL121,New Zealand,Conservation Area - Tory Channel Rocks,20.8,2,0,1,1,15.8,0.0,0,0,5
AINZL1210,New Zealand,South of Matiu/Somes Island Set Net Restricted Area,23.5,2,0,1,1,17.5,1.0,0,0,5
AINZL1214,New Zealand,Waikato River mouth - Netting Restrictions Area,27.5,2,0,1,1,17.5,5.0,0,0,5
AINZL1215,New Zealand,The Twins - Set Netting Restrictions Area,23.5,2,0,1,1,17.5,1.0,0,0,5
AINZL1216,New Zealand,Antipodes Islands Nature Reserve,33.5,3,1,0,0,14.0,1.5,0,0,8
AINZL1217,New Zealand,Matata Lagoon Wildlife Refuge,30.9,4,1,0,2,10.9,2.0,0,0,8
AINZL1218,New Zealand,Wharekawa Harbour Wildlife Refuge,30.9,4,1,0,2,10.9,2.0,0,0,8
AINZL122,New Zealand,Conservation Area - Amerikiwhati Island,20.8,2,0,1,1,15.8,0.0,0,0,5
AINZL1220,New Zealand,Papakanui Spit Wildlife Refuge,30.9,4,1,0,2,10.9,2.0,0,0,8
AINZL1221,New Zealand,Waipu River Mouth Wildlife Refuge,30.9,4,1,0,2,10.9,2.0,0,0,8
AINZL1222,New Zealand,Motuarohia Island Wildlife Refuge,30.9,4,1,0,2,10.9,2.0,0,0,8
AINZL1223,New Zealand,Moturoa and Black Rocks Wildlife Refuge,30.9,4,1,0,2,10.9,2.0,0,0,8
AINZL1224,New Zealand,Whangārei Harbour Wildlife Refuge,30.9,4,1,0,2,10.9,2.0,0,0,8
AINZL1225,New Zealand,Ruakākā Wildlife Refuge,30.9,4,1,0,2,10.9,2.0,0,0,8
AINZL1226,New Zealand,Kowhai Beach Wildlife Refuge,30.9,4,1,0,2,10.9,2.0,0,0,8
AINZL1227,New Zealand,Mangawhai Heads Wildlife Refuge,30.9,4,1,0,2,10.9,2.0,0,0,8
AINZL1228,New Zealand,Pouto Wildlife Refuge,30.9,4,1,0,2,10.9,2.0,0,0,8
AINZL1229,New Zealand,Whitewash Head/Scarborough Wildlife Refuge,30.9,4,1,0,2,10.9,2.0,0,0,8
AINZL123,New Zealand,Conservation Area - The Twins,20.8,2,0,1,1,15.8,0.0,0,0,5
AINZL1230,New Zealand,Washdyke Lagoon Wildlife Refuge,30.9,4,1,0,2,10.9,2.0,0,0,8
AINZL1231,New Zealand,Whakapohai Wildlife Refuge,30.9,4,1,0,2,10.9,2.0,0,0,8
AINZL1232,New Zealand,Awarua Bay Wildlife Refuge,30.9,4,1,0,2,10.9,2.0,0,0,8
AINZL1233,New Zealand,Okahu Wildlife Refuge,30.9,4,1,0,2,10.9,2.0,0,0,8
AINZL1234,New Zealand,Sugar Loaf Islands Wildlife Refuge,30.9,4,1,0,2,10.9,2.0,0,0,8
AINZL1235,New Zealand,Sentinel Rock Wildlife Sanctuary,43.7,6,3,1,1,20.7,0.0,0,0,8
AINZL1236,New Zealand,White Rocks Wildlife Sanctuary,43.7,6,3,1,1,20.7,0.0,0,0,8
AINZL1237,New Zealand,Duffers Reef Wildlife Sanctuary,43.7,6,3,1,1,20.7,0.0,0,0,8
AINZL1238,New Zealand,Trio Islands Wildlife Sanctuary,46.5,5,3,1,1,24.5,0.0,0,0,7
AINZL1239,New Zealand,The Brothers Islands Wildlife Sanctuary,43.7,6,3,1,1,20.7,0.0,0,0,8
AINZL124,New Zealand,Conservation Area - Pukerau Point,20.8,2,0,1,1,15.8,0.0,0,0,5
AINZL1240,New Zealand,Kaikōura Wildlife Refuge,30.9,4,1,0,2,10.9,2.0,0,0,8
AINZL1241,New Zealand,Westhaven (Whanganui Inlet) Wildlife Management Reserve,30.7,4,1,0,0,9.2,3.5,0,0,8
AINZL1242,New Zealand,Waitangiroto Wildlife Refuge,30.9,4,1,0,2,10.9,2.0,0,0,8
AINZL1244,New Zealand,Taiaroa Head Wildlife Sanctuary,45.8,7,4,1,1,22.7,0.0,0,0,8
AINZL1245,New Zealand,Sandymount Wildlife Refuge,30.9,4,1,0,2,10.9,2.0,0,0,8
AINZL1246,New Zealand,Sandfly Bay Wildlife Refuge,29.1,5,1,0,2,9.1,2.0,0,0,8
AINZL1247,New Zealand,Puhinui Creek Wildlife Refuge,30.9,4,1,0,2,10.9,2.0,0,0,8
AINZL1248,New Zealand,Whanganui Inlet - Drag Netting Restricted Area,45.4,4,1,2,1,25.4,3.0,0,0,7
AINZL1249,New Zealand,Moutohora (Whale Island) Wildlife Management Reserve,7.2,4,0,0,1,2.2,0.0,0,0,5
AINZL125,New Zealand,Conservation Area - Symonds Bay,20.8,2,0,1,1,15.8,0.0,0,0,5
AINZL126,New Zealand,Conservation Area - Accretion Camp Bay,20.8,2,0,1,1,15.8,0.0,0,0,5
AINZL127,New Zealand,Crown Land Conservation Area,20.8,2,0,1,1,15.8,0.0,0,0,5
AINZL1270,New Zealand,Approval for the use of a Precision Seafood Harvesting Modular Harvest System Trawl Net - Deepwater hoki and Deepwater hake,22.1,4,0,1,2,10.1,5.0,0,0,7
AINZL1271,New Zealand,Approval for the use of a Precision Seafood Harvesting Modular Harvest System Trawl Net - Deepwater ling ,22.1,4,0,1,2,10.1,5.0,0,0,7
AINZL1272,New Zealand,Approval for the use of a Precision Seafood Harvesting Modular Harvest System Trawl Net - Auckland Fisheries Area,39.8,2,1,0,1,19.2,3.5,0,0,5
AINZL1277,New Zealand,Marsden Bank and Mair Bank Temporary Closure,30.4,3,1,0,1,13.4,0.0,0,0,7
AINZL1279,New Zealand,Te Mata and Waipatukahu Temporary Closure,34.2,2,1,0,1,19.2,0.0,0,0,5
AINZL128,New Zealand,Conservation Area - Conway River (Tūtae Putaputa) mouth,20.8,2,0,1,1,15.8,0.0,0,0,5
AINZL1282,New Zealand,Umupuia Beach Temporary Closure,30.4,3,1,0,1,13.4,0.0,0,0,7
AINZL1286,New Zealand,Chatham Islands shellfish fishery ,52.2,4,2,1,1,26.2,5.0,0,0,9
AINZL1287,New Zealand,Ruapuke Island (East) - Restricted Commercial Oyster Area,22.5,2,0,1,1,17.5,0.0,0,0,5
AINZL1288,New Zealand,Patersons Inlet - Restricted Commercial Oyster Area,22.5,2,0,1,1,17.5,0.0,0,0,5
AINZL1289,New Zealand,Port William - Restricted Commercial Oyster Area,22.5,2,0,1,1,17.5,0.0,0,0,5
AINZL129,New Zealand,Tirohanga Dunes Conservation Area,20.8,2,0,1,1,15.8,0.0,0,0,5
AINZL1290,New Zealand,Foveaux Strait Dredge Oyster Fishery - Restricted Commercial Oyster Area,34.7,3,0,2,1,22.2,3.5,0,0,9
AINZL1291,New Zealand,South Island fisheries waters - Restricted Commercial Oyster Area,34.2,2,1,0,1,19.2,0.0,0,0,5
AINZL13,New Zealand,East Chatham Rise Benthic Protection Area,45.6,5,2,1,0,19.6,7.0,0,0,7
AINZL130,New Zealand,Huntress Creek Conservation Area,20.8,2,0,1,1,15.8,0.0,0,0,5
AINZL1302,New Zealand,Ninepin Set Net Restricted Area,23.5,2,0,1,1,17.5,1.0,0,0,5
AINZL1303,New Zealand,Cape Brett Set Net Restricted Area,23.5,2,0,1,1,17.5,1.0,0,0,5
AINZL1304,New Zealand,Bird Rock Set Net Restricted Area,23.5,2,0,1,1,17.5,1.0,0,0,5
AINZL1305,New Zealand,Bay of Islands Set Net Restricted Area,49.3,3,1,1,1,23.3,7.0,0,0,7
AINZL1306,New Zealand,North Cape - Rock lobster prohibition,22.5,2,0,1,1,17.5,0.0,0,0,5
AINZL1307,New Zealand,Southland and Sub-Antarctic Area- Closed areas for kina,34.2,2,1,0,1,19.2,0.0,0,0,5
AINZL1308,New Zealand,Upokopotete (Potted Head) - Rock lobster prohibition,22.5,2,0,1,1,17.5,0.0,0,0,5
AINZL1309,New Zealand,Chatham Islands- Seasonal Rock Lobster Closure,5.5,2,0,0,2,3.5,0.0,0,0,2
AINZL131,New Zealand,Long Point Conservation Area,20.8,2,0,1,1,15.8,0.0,0,0,5
AINZL1310,New Zealand,Central Area Commercial Fishing- CRA3,5.5,2,0,0,2,3.5,0.0,0,0,2
AINZL1311,New Zealand,Southland and Sub-Antarctic Areas Commercial Fishing- CRA8,11.0,3,0,0,3,3.5,3.5,0,0,4
AINZL1312,New Zealand,Central Fishery Management area ,41.3,6,2,2,1,21.3,3.0,0,0,7
AINZL1313,New Zealand,Southland and Sub-Antarctic - Restricted Commercial Fishing Area,54.4,13,4,5,1,21.9,8.5,0,0,7
AINZL1314,New Zealand,South-East - Restricted Commercial Fishing Area,46.9,9,2,4,1,21.4,6.5,0,0,7
AINZL1315,New Zealand,Challenger - Restricted Commercial Fishing Area,46.6,9,1,6,1,23.1,6.5,0,0,7
AINZL1318,New Zealand,Auckland and Kermadec Fishery Management Areas ,22.5,2,0,1,1,17.5,0.0,0,0,5
AINZL1319,New Zealand,"TUA1A, TUA1B, TUA9 - Taking of tuatua prohibited",5.5,2,0,0,2,3.5,0.0,0,0,2
AINZL132,New Zealand,Sugar Loaf Islands Sanctuary,20.8,2,0,1,1,15.8,0.0,0,0,5
AINZL1320,New Zealand,PPI1 and PPI9 - Taking of pipi prohibited,5.5,2,0,0,2,3.5,0.0,0,0,2
AINZL1321,New Zealand,COC1 and COC9 - Taking of cockle prohibited ,5.5,2,0,0,2,3.5,0.0,0,0,2
AINZL1322,New Zealand,Kaipara Harbour - Scallop Restricted Area,31.9,3,1,0,1,13.4,1.5,0,0,7
AINZL1323,New Zealand,Auckland Fishery Management Area,51.5,10,3,3,2,20.0,7.5,0,0,7
AINZL1326,New Zealand,Cape Runaway to Blackhead Lighthouse - Shellfish Restriction,21.8,2,0,1,1,15.8,1.0,0,0,5
AINZL1327,New Zealand,Paritu to Nuhaka River - Shellfish Restriction,21.8,2,0,1,1,15.8,1.0,0,0,5
AINZL1328,New Zealand,Wanganui River mouth - Shellfish Restriction,24.0,2,0,1,1,17.5,1.5,0,0,5
AINZL133,New Zealand,Sugar Loaf Islands Conservation Park,20.8,2,0,1,1,15.8,0.0,0,0,5
AINZL1330,New Zealand,Pohokura - Submarine Cables and Pipelines Protection,31.4,5,1,0,0,8.4,6.0,0,0,7
AINZL1331,New Zealand,Huriawa Peninsula - Paua Prohibited Area,34.9,2,1,0,0,18.4,1.5,0,0,5
AINZL1332,New Zealand,Mapoutahi Peninsula - Paua Prohibited Area,34.9,2,1,0,0,18.4,1.5,0,0,5
AINZL1333,New Zealand,West Coast Part Auckland FMA - Trawl Vessel Restrictions,27.5,2,0,1,1,17.5,5.0,0,0,5
AINZL1334,New Zealand,East Otago taiapure - Species and Gear Restrictions,38.3,4,2,0,1,18.8,2.5,0,0,7
AINZL1335,New Zealand,Auckland Fishery Management Area (part) - Trawl Vessel Restrictions,27.5,2,0,1,1,17.5,5.0,0,0,5
AINZL1336,New Zealand,Part Auckland FMA - Trawl Vessel Restrictions,27.5,2,0,1,1,17.5,5.0,0,0,5
AINZL1337,New Zealand,Central Fishery Management Area (Part) - Trawl Vessel Restrictions,27.5,2,0,1,1,17.5,5.0,0,0,5
AINZL1338,New Zealand,Cook Strait -  Trawl Vessel Restrictions,27.5,2,0,1,1,17.5,5.0,0,0,5
AINZL1339,New Zealand,"Central Fishery Management Area (Part, West) -  Trawl Vessel Restrictions",27.5,2,0,1,1,17.5,5.0,0,0,5
AINZL134,New Zealand,Conservation Area - Wairau Diversion Mouth,20.8,2,0,1,1,15.8,0.0,0,0,5
AINZL1340,New Zealand,Challenger (East) -  Trawl Vessel Restrictions,27.5,2,0,1,1,17.5,5.0,0,0,5
AINZL1342,New Zealand,Challenger (North) - Trawl Vessel Restrictions,27.5,2,0,1,1,17.5,5.0,0,0,5
AINZL1343,New Zealand,East Coast South Island - Trawl Vessel Restrictions,27.5,2,0,1,1,17.5,5.0,0,0,5
AINZL1344,New Zealand,Solander Trench - Bottom contact vessel restrictions,47.3,3,1,1,1,23.3,5.0,0,0,7
AINZL1346,New Zealand,Pokahinu Point to Cape Runaway - Kina prohibited area,20.2,3,0,1,1,12.2,0.0,0,0,8
AINZL1347,New Zealand,Red Rocks to Bearing Head - Kina prohibited area,20.2,3,0,1,1,12.2,0.0,0,0,8
AINZL1348,New Zealand,Opani-Aputa Point to Whakamawahi Point - Kina prohibited area,20.2,3,0,1,1,12.2,0.0,0,0,8
AINZL1349,New Zealand,Tukituki River to Waipuka Stream - Kina prohibited area,20.2,3,0,1,1,12.2,0.0,0,0,8
AINZL135,New Zealand,Conservation Area - Awatere River mouth,20.8,2,0,1,1,15.8,0.0,0,0,5
AINZL1350,New Zealand,Cape Kidnappers - Taking seaweed prohibited,19.7,3,0,1,0,11.7,0.0,0,0,8
AINZL1351,New Zealand,Monkey Island to Old Man Rock - Kina prohibited area,20.2,3,0,1,1,12.2,0.0,0,0,8
AINZL1352,New Zealand,Nugget Point to Kaka Point - Kina prohibited area,20.2,3,0,1,1,12.2,0.0,0,0,8
AINZL1353,New Zealand,Cape Saunders to Taiaora Heads - Kina prohibited area,20.2,3,0,1,1,12.2,0.0,0,0,8
AINZL1354,New Zealand,Shag River (Waihemo) to Moeraki Point - Kina prohibitedarea,20.2,3,0,1,1,12.2,0.0,0,0,8
AINZL1355,New Zealand,Lookout Bluff to Waianakarua River - Kina prohibited area,20.2,3,0,1,1,12.2,0.0,0,0,8
AINZL1356,New Zealand,Bridge Point to All Day Bay - Kina prohibited area,20.2,3,0,1,1,12.2,0.0,0,0,8
AINZL1357,New Zealand,Cape Wanbrow to Oamaru Breakwater - Kina prohibited area,20.2,3,0,1,1,12.2,0.0,0,0,8
AINZL1358,New Zealand,Campbell Heritage Benthic Protection Area,43.6,6,2,1,0,16.6,7.0,0,0,8
AINZL1359,New Zealand,Campbell Island (Motu Ihupuku) - Danish seine net prohibition,35.4,3,1,0,1,13.4,2.0,0,0,8
AINZL136,New Zealand,Conservation Area - Wairau Diversion mouth,20.8,2,0,1,1,15.8,0.0,0,0,5
AINZL1360,New Zealand,South-East Area Commercial Fishing- Closed seamount area,36.9,3,1,0,1,13.4,3.5,0,0,8
AINZL137,New Zealand,North West Nelson Forest Park,20.8,2,0,1,1,15.8,0.0,0,0,5
AINZL138,New Zealand,Mount Richmond Forest Park,20.8,2,0,1,1,15.8,0.0,0,0,5
AINZL139,New Zealand,Conservation Area - Waiau River Mouth,20.8,2,0,1,1,15.8,0.0,0,0,5
AINZL14,New Zealand,Arrow Plateau Benthic Protection Area,45.6,5,2,1,0,19.6,7.0,0,0,7
AINZL140,New Zealand,Conservation Area - Waiau River Mouth,20.8,2,0,1,1,15.8,0.0,0,0,5
AINZL141,New Zealand,Conservation Area - Te Wae Wae Bay,20.8,2,0,1,1,15.8,0.0,0,0,5
AINZL142,New Zealand,"Conservation Area - Gummies Bush, Rd3, Ingill",20.8,2,0,1,1,15.8,0.0,0,0,5
AINZL1427,New Zealand,Rapaki Mātaitai,38.4,27,5,1,2,8.9,4.5,0,0,7
AINZL1428,New Zealand,Koukourarata Mātaitai,45.5,5,3,0,1,22.0,1.5,0,0,7
AINZL1429,New Zealand,Moremore Mātaitai(a),38.6,8,3,0,4,15.1,1.5,0,0,7
AINZL143,New Zealand,"Conservation Area - Aparima Parade, Riverton/Aparima",20.8,2,0,1,1,15.8,0.0,0,0,5
AINZL1430,New Zealand,Moremore Mātaitai(b),38.6,8,3,0,4,15.1,1.5,0,0,7
AINZL1431,New Zealand,Mataura River Mātaitai,54.4,8,6,0,1,26.9,2.5,0,0,7
AINZL1432,New Zealand,"Raukokere Mātaitai

Te Whanau A Maruhaeremuri Hapu Trust",45.9,5,3,0,2,22.4,1.5,0,0,7
AINZL1433,New Zealand,Kahutara Mātaitai,50.6,4,3,0,1,27.1,1.5,0,0,7
AINZL1434,New Zealand,Tutaeputaputa Mātaitai,50.6,4,3,0,1,27.1,1.5,0,0,7
AINZL1435,New Zealand,Waikouaiti Mātaitai,45.9,5,3,0,2,22.4,1.5,0,0,7
AINZL1436,New Zealand,Te Ahi Tarakihi Mātaitai,39.7,17,6,0,1,13.2,1.5,0,0,7
AINZL1437,New Zealand,Puna-wai-Toriki Mātaitai,38.6,8,3,0,4,15.1,1.5,0,0,7
AINZL1438,New Zealand,"Aotea Harbour Mātaitai

Nga Hapu o Aotea Moana",42.5,6,3,0,2,19.0,1.5,0,0,7
AINZL1439,New Zealand,Marokopa Mātaitai,42.5,6,3,0,2,19.0,1.5,0,0,7
AINZL144,New Zealand,"Conservation Area - Aparima Parade, Riverton/Aparima",20.8,2,0,1,1,15.8,0.0,0,0,5
AINZL1440,New Zealand,Hakihea Mātaitai,32.5,3,1,0,2,14.0,1.5,0,0,7
AINZL1441,New Zealand,Moeraki Mātaitai,45.2,10,5,0,2,18.7,1.5,0,0,7
AINZL1442,New Zealand,Waikawa Harbour/Tumu Toka Mātaitai,45.5,5,3,0,1,22.0,1.5,0,0,7
AINZL1443,New Zealand,Oreti Mātaitai,42.5,6,3,0,2,19.0,1.5,0,0,7
AINZL1444,New Zealand,Horomamae Mātaitai,44.8,7,4,0,2,21.3,1.5,0,0,7
AINZL1445,New Zealand,Te Tai Tapu (Anatori) Mātaitai,42.5,6,3,0,2,19.0,1.5,0,0,7
AINZL1446,New Zealand,Te Tai Tapu (Kaihoka) Mātaitai,45.5,5,3,0,1,22.0,1.5,0,0,7
AINZL1447,New Zealand,Wairewa/Lake Forsyth Mātaitai,42.5,6,3,0,2,19.0,1.5,0,0,7
AINZL1448,New Zealand,Te Kaio Mātaitai,42.5,6,3,0,2,19.0,1.5,0,0,7
AINZL1449,New Zealand,Pikomamaku Mātaitai,42.5,6,3,0,2,19.0,1.5,0,0,7
AINZL145,New Zealand,"Conservation Area - Aparima Parade, Riverton/Aparima",20.8,2,0,1,1,15.8,0.0,0,0,5
AINZL1450,New Zealand,Te Maunga o Mauao Mātaitai,42.5,6,3,0,2,19.0,1.5,0,0,7
AINZL1451,New Zealand,Kaihuka Mātaitai,42.5,6,3,0,2,19.0,1.5,0,0,7
AINZL1452,New Zealand,Mahitahi/Bruce Bay Mātaitai,42.5,6,3,0,2,19.0,1.5,0,0,7
AINZL1453,New Zealand,Tauparikaka Mātaitai,42.5,6,3,0,2,19.0,1.5,0,0,7
AINZL1454,New Zealand,Okuru/Mussel Point Mātaitai,42.5,6,3,0,2,19.0,1.5,0,0,7
AINZL1455,New Zealand,Manakaiaua/Hunts Beach Mātaitai,42.5,6,3,0,2,19.0,1.5,0,0,7
AINZL1456,New Zealand,"Horokaka, Mahia Peninsula - Closed Commercial Fishing Area",24.0,2,0,1,1,17.5,1.5,0,0,5
AINZL1457,New Zealand,Mahia Peninsula - Set Net Restricted Area,21.2,3,0,1,1,12.2,2.0,0,0,7
AINZL1458,New Zealand,Portland Island - Set Net Restricted Area,21.2,3,0,1,1,12.2,2.0,0,0,7
AINZL1459,New Zealand,Horokaka Mātaitai,43.5,22,10,0,2,17.0,1.5,0,0,7
AINZL146,New Zealand,"Conservation Area - Lansdowne Cresent, Riverton/Aparima",20.8,2,0,1,1,15.8,0.0,0,0,5
AINZL1460,New Zealand,"Te Hoe Point to Waikokopu Breakwater, Mahia Peninsula - Closed Commercial Fishing Area",24.0,2,0,1,1,17.5,1.5,0,0,5
AINZL1461,New Zealand,Te Hoe Mātaitai,42.5,6,3,0,2,19.0,1.5,0,0,7
AINZL1462,New Zealand,Waihao Mātaitai,42.5,6,3,0,2,19.0,1.5,0,0,7
AINZL1463,New Zealand,Okarito Lagoon Mātaitai,42.5,6,3,0,2,19.0,1.5,0,0,7
AINZL1464,New Zealand,Te Puna Mātaitai,44.8,7,4,0,2,21.3,1.5,0,0,7
AINZL1465,New Zealand,Motupöhue (Bluff Hill) Mātaitai,45.5,5,3,0,1,22.0,1.5,0,0,7
AINZL1466,New Zealand,Waitarakao Mātaitai,50.6,4,3,0,1,27.1,1.5,0,0,7
AINZL1468,New Zealand,Te Waha o te Marangai Mātaitai,50.6,4,3,0,1,27.1,1.5,0,0,7
AINZL1469,New Zealand,Mangamaunu Mātaitai,50.6,4,3,0,1,27.1,1.5,0,0,7
AINZL147,New Zealand,"Conservation Area - Bath Road, Riverton/Aparima",20.8,2,0,1,1,15.8,0.0,0,0,5
AINZL1470,New Zealand,Waitutu Mātaitai,52.2,5,4,0,1,28.7,1.5,0,0,7
AINZL1471,New Zealand,"Pariokena Point to Rarohenga Stream, Mahia Peninsula - Closed Commercial Fishing Area",24.0,2,0,1,1,17.5,1.5,0,0,5
AINZL1472,New Zealand,Toka Tamure Mātaitai,42.7,21,9,0,2,16.2,1.5,0,0,7
AINZL1473,New Zealand,Otakou Mātaitai,50.6,4,3,0,1,27.1,1.5,0,0,7
AINZL1474,New Zealand,Lyttelton Harbour/Whakaraupō Mātaitai,44.0,22,11,0,1,17.5,1.5,0,0,7
AINZL1475,New Zealand,"Paterson Inlet, Stewart Island - Restricted Commercial Fishing Area",24.8,3,0,1,1,12.2,5.5,0,0,7
AINZL1476,New Zealand,Stewart Island - Restricted Commercial Shellfish Area,20.8,2,0,1,1,15.8,0.0,0,0,5
AINZL1477,New Zealand,Paterson Inlet - Closed Commercial Fishing Area,22.5,2,0,1,1,17.5,0.0,0,0,5
AINZL1478,New Zealand,Te Whaka a Te Wera Mātaitai,59.2,18,12,0,2,23.7,8.5,0,0,7
AINZL148,New Zealand,Conservation Area - Waipapa Beach,20.8,2,0,1,1,15.8,0.0,0,0,5
AINZL1480,New Zealand,Te Rae o Kohi Mataitai,50.6,4,3,0,1,27.1,1.5,0,0,7
AINZL1481,New Zealand,Te Kopa o Rongokānapa Mātaitai,50.6,4,3,0,1,27.1,1.5,0,0,7
AINZL1482,New Zealand,Moeraki (Turaka Waka) Bylaw Closed Area,52.2,5,4,0,1,28.7,1.5,0,0,7
AINZL1483,New Zealand,Tikoraki/Tawhiroko Area,52.2,5,4,0,1,28.7,1.5,0,0,7
AINZL1484,New Zealand,Oaro (freshwater and marine) Mātaitai,45.9,5,3,0,2,22.4,1.5,0,0,7
AINZL1485,New Zealand,Manukau Harbour - Commercial Fishing Restricted Area,26.1,4,0,2,1,17.1,2.0,0,0,7
AINZL1486,New Zealand,Mimiwhangata Peninsula - Closed Commercial Fishing Area,7.0,2,0,0,2,3.5,1.5,0,0,2
AINZL1487,New Zealand,Tauranga Harbour - Restricted Commercial Fishing Area,44.3,6,1,2,2,17.8,7.5,0,0,7
AINZL1488,New Zealand,Tauranga Harbour - Drag Netting Restricted Area,23.5,2,0,1,1,17.5,1.0,0,0,5
AINZL1489,New Zealand,Tauranga Harbour - Closed Commercial Fishing Area,7.0,2,0,0,2,3.5,1.5,0,0,2
AINZL149,New Zealand,"Conservation Area - The Resevoir, Haldane",20.8,2,0,1,1,15.8,0.0,0,0,5
AINZL1490,New Zealand,Taharoa lakes - Closed Commercial Fishing Area,7.0,2,0,0,2,3.5,1.5,0,0,2
AINZL1491,New Zealand,Motu River catchment - Closed Commercial Fishing Area,7.0,2,0,0,2,3.5,1.5,0,0,2
AINZL1492,New Zealand,Waimarama - Closed Commercial Fishing Area,24.0,2,0,1,1,17.5,1.5,0,0,5
AINZL1493,New Zealand,Ngapuhake - Closed Commercial Fishing Area,24.0,2,0,1,1,17.5,1.5,0,0,5
AINZL1494,New Zealand,Mohaka River catchment - Closed Commercial Fishing Area,7.0,2,0,0,2,3.5,1.5,0,0,2
AINZL1495,New Zealand,Whanganui River catchment - Closed Commercial Fishing Area,8.4,3,0,0,2,2.9,1.5,0,0,4
AINZL1496,New Zealand,"Whakaki Lagoon - Closed Commercial Fishing Area
",7.0,2,0,0,2,3.5,1.5,0,0,2
AINZL1497,New Zealand,Lake Poukawa - Closed Commercial Fishing Area,7.0,2,0,0,2,3.5,1.5,0,0,2
AINZL1498,New Zealand,Catchments containing Pencarrow Lakes - Closed Commercial Fishing Area,7.0,2,0,0,2,3.5,1.5,0,0,2
AINZL1499,New Zealand,"Double Cove, Queen Charlotte Sound - Closed Commercial Fishing Area",22.5,2,0,1,1,17.5,0.0,0,0,5
AINZL15,New Zealand,Fiordland Transect Benthic Protection Area,45.6,5,2,1,0,19.6,7.0,0,0,7
AINZL150,New Zealand,Conservation Area - Cook River/Weheka to Haast River,20.8,2,0,1,1,15.8,0.0,0,0,5
AINZL1500,New Zealand,Flower Pot - Closed Commercial Fishing Area,22.5,2,0,1,1,17.5,0.0,0,0,5
AINZL1501,New Zealand,Waipaua - Closed Commercial Fishing Area,22.5,2,0,1,1,17.5,0.0,0,0,5
AINZL1502,New Zealand,Waihere - Closed Commercial Fishing Area,22.5,2,0,1,1,17.5,0.0,0,0,5
AINZL1503,New Zealand,Kahuitara - Closed Commercial Fishing Area,22.5,2,0,1,1,17.5,0.0,0,0,5
AINZL1504,New Zealand,Waitangi - Closed Commercial Fishing Area,22.5,2,0,1,1,17.5,0.0,0,0,5
AINZL1505,New Zealand,Whangamoe - Closed Commercial Fishing Area,22.5,2,0,1,1,17.5,0.0,0,0,5
AINZL1506,New Zealand,Waitangi West - Closed Commercial Fishing Area,22.5,2,0,1,1,17.5,0.0,0,0,5
AINZL1507,New Zealand,Mairangi - Closed Commercial Fishing Area,22.5,2,0,1,1,17.5,0.0,0,0,5
AINZL1508,New Zealand,Wharekauri - Closed Commercial Fishing Area,22.5,2,0,1,1,17.5,0.0,0,0,5
AINZL1509,New Zealand,Taupeka - Closed Commercial Fishing Area,22.5,2,0,1,1,17.5,0.0,0,0,5
AINZL151,New Zealand,Conservation Area - Abbey Rocks,20.8,2,0,1,1,15.8,0.0,0,0,5
AINZL1510,New Zealand,Kaingaroa - Closed Commercial Fishing Area,22.5,2,0,1,1,17.5,0.0,0,0,5
AINZL1511,New Zealand,Owenga - Closed Commercial Fishing Area,22.5,2,0,1,1,17.5,0.0,0,0,5
AINZL1512,New Zealand,Manukau - Closed Commercial Fishing Area,22.5,2,0,1,1,17.5,0.0,0,0,5
AINZL1513,New Zealand,Karen Inlet - Closed Commercial Fishing Area,22.5,2,0,1,1,17.5,0.0,0,0,5
AINZL1514,New Zealand,Te Whanga Lagoon and its tributaries - Closed Commercial Fishing Area,22.5,2,0,1,1,17.5,0.0,0,0,5
AINZL1515,New Zealand,Milford Sound - Closed Commercial Fishing Area,22.5,2,0,1,1,17.5,0.0,0,0,5
AINZL1516,New Zealand,Internal waters of Fiordland - Closed Commercial Fishing Area,20.8,3,0,1,1,12.2,1.5,0,0,7
AINZL1517,New Zealand,Auckland Islands - Closed Commercial Fishing Area,23.5,2,0,1,1,17.5,1.0,0,0,5
AINZL1518,New Zealand,Great Barrier Island - Submarine Cables and Pipelines Protection Area,31.1,4,1,0,0,10.1,4.0,0,0,7
AINZL1519,New Zealand,Hauraki Gulf - Submarine Cables and Pipelines Protection Area,29.4,5,1,0,0,8.4,4.0,0,0,7
AINZL152,New Zealand,Conservation Area - Sandy Beach - Jacobs River,20.8,2,0,1,1,15.8,0.0,0,0,5
AINZL1520,New Zealand,Kawau Island - Submarine Cables and Pipelines Protection Area,31.1,4,1,0,0,10.1,4.0,0,0,7
AINZL1521,New Zealand,Whangaparaoa Peninsula - Submarine Cables and Pipelines Protection Area,31.1,4,1,0,0,10.1,4.0,0,0,7
AINZL1522,New Zealand,Muriwai Beach - Submarine Cables and Pipelines Protection Area,29.4,5,1,0,0,8.4,4.0,0,0,7
AINZL1523,New Zealand,Taharoa - Submarine Cables and Pipelines Protection Area,31.1,4,1,0,0,10.1,4.0,0,0,7
AINZL1524,New Zealand,Cook Strait - Submarine Cables and Pipelines Protection Area,31.1,4,1,0,0,10.1,4.0,0,0,7
AINZL1525,New Zealand,Oaonui - Submarine Cables and Pipelines Protection Area,31.4,5,1,0,0,8.4,6.0,0,0,7
AINZL1526,New Zealand,Hawke Bay - Submarine Cables and Pipelines Protection Area,31.1,4,1,0,0,10.1,4.0,0,0,7
AINZL1527,New Zealand,Maui A and Maui B pipelines - Submarine Cables and Pipelines Protection Area,29.4,5,1,0,0,8.4,4.0,0,0,7
AINZL1528,New Zealand,Tui Area Development - Submarine Cables and Pipelines Protection Area,33.8,3,1,0,0,12.8,4.0,0,0,7
AINZL1529,New Zealand,Kupe Gas Project - Submarine Cables and Pipelines Protection Area,29.4,5,1,0,0,8.4,4.0,0,0,7
AINZL153,New Zealand,Conservation Area - Waipati Estuary,20.8,2,0,1,1,15.8,0.0,0,0,5
AINZL1530,New Zealand,Maari Development - Submarine Cables and Pipelines Protection Area,29.8,5,1,0,1,8.8,4.0,0,0,7
AINZL1531,New Zealand,Maui Dolphin Habitat Zone - Harbor waters,7.0,1,0,0,1,3.5,1.5,0,0,2
AINZL154,New Zealand,Conservation Area - Abut Head,20.8,2,0,1,1,15.8,0.0,0,0,5
AINZL155,New Zealand,Conservation Area - Waitangitaona River Mouth,20.8,2,0,1,1,15.8,0.0,0,0,5
AINZL156,New Zealand,Conservation Area - Cook River/Weheka,20.8,2,0,1,1,15.8,0.0,0,0,5
AINZL1561,New Zealand,Kaipara Harbour - Restricted Commercial Fishing Area,36.3,9,0,6,2,20.8,8.5,0,0,7
AINZL1562,New Zealand,Kaipara Harbour - Trawling and Danish Seining Prohibited Area,25.5,2,0,1,1,17.5,3.0,0,0,5
AINZL1563,New Zealand,Hokianga Harbour - Restricted Commercial Fishing Area,34.2,3,0,2,1,22.2,5.0,0,0,7
AINZL1564,New Zealand,Whangape Harbour - Restricted Commercial Fishing Area and Scallop Restricted Area,33.5,5,0,3,1,20.0,6.5,0,0,7
AINZL1565,New Zealand,Herekino Harbour - Restricted Commercial Fishing Area and Scallop Restricted Area,33.5,5,0,3,1,20.0,6.5,0,0,7
AINZL1566,New Zealand,Parengarenga Harbour - Restricted Commercial Fishing Area and Scallop Restricted Area,33.5,5,0,3,1,20.0,6.5,0,0,7
AINZL1567,New Zealand,"Oyster Bay to Rarangi - Commercial Butterfish Set Netting Area

",23.5,2,0,1,1,17.5,1.0,0,0,5
AINZL1568,New Zealand,Houhora Harbour - Restricted Commercial Fishing Area,30.6,4,0,2,1,17.1,6.5,0,0,7
AINZL1569,New Zealand,Rangaunu Harbour Restricted Commercial Fishing Area and Scallop Restricted Area ,30.6,4,0,2,1,17.1,6.5,0,0,7
AINZL157,New Zealand,Conservation Area - Nugget Point Islands,20.8,2,0,1,1,15.8,0.0,0,0,5
AINZL1570,New Zealand,Bay of Islands - Restricted Commercial Fishing Area and Scallop Restricted Area,29.6,4,0,2,1,17.1,5.5,0,0,7
AINZL1571,New Zealand,Port Russell - Restricted Commercial Fishing Area,25.8,3,0,1,1,12.2,6.5,0,0,7
AINZL1572,New Zealand,Whangaruru Harbour - Restricted Commercial Fishing Area and Scallop Restricted Area,33.5,5,0,3,1,20.0,6.5,0,0,7
AINZL1573,New Zealand,Whananaki Estuary - Scallop Restricted Area,22.5,2,0,1,1,17.5,0.0,0,0,5
AINZL1574,New Zealand,Tutukaka Harbour - Restricted Commercial Fishing Area and Scallop Restricted Area,33.5,5,0,3,1,20.0,6.5,0,0,7
AINZL1575,New Zealand,Ngunguru Estuary - Scallop Restricted Area,21.8,3,0,1,1,12.2,2.5,0,0,7
AINZL1576,New Zealand,Ngunguru Estuary - Cockle and Pipi Harvest Closure Area,31.3,3,1,0,0,12.8,1.5,0,0,7
AINZL1577,New Zealand,Pataua Estuary - Scallop Restricted Area,21.8,3,0,1,1,12.2,2.5,0,0,7
AINZL1578,New Zealand,Whangarei Harbour - Restricted Commercial Fishing Area,22.8,3,0,1,1,12.2,3.5,0,0,7
AINZL1579,New Zealand,Port Charles - Scallop Restricted Area,21.8,3,0,1,1,12.2,2.5,0,0,7
AINZL158,New Zealand,Conservation Area - Access to Tokomairiro River,20.8,2,0,1,1,15.8,0.0,0,0,5
AINZL1580,New Zealand,Kennedy Bay - Scallop Restricted Area,21.8,3,0,1,1,12.2,2.5,0,0,7
AINZL1581,New Zealand,Whangapoua Harbour - Restricted Commercial Fishing Area and Scallop Restricted Area,30.6,4,0,2,1,17.1,6.5,0,0,7
AINZL1582,New Zealand,"Mercury Bay - Scallop Restricted Area

",21.8,3,0,1,1,12.2,2.5,0,0,7
AINZL1583,New Zealand,Mercury Bay - Restricted Commercial Fishing Area,24.8,3,0,1,1,12.2,5.5,0,0,7
AINZL1584,New Zealand,Whitianga Harbour - Restricted Commercial Fishing Area,25.8,3,0,1,1,12.2,6.5,0,0,7
AINZL1585,New Zealand,"Whangamata Harbour and Whangamata River, Bay of Plenty - Restricted Commercial Fishing Area and Scallop Restricted Area",29.6,4,0,2,1,17.1,5.5,0,0,7
AINZL1586,New Zealand,Whangamata Harbour - Restricted Commercial Fishing Area,29.6,4,0,2,1,17.1,5.5,0,0,7
AINZL1587,New Zealand,Hauraki Gulf (including the Firth of Thames) - Restricted Commercial Fishing Area ,24.8,3,0,1,1,12.2,5.5,0,0,7
AINZL1588,New Zealand,Inner Hauraki Gulf - Restricted Commercial Finfish Area,49.2,3,1,1,0,22.8,5.5,0,0,9
AINZL1589,New Zealand,Manukau Harbour - Restricted Commercial Fishing Area ,36.5,4,0,3,1,24.5,5.0,0,0,7
AINZL159,New Zealand,Conservation Area - Pūerua Wildlife Reserve,20.8,2,0,1,1,15.8,0.0,0,0,5
AINZL1590,New Zealand,Hooks Bay - Scallop Restricted Area,22.5,2,0,1,1,17.5,0.0,0,0,5
AINZL1591,New Zealand,Waiheke Island - Scallop Restricted Area,22.5,2,0,1,1,17.5,0.0,0,0,5
AINZL1592,New Zealand,Great Mercury Island - Scallop Restricted Area,22.5,2,0,1,1,17.5,0.0,0,0,5
AINZL1593,New Zealand,Otama Bay - Scallop Restricted Area,22.5,2,0,1,1,17.5,0.0,0,0,5
AINZL1594,New Zealand,Opito Bay - Scallop Restricted Area,22.5,2,0,1,1,17.5,0.0,0,0,5
AINZL1595,New Zealand,Tairua - Scallop Restricted Area,22.5,2,0,1,1,17.5,0.0,0,0,5
AINZL1596,New Zealand,Tairua/Pauanui - Restricted Commercial Fishing Area ,23.5,2,0,1,1,17.5,1.0,0,0,5
AINZL1597,New Zealand,Bowentown - Scallop Restricted Area,22.5,2,0,1,1,17.5,0.0,0,0,5
AINZL1598,New Zealand,Motiti Island - Scallop Restricted Area,22.5,2,0,1,1,17.5,0.0,0,0,5
AINZL1599,New Zealand,Mount Maunganui–Papamoa - Scallop Restricted Area,22.5,2,0,1,1,17.5,0.0,0,0,5
AINZL16,New Zealand,Campbell East Benthic Protection Area,45.6,5,2,1,0,19.6,7.0,0,0,7
AINZL160,New Zealand,Conservation Area - Clutha River Mouth,20.8,2,0,1,1,15.8,0.0,0,0,5
AINZL1600,New Zealand,"Spirits Bay to Tom Bowling Bay - Taking of scallops prohibited - Fisheries (Auckland and Kermadec Areas Commercial Fishing) Regulations 1986, Sec. Restricted Commercial Fishing Area and Scallop Restricted Area",32.2,3,0,2,1,22.2,3.0,0,0,7
AINZL1601,New Zealand,Coromandel Scallop Fishery ,35.5,5,0,4,1,24.5,2.0,0,0,9
AINZL1602,New Zealand,SCA1-SCA9 - Scallop Restricted Area,20.8,2,0,1,1,15.8,0.0,0,0,5
AINZL1603,New Zealand,Prescribed Commercial Scallop and Oyster Area - Challenger Area,46.5,9,2,5,2,24.5,5.0,0,0,7
AINZL1604,New Zealand,Abel Tasman - Restricted Commercial Oyster Area,22.5,2,0,1,1,17.5,0.0,0,0,5
AINZL1605,New Zealand,Tennyson Inlet/Fitzroy Bay - Restricted Commercial Fishing & Scallop Area,29.0,3,0,2,1,21.0,1.0,0,0,7
AINZL1606,New Zealand,Inner Queen Charlotte Sound - Restricted Commercial Fishing Area,25.8,3,0,1,2,12.8,4.0,0,0,9
AINZL1607,New Zealand,Queen Charlotte Sound (part) - Restricted Commercial Scallop Area,22.5,2,0,1,1,17.5,0.0,0,0,5
AINZL1608,New Zealand,Pihaka Point to Karaka Point - Restricted Commercial Mussel Area,22.5,2,0,1,1,17.5,0.0,0,0,5
AINZL1609,New Zealand,East Bay Queen Charlotte Sound - Restricted Commercial Scallop Area,22.5,2,0,1,1,17.5,0.0,0,0,5
AINZL161,New Zealand,Conservation Area - Pūrākaunui Bay,20.8,2,0,1,1,15.8,0.0,0,0,5
AINZL1610,New Zealand,Keneperu Sound - Restricted Commercial Fishing Area,23.5,2,0,1,1,17.5,1.0,0,0,5
AINZL1611,New Zealand,Kenepuru Sound - Restricted Commercial Scallop Area,22.5,2,0,1,1,17.5,0.0,0,0,5
AINZL1612,New Zealand,"Nydia Bay, Pelorus Sound - Restricted Commercial Scallop Area",22.5,2,0,1,1,17.5,0.0,0,0,5
AINZL1613,New Zealand,Boulder Bank at Port Nelson - Restricted Commercial Scallop Area,25.0,2,0,1,1,17.5,2.5,0,0,5
AINZL1614,New Zealand,SCA7 and Port Underwood - Scallop Restricted Area,34.9,2,1,0,0,18.4,1.5,0,0,5
AINZL1615,New Zealand,Ngai Te Ruruku o Te Rangi,36.0,4,1,1,2,17.5,1.5,0,0,7
AINZL1616,New Zealand,The Paikea Whitireia Trust on behalf of Ngati Konohi,20.2,3,0,1,2,11.7,1.5,0,0,7
AINZL1617,New Zealand,Ngäitai Iwi,20.2,3,0,1,2,11.7,1.5,0,0,7
AINZL162,New Zealand,Kākāpōtahi Ecological Area,20.8,2,0,1,1,15.8,0.0,0,0,5
AINZL1620,New Zealand,Te Hika o Papauma,20.2,3,0,1,2,11.7,1.5,0,0,7
AINZL1621,New Zealand,Kaiaio Hapu,16.2,5,0,1,2,7.7,1.5,0,0,7
AINZL1622,New Zealand,"Tapaeururangi, as represented by the Potaka Marae Committee",20.2,3,0,1,2,11.7,1.5,0,0,7
AINZL1623,New Zealand,Te Whanau-a-Hunaara,16.2,5,0,1,2,7.7,1.5,0,0,7
AINZL1624,New Zealand,Ngā Hapū o Taimai ki Te Marangi,17.7,4,0,1,2,9.2,1.5,0,0,7
AINZL1625,New Zealand,"Ngäti Kinohaku, Ngäti Te Kanawa, Ngäti Peehi, as represented by Marokopa Marae",17.7,4,0,1,2,9.2,1.5,0,0,7
AINZL1627,New Zealand,Te Hika o Papauma,16.2,5,0,1,2,7.7,1.5,0,0,7
AINZL1628,New Zealand,"Ngaiterangi, Ngäti Ranginui, Ngäti Pukenga, as represented by the Tauranga Moana Iwi Customary Fisheries Working Committee",17.7,4,0,1,2,9.2,1.5,0,0,7
AINZL1629,New Zealand,"Ngä Hapu o Waimarama, Ngäti Hawea",20.2,3,0,1,2,11.7,1.5,0,0,7
AINZL163,New Zealand,Conservation Area - Mikonui River Mouth,20.8,2,0,1,1,15.8,0.0,0,0,5
AINZL1630,New Zealand,Te Runanga o Ngäti Awa,20.2,3,0,1,2,11.7,1.5,0,0,7
AINZL1631,New Zealand,Te Runanga o Ngäti Awa,40.7,3,1,1,1,22.2,1.5,0,0,7
AINZL1632,New Zealand,Te Hika o Papauma,17.7,4,0,1,2,9.2,1.5,0,0,7
AINZL1633,New Zealand,Te Hika o Papauma,15.2,6,0,1,2,6.7,1.5,0,0,7
AINZL1634,New Zealand,Ngäti Hinewaka me ona Kärangaranga,30.5,6,1,1,1,12.0,1.5,0,0,7
AINZL1635,New Zealand,Ngäi Hapu o Waimarama,35.6,4,1,1,1,17.1,1.5,0,0,7
AINZL1636,New Zealand,"Ngati Kinohaku, as represented by the Oparure Marae",17.7,4,0,1,2,9.2,1.5,0,0,7
AINZL1637,New Zealand,Ngäti Tähinga as represented by the Pukerewa Marae and the Weraroa Marae,16.2,5,0,1,2,7.7,1.5,0,0,7
AINZL1638,New Zealand,Nga Kaitiaki o Te Puaha,16.2,5,0,1,2,7.7,1.5,0,0,7
AINZL1639,New Zealand,Ngati Mahuta ki Taharoa,17.7,4,0,1,2,9.2,1.5,0,0,7
AINZL164,New Zealand,Conservation Area - Waitaha,20.8,2,0,1,1,15.8,0.0,0,0,5
AINZL1640,New Zealand,"Whanau, hapu and marae of Rongomaiwahine, as represented by the Mahia Maori Committee",35.6,4,1,1,1,17.1,1.5,0,0,7
AINZL1641,New Zealand,Ngai Tumapuhiarangi and Ngati Hamua as represented by the Tumapuhia Maori Marae Committee,16.2,5,0,1,2,7.7,1.5,0,0,7
AINZL1642,New Zealand,Ngati Pahauwera as represented by the Ngäti Pahauwera Development Group and Tiaki Trust,16.2,5,0,1,2,7.7,1.5,0,0,7
AINZL1643,New Zealand,Ngäti Tähinga as represented by the Te Akau Marae,20.2,3,0,1,2,11.7,1.5,0,0,7
AINZL1644,New Zealand,Patuharakeke,16.2,5,0,1,2,7.7,1.5,0,0,7
AINZL1645,New Zealand,Ngai Te Ruruku o Te Rangi,20.2,3,0,1,2,11.7,1.5,0,0,7
AINZL1646,New Zealand,Te Atihaunui a Paparangi and Nga Rauru,20.2,3,0,1,2,11.7,1.5,0,0,7
AINZL1647,New Zealand,Ngäti Te Ata,16.2,5,0,1,2,7.7,1.5,0,0,7
AINZL1648,New Zealand,Te Atihaunui a Paparangi and Nga Rauru,16.2,5,0,1,2,7.7,1.5,0,0,7
AINZL1649,New Zealand,Ngäti Tähinga,16.2,5,0,1,2,7.7,1.5,0,0,7
AINZL165,New Zealand,Conservation Area - Ounatai Lagoon,20.8,2,0,1,1,15.8,0.0,0,0,5
AINZL1650,New Zealand,Ngäti Tähinga as represented by the Te Akau Marae,17.7,4,0,1,2,9.2,1.5,0,0,7
AINZL1651,New Zealand,"Ngäti Hikairo, Ngäti Mahuta, Ngäti Maniapoto",16.2,5,0,1,2,7.7,1.5,0,0,7
AINZL1652,New Zealand,Ngäti Tamainupo as represented by Mai Uenuku ki Te Whenua Marae,16.2,5,0,1,2,7.7,1.5,0,0,7
AINZL1653,New Zealand,"Ngäti Mahanga, Ngä Toko Toru, Tamainupo and Tainui-Tähinga as represented by Aramiro, Mai Uenuku ki Te Whenua, Poihakena and Waingaro Marae",16.2,5,0,1,2,7.7,1.5,0,0,7
AINZL1654,New Zealand,"Kororareka, Ngäti Hine, Ngäti Kaua, Ngäti Kuta, Ngäti Manu, Ngäti Rahiri, Ngäti Rehia, Ngäti Torehina, Patukeha, Te Kapotai and Te Uri Karaka",17.7,4,0,1,2,9.2,1.5,0,0,7
AINZL1656,New Zealand,"Ngäti Kinohaku, Ngäti Te Kanawa, Ngäti Peehi, as represented by Marokopa Marae",17.7,4,0,1,2,9.2,1.5,0,0,7
AINZL1657,New Zealand,Te Hika o Papauma as represented by the Päpäuma Mäori Committee,17.7,4,0,1,2,9.2,1.5,0,0,7
AINZL1658,New Zealand,Ngäti Tähinga represented by Oraeroa Marae (as part of Ngä Kaitiaki o Te Puaha),17.7,4,0,1,2,9.2,1.5,0,0,7
AINZL1659,New Zealand,Te Arawa Waka Rohe Moana,35.6,4,1,1,1,17.1,1.5,0,0,7
AINZL166,New Zealand,Conservation Area - Ianthe Forest,20.8,2,0,1,1,15.8,0.0,0,0,5
AINZL1661,New Zealand,"Kahungunu ki te Matau a Maui;
Kahungunu ki Te Matau a Mäui acting for Ahuriri (Napier) and Heretaunga (Hastings) Marae and Hapu",17.7,4,0,1,2,9.2,1.5,0,0,7
AINZL1662,New Zealand,"Whanau, hapu and marae of Rongomaiwahine, as represented by the Mahia Maori Committee",35.6,4,1,1,1,17.1,1.5,0,0,7
AINZL1663,New Zealand,"Ngāti Kaihoro, Ngāti Torotoroa, Ngāti Kuri ki Rawhitiroa, Tahu Kai, and Te Popoto",35.6,4,1,1,1,17.1,1.5,0,0,7
AINZL1664,New Zealand,Te Whanau a Kauaetangohia Hapu,35.6,4,1,1,1,17.1,1.5,0,0,7
AINZL1665,New Zealand,Te Runanga o Makaawhio,40.7,3,1,1,1,22.2,1.5,0,0,7
AINZL1666,New Zealand,Te Runanga o Makaawhio,40.7,3,1,1,1,22.2,1.5,0,0,7
AINZL1667,New Zealand,Te Taumutu Runanga,20.2,3,0,1,2,11.7,1.5,0,0,7
AINZL1668,New Zealand,Wairewa Runanga,36.6,4,1,1,1,17.1,2.5,0,0,7
AINZL1669,New Zealand,Titahi-Ngaruahine as represented by Ouri Mäori Committee,17.7,4,0,1,2,9.2,1.5,0,0,7
AINZL167,New Zealand,Conservation Area - Wanganui Riverbed,20.8,2,0,1,1,15.8,0.0,0,0,5
AINZL1670,New Zealand,Ngāti Whakarara and Ngāti Hau,35.6,4,1,1,1,17.1,1.5,0,0,7
AINZL1671,New Zealand,"Te Whanau a Kauaetangohia Hapu and Tapaeururangi, as represented by the Potaka Marae Committee shared boundary",35.6,4,1,1,1,17.1,1.5,0,0,7
AINZL1672,New Zealand,Te Tai Hauāuru deepwater rohe moana,36.6,4,1,1,1,17.1,2.5,0,0,7
AINZL1673,New Zealand,Ngäi Tamanuhiri as represented by the Ngäi Tämanuhiri Whänui Charitable Trust,16.2,5,0,1,2,7.7,1.5,0,0,7
AINZL1674,New Zealand,Ngäi Tamanuhiri as represented by the Ngäi Tämanuhiri Whänui Charitable Trust,16.2,5,0,1,2,7.7,1.5,0,0,7
AINZL1675,New Zealand,Ngäi Tamanuhiri as represented by the Ngäi Tämanuhiri Whänui Charitable Trust,16.2,5,0,1,2,7.7,1.5,0,0,7
AINZL1676,New Zealand,Te Rünanga o Moeraki,36.6,4,1,1,1,17.1,2.5,0,0,7
AINZL1679,New Zealand,Te Uri O Hau,17.7,4,0,1,2,9.2,1.5,0,0,7
AINZL168,New Zealand,Conservation Area - Wanganui Forest,20.8,2,0,1,1,15.8,0.0,0,0,5
AINZL1680,New Zealand,Kaipara Ki Te Tonga,35.6,4,1,1,1,17.1,1.5,0,0,7
AINZL1681,New Zealand,Te Runanga o Waihao,36.6,4,1,1,1,17.1,2.5,0,0,7
AINZL1682,New Zealand,Te Ara and Ngati Kopaki,17.7,4,0,1,2,9.2,1.5,0,0,7
AINZL1683,New Zealand,"Ngāti Takapari, Te Waiariki, and Ngāti Korora",17.7,4,0,1,2,9.2,1.5,0,0,7
AINZL1684,New Zealand,Moriori and Ngäti Mutunga,16.2,5,0,1,2,7.7,1.5,0,0,7
AINZL1685,New Zealand,Te Harakeke O Te Awa Rohe Moana,17.7,4,0,1,2,9.2,1.5,0,0,7
AINZL1686,New Zealand,Te Hikutu Hapū Rohe Moana,17.7,4,0,1,2,9.2,1.5,0,0,7
AINZL1687,New Zealand,Porirua Harbour - Restricted Commercial Fishing Area,22.5,2,0,1,1,17.5,0.0,0,0,5
AINZL1688,New Zealand,Pukerua Bay - Restricted Commercial Fishing Area,6.5,2,0,0,2,3.5,1.0,0,0,2
AINZL1689,New Zealand,Separation Point - Restricted Commercial Fishing Area,26.5,2,0,1,1,17.5,4.0,0,0,5
AINZL169,New Zealand,Conservation Area - Poerua River Mouth,20.8,2,0,1,1,15.8,0.0,0,0,5
AINZL1690,New Zealand,Hautai - Restricted Commercial Fishing Area,40.4,2,1,0,0,18.4,5.0,0,0,5
AINZL1691,New Zealand,Punakaiki South - Restricted Commercial Fishing Area,40.2,2,1,0,1,19.2,4.0,0,0,5
AINZL1692,New Zealand,Punakaiki North - Restricted Commercial Fishing Area,40.2,2,1,0,1,19.2,4.0,0,0,5
AINZL1694,New Zealand,Oriental Bay - Restricted Commercial Fishing Area,23.5,2,0,1,1,17.5,1.0,0,0,5
AINZL1695,New Zealand,Chatham Islands shellfish fishery - Restricted Commercial Shellfish Area,44.0,6,1,3,1,22.5,2.5,0,0,9
AINZL1696,New Zealand,Kaipara Harbour entrance - Dredging for tuatua allowed - Fisheries (Auckland and Kermadec Areas Commercial Fishing) Regulations 1986: 4A (3) - CFR0530,20.6,4,0,1,1,9.6,4.0,0,0,7
AINZL1697,New Zealand,Cook Strait - Subarine Cables and Pipelines Protection Area,29.4,5,1,0,0,8.4,4.0,0,0,7
AINZL1698,New Zealand,Motu River - Restricted Commercial Fishing Area ,22.8,3,0,1,1,12.2,3.5,0,0,7
AINZL1699,New Zealand,Wairoa Hard - Restricted Fishing Area,34.2,2,1,0,1,19.2,0.0,0,0,5
AINZL17,New Zealand,Antipodes Transect Benthic Protection Area,45.6,5,2,1,0,19.6,7.0,0,0,7
AINZL170,New Zealand,Saltwater Ecological Area,20.8,2,0,1,1,15.8,0.0,0,0,5
AINZL1700,New Zealand,Croisilles Harbour - Restricted Commercial Fishing Area ,32.6,4,0,3,1,23.6,2.0,0,0,7
AINZL1701,New Zealand,Maud Island - Restricted Commercial Fishing Area ,34.2,2,1,0,1,19.2,0.0,0,0,5
AINZL1702,New Zealand,Pelorus Sound - Restricted Commercial Fishing Area ,21.8,2,0,1,1,15.8,1.0,0,0,5
AINZL1703,New Zealand,Greville Harbour - Restricted Commercial Fishing Area ,34.5,4,0,3,1,24.5,3.0,0,0,7
AINZL1704,New Zealand,Nelson Harbour/Waimea Estuary - Restricted Commercial Fishing Area ,24.5,2,0,1,1,17.5,2.0,0,0,5
AINZL1705,New Zealand,Kawhia Harbour - Restricted Commercial Fishing Area ,30.6,4,0,2,1,17.1,6.5,0,0,7
AINZL1706,New Zealand,Aotea Harbour - Restricted Commercial Fishing Area ,30.6,4,0,2,1,17.1,6.5,0,0,7
AINZL1707,New Zealand,Raglan Harbour - Restricted Commercial Fishing Area ,30.6,4,0,2,1,17.1,6.5,0,0,7
AINZL1708,New Zealand,Tauranga Harbour - Drag Netting Restricted Area,22.8,3,0,1,1,12.2,3.5,0,0,7
AINZL1709,New Zealand,Mangawhai Harbour - Restricted Commercial Fishing Area ,30.6,4,0,2,1,17.1,6.5,0,0,7
AINZL171,New Zealand,Conservation Area - Kokatahi / Hokitika Riverbed,20.8,2,0,1,1,15.8,0.0,0,0,5
AINZL1710,New Zealand,Snake Bank - Restricted Commercial Fishing Area,10.4,3,0,0,2,2.9,3.5,0,0,4
AINZL1711,New Zealand,Whangarei Harbour and Snake Bank - Restricted Commercial Fishing Area,23.8,3,0,1,1,12.2,2.5,0,0,9
AINZL1712,New Zealand,Wellington Harbour - Restricted Commercial Fishing Area,37.0,4,0,3,1,24.5,5.5,0,0,7
AINZL1713,New Zealand,Kaiapoi River upstream from Williams Street Bridge - Restricted Commercial Fishing Area,21.8,2,0,1,1,15.8,1.0,0,0,5
AINZL1714,New Zealand,Queen Charlotte Sound - Restricted Commercial Fishing Area,35.7,5,0,4,1,25.2,3.5,0,0,7
AINZL1715,New Zealand,Kaiapoi River downstream from Williams Street Bridge - Restricted Commercial Fishing Area,21.8,2,0,1,1,15.8,1.0,0,0,5
AINZL1716,New Zealand,Lake Ellesmere (Te Waihora) - Restricted Commercial Fishing Area,15.0,4,0,0,4,3.5,5.5,0,0,6
AINZL1717,New Zealand,Waimakariri River - Restricted Commercial Fishing Area,21.8,2,0,1,1,15.8,1.0,0,0,5
AINZL1718,New Zealand,Lake Ellesmere (Te Waihora) streams or rivers - Restricted Commercial Fishing Area,6.5,1,0,0,1,3.5,1.0,0,0,2
AINZL1719,New Zealand,Lake Ellesmere (Te Waihora) streams or river mouth with 1.2km radius - Restricted Commercial Fishing Area,25.5,2,0,1,1,17.5,3.0,0,0,5
AINZL172,New Zealand,Conservation Area - Waikouaiti River Mouth,20.8,2,0,1,1,15.8,0.0,0,0,5
AINZL1720,New Zealand,Catlins Lake - Restricted Commercial Fishing Area,23.5,2,0,1,1,17.5,1.0,0,0,5
AINZL1721,New Zealand,Slope Point to Sand Hill Point - Restricted Commercial Fishing Area,36.8,2,1,0,1,19.2,2.5,0,0,5
AINZL1722,New Zealand,Maunganui Bluff to Tirua Point - Restricted Commercial Fishing Area  ,22.8,3,0,1,1,12.2,3.5,0,0,7
AINZL1723,New Zealand,Tirua Point to Waiwhakaiho River - Restricted Commercial Fishing Area,36.8,2,1,0,1,19.2,2.5,0,0,5
AINZL1724,New Zealand,Clarence Point to Slope Point - Restricted Commercial Fishing Area,36.8,2,1,0,1,19.2,2.5,0,0,5
AINZL1725,New Zealand,Akaroa Head to Waitaki River - Taking of beach cast seaweed permitted - Fisheries (Beach Cast Seaweed Area Prohibition) Notice 2002: 4 - CFR0556,8.4,3,0,0,2,2.9,1.5,0,0,4
AINZL1726,New Zealand,Farewell Spit to Cape Soucis - Restricted Commercial Fishing Area,36.8,2,1,0,1,19.2,2.5,0,0,5
AINZL1727,New Zealand,Hawera to Wellington - Restricted Commercial Fishing Area,36.8,2,1,0,1,19.2,2.5,0,0,5
AINZL1728,New Zealand,Waiwhakaiho River to Hawera - Restricted Commercial Fishing Area,36.8,2,1,0,1,19.2,2.5,0,0,5
AINZL1729,New Zealand,Cape Reinga - Restricted Commercial Fishing Area,22.8,3,0,1,1,12.2,3.5,0,0,7
AINZL173,New Zealand,Conservation Area - Hokitika Area Workshop,20.8,2,0,1,1,15.8,0.0,0,0,5
AINZL1730,New Zealand,Cape Reinga to Maunganui Bluff - Restricted Commercial Fishing Area,22.8,3,0,1,1,12.2,3.5,0,0,7
AINZL1731,New Zealand,Three Kings Islands - Restricted Commercial Fishing Area,22.8,3,0,1,1,12.2,3.5,0,0,7
AINZL1732,New Zealand,Farewell Spit Lighthouse to Awarua Point - Restricted Commercial Fishing Area,38.8,2,1,0,1,19.2,2.5,0,0,7
AINZL1733,New Zealand,Clarence Point to Cape Jackson - Restricted Commercial Fishing Area,36.8,2,1,0,1,19.2,2.5,0,0,5
AINZL1734,New Zealand,Clarence Point to Cape Jackson - Trawling prohibited - Fisheries (Challenger Area Commercial Fishing) Regulations 1986: 4 (1) - CFR0132,38.9,2,1,0,0,18.4,3.5,0,0,5
AINZL1735,New Zealand,Cape Runaway - Restricted Commercial Fishing Area,29.6,4,0,2,1,17.1,5.5,0,0,7
AINZL1736,New Zealand,Tamaki River and Panmure Basin - Restricted Commercial Fishing Area ,22.8,3,0,1,1,12.2,3.5,0,0,7
AINZL1737,New Zealand,"Mercury Islands, Red Mercury Island - Restricted Commercial Fishing Area ",22.8,3,0,1,1,12.2,3.5,0,0,7
AINZL1738,New Zealand,"Mercury Islands, Great Mercury Island - Restricted Commercial Fishing Area ",22.8,3,0,1,1,12.2,3.5,0,0,7
AINZL1739,New Zealand,Cape Colville - Restricted Commercial Fishing Area ,22.8,3,0,1,1,12.2,3.5,0,0,7
AINZL174,New Zealand,Conservation Area Wainono Lagoon Foreshore,20.8,2,0,1,1,15.8,0.0,0,0,5
AINZL1740,New Zealand,Channel Island - Restricted Commercial Fishing Area ,22.8,3,0,1,1,12.2,3.5,0,0,7
AINZL1741,New Zealand,"Great Barrier Island, Cape Barrier - Restricted Commercial Fishing Area ",22.8,3,0,1,1,12.2,3.5,0,0,7
AINZL1742,New Zealand,"Great Barrier Island, Rakitu (Arid) Island - Restricted Commercial Fishing Area ",22.8,3,0,1,1,12.2,3.5,0,0,7
AINZL1743,New Zealand,"Great Barrier Island, Miners Head to Needle Point - Restricted Commercial Fishing Area ",22.8,3,0,1,1,12.2,3.5,0,0,7
AINZL1744,New Zealand,Little Barrier Island - Restricted Commercial Fishing Area ,22.8,3,0,1,1,12.2,3.5,0,0,7
AINZL1745,New Zealand,Simpson Rock - Restricted Commercial Fishing Area ,22.8,3,0,1,1,12.2,3.5,0,0,7
AINZL1746,New Zealand,"Hen and Chicken Islands, Marotere (Chickens) Islands - Restricted Commercial Fishing Area ",22.8,3,0,1,1,12.2,3.5,0,0,7
AINZL1747,New Zealand,"Hen and Chicken Islands, Taranga (Hen) Island - Restricted Commercial Fishing Area ",22.8,3,0,1,1,12.2,3.5,0,0,7
AINZL1748,New Zealand,"Bay of Islands, Twins Rock - Restricted Commercial Fishing Area ",22.8,3,0,1,1,12.2,3.5,0,0,7
AINZL1749,New Zealand,"Bay of Islands, Whale Rock - Restricted Commercial Fishing Area ",22.8,3,0,1,1,12.2,3.5,0,0,7
AINZL175,New Zealand,Milford Lagoon Conservation Area,20.8,2,0,1,1,15.8,0.0,0,0,5
AINZL1750,New Zealand,"Bay of Islands, Cape Wiwiki - Restricted Commercial Fishing Area ",22.8,3,0,1,1,12.2,3.5,0,0,7
AINZL1753,New Zealand,Cape Runaway to Potikirua Point - Restricted Commercial Fishing Area ,32.2,3,0,2,1,22.2,3.0,0,0,7
AINZL1754,New Zealand,Estuary of the Heathcote and Avon Rivers Ihutai - Restricted Commercial Fishing Area,36.8,2,1,0,1,19.2,2.5,0,0,5
AINZL1755,New Zealand,Mayor (Tuhua) Island - Restricted Commercial Fishing Area ,24.8,3,0,1,1,12.2,5.5,0,0,7
AINZL1756,New Zealand,Port Chalmers - Restricted Commercial Fishing Area ,23.5,2,0,1,1,17.5,1.0,0,0,5
AINZL1757,New Zealand,Upper Otago Harbour - Restricted Commercial Fishing Area ,23.5,2,0,1,1,17.5,1.0,0,0,5
AINZL1758,New Zealand,Poor Knights Islands - Restricted Commercial Fishing Area ,23.6,2,0,1,0,16.6,2.0,0,0,5
AINZL1759,New Zealand,Poor Knights Islands - Restricted Commercial Fishing Area ,21.8,3,0,1,1,12.2,2.5,0,0,7
AINZL176,New Zealand,Conservation Area - Ōpārara River Lagoon,20.8,2,0,1,1,15.8,0.0,0,0,5
AINZL1760,New Zealand,Mangonui Harbour - Restricted Commercial Fishing Area,25.8,3,0,1,1,12.2,6.5,0,0,7
AINZL1761,New Zealand,Long Point to Bruce Bay (Heretanewha Point) - Commercial Rock Lobster Tailing Area,22.2,2,0,1,1,15.8,1.5,0,0,5
AINZL1762,New Zealand,"Quota Management Area PAU5A, Quota Management Area PAU5B, and Quota Management Area PAU5D - Restricted Commercial Paua Areas",24.0,2,0,1,1,17.5,1.5,0,0,5
AINZL1763,New Zealand,Southland Fishery Management Area - Restricted Commercial Fishing Area,28.2,2,0,1,1,15.8,5.5,0,0,7
AINZL1764,New Zealand,Cape Runaway to Castlepoint - Restricted Commercial Fishing Area,25.5,2,0,1,1,17.5,3.0,0,0,5
AINZL1765,New Zealand,Part FMA3 South of Quota Management Area CRA7 ,21.4,2,0,1,0,14.9,1.5,0,0,5
AINZL1766,New Zealand,Wharekauri Island and Pitt Island in the Chatham Island - Restricted Commercial Fishing Area,24.5,2,0,1,1,17.5,2.0,0,0,5
AINZL1767,New Zealand,Bounty Islands - Restricted Commercial Fishing Area,38.2,2,1,0,1,19.2,2.0,0,0,5
AINZL1768,New Zealand,Bay of Plenty - Restricted Commercial Fishing Area ,24.8,3,0,1,1,12.2,5.5,0,0,7
AINZL1769,New Zealand,Challenger (West) - Restricted Commercial Fishing Area ,27.5,2,0,1,1,17.5,5.0,0,0,5
AINZL177,New Zealand,Conservation Area - Karamea Estuary,20.8,2,0,1,1,15.8,0.0,0,0,5
AINZL1770,New Zealand,Banks - Restricted Commercial Fishing Area ,9.1,2,0,0,1,2.6,2.5,0,0,4
AINZL1771,New Zealand,Quota Management Area 7B - Restricted Commercial Cockle Area,34.2,2,1,0,1,19.2,0.0,0,0,5
AINZL1772,New Zealand,Cape Runaway to Tuaheni Point - Taking of beach cast seaweed permitted - Fisheries (Beach Cast Seaweed Area Prohibition) Notice 2002: 4 - CFR0553,8.4,3,0,0,2,2.9,1.5,0,0,4
AINZL1773,New Zealand,Tirua Point to Cape Runaway - Restricted Commercial Fishing Area ,25.4,2,0,1,0,14.9,5.5,0,0,5
AINZL1774,New Zealand,Māui Dolphin Habitat Zone,6.1,2,0,0,1,2.6,1.5,0,0,2
AINZL1775,New Zealand,Māui Dolphin Habitat Zone - Coastal waters,6.1,2,0,0,1,2.6,1.5,0,0,2
AINZL1776,New Zealand,Ninety Mile Beach - Restricted Green-Lipped Mussel Spat Catch Area,23.5,2,0,1,1,17.5,0.0,0,0,6
AINZL1777,New Zealand,Maunganui Bluff to Pariokariwa Point - Hector's and Māui Dolphin Monitoring Area,5.6,2,0,0,1,2.6,1.0,0,0,2
AINZL1778,New Zealand,Auckland Fisheries Areas 005-006 - Restricted Commercial Fishing Area ,24.8,3,0,1,1,12.2,5.5,0,0,7
AINZL1779,New Zealand,Auckland Fisheries Area (part 005) - Restricted Commercial Fishing Area ,23.6,3,0,1,1,11.1,5.5,0,0,7
AINZL178,New Zealand,Conservation Area - Kongahu,20.8,2,0,1,1,15.8,0.0,0,0,5
AINZL1780,New Zealand,Auckland Fisheries Area 006 (part) - Restricted Commercial Fishing Area ,24.8,3,0,1,1,12.2,5.5,0,0,7
AINZL1781,New Zealand,Auckland Fisheries Area 005 south of the latitude 36°09.930'S - Restricted Commercial Fishing Area ,34.9,5,1,0,1,7.4,8.5,0,0,7
AINZL1782,New Zealand,Auckland Fisheries Area 006 (Hauraki Gulf) - Restricted Commercial Fishing Area ,34.9,5,1,0,1,7.4,8.5,0,0,7
AINZL1783,New Zealand,Auckland Fisheries Area 006 - Restricted Commercial Fishing Area ,24.8,3,0,1,1,12.2,5.5,0,0,7
AINZL1784,New Zealand,Maunganui Bluff to Tirua Point - Restricted Commercial Fishing Area ,36.9,3,1,0,1,13.4,4.5,0,0,7
AINZL1785,New Zealand,Great Barrier Island - Taking of beach cast seaweed permitted - Fisheries (Beach Cast Seaweed Area Prohibition) Notice 2002: 4 - CFR0550,8.4,3,0,0,2,2.9,1.5,0,0,4
AINZL1787,New Zealand,Tryphena Harbour and Schooner Bay - Scallop Restricted Area,21.8,3,0,1,1,12.2,2.5,0,0,7
AINZL1788,New Zealand,Tryphena Harbour - Restricted Commercial Fishing Area ,30.6,4,0,2,1,17.1,6.5,0,0,7
AINZL1789,New Zealand,Blind Bay - Scallop Restricted Area,21.8,3,0,1,1,12.2,2.5,0,0,7
AINZL1790,New Zealand,Whangaparapara Harbour - Restricted Commercial Fishing Area & Scallop Restricted Area,30.6,4,0,2,1,17.1,6.5,0,0,7
AINZL1791,New Zealand,Port Abercrombie and Port Fitzroy - Restricted Commercial Fishing Area & Scallop Restricted Area,30.6,4,0,2,1,17.1,6.5,0,0,7
AINZL1792,New Zealand,Kahokawa Beach to Tirua Point - Taking of beach cast seaweed permitted - Fisheries (Beach Cast Seaweed Area Prohibition) Notice 2002: 4 - CFR0562,8.4,3,0,0,2,2.9,1.5,0,0,4
AINZL1793,New Zealand,West Auckland coast - Restricted Commercial Fishing Area,23.8,3,0,1,1,12.2,4.5,0,0,7
AINZL1794,New Zealand,Scott Point to Maunganui Bluff - Restricted Commercial Fishing Area,36.9,3,1,0,1,13.4,4.5,0,0,7
AINZL1795,New Zealand,Houhora Heads to Cape Wiwiki - Taking of beach cast seaweed permitted - Fisheries (Beach Cast Seaweed Area Prohibition) Notice 2002: 4 - CFR0547,8.4,3,0,0,2,2.9,1.5,0,0,4
AINZL1796,New Zealand,Doubtless Bay - Scallop Restricted Area,21.8,3,0,1,1,12.2,2.5,0,0,7
AINZL1797,New Zealand,Doubtless Bay - Trawling and Danish seining prohibited - Fisheries (Auckland and Kermadec Areas Commercial Fishing) Regulations 1986: 4 (c) - CFR0012,24.8,3,0,1,1,12.2,5.5,0,0,7
AINZL1798,New Zealand,Whangaroa Harbour - Restricted Commercial Fishing Area,24.8,3,0,1,1,12.2,5.5,0,0,7
AINZL1799,New Zealand,Cape Brett to Pakiri River - Taking of beach cast seaweed permitted - Fisheries (Beach Cast Seaweed Area Prohibition) Notice 2002: 4 - CFR0548,8.4,3,0,0,2,2.9,1.5,0,0,4
AINZL18,New Zealand,Bounty Heritage Benthic Protection Area,45.6,5,2,1,0,19.6,7.0,0,0,7
AINZL180,New Zealand,Conservation Area - Little Wanganui River Head,20.8,2,0,1,1,15.8,0.0,0,0,5
AINZL1800,New Zealand,Rangaunu Bay - Restricted Commercial Fishing Area,24.8,3,0,1,1,12.2,5.5,0,0,7
AINZL1801,New Zealand,North Island - Restricted Commercial Fishing Area,52.4,4,3,0,1,25.4,3.0,0,0,7
AINZL1802,New Zealand,lower North Island - Restricted Commercial Fishing Area,24.5,2,0,1,1,17.5,2.0,0,0,5
AINZL1803,New Zealand,Hokianga Harbour - Restricted Commercial Fishing Area,24.8,3,0,1,1,12.2,5.5,0,0,7
AINZL1804,New Zealand,Whangarei–Bream Bay - Restricted Commercial Fishing Area,24.8,3,0,1,1,12.2,5.5,0,0,7
AINZL1806,New Zealand,"
Whangarei Harbour - Scallop Restricted Area",21.8,3,0,1,1,12.2,2.5,0,0,7
AINZL1807,New Zealand,Whangarei Harbour - Restricted Commercial Fishing Area,25.8,3,0,1,1,12.2,6.5,0,0,7
AINZL1808,New Zealand,"PPI1A Mair Bank, Whangarei Harbour - Commercial Pipi Hand Gathering Area",9.4,3,0,0,2,2.9,2.5,0,0,4
AINZL1809,New Zealand,Snake Bank - Commercial Cockle Hand Gathering Area,9.4,3,0,0,2,2.9,2.5,0,0,4
AINZL181,New Zealand,Conservation Area - Utopia Road,20.8,2,0,1,1,15.8,0.0,0,0,5
AINZL1810,New Zealand,Marsden Bank and Mair Bank - Closed Pipi Fishery Area,34.2,2,1,0,1,19.2,0.0,0,0,5
AINZL1811,New Zealand,North Rodney - Restricted Commercial Fishing Area,24.8,3,0,1,1,12.2,5.5,0,0,7
AINZL1812,New Zealand,Manukau Harbour - Trawl Net/Danish Seine Restricted Area,24.8,3,0,1,1,12.2,5.5,0,0,7
AINZL1813,New Zealand,Inner Manukau Harbour - Ring Net Exemption Area,8.0,2,0,0,2,3.5,2.5,0,0,2
AINZL1814,New Zealand,Karekare Beach - Commercial Shellfish Restricted Area,32.9,3,1,0,1,13.4,2.5,0,0,7
AINZL1815,New Zealand,"Auckland fisheries area (007, 006, part 005) - Restricted Commercial Fishing Area",24.8,3,0,1,1,12.2,5.5,0,0,7
AINZL1816,New Zealand,Hauraki Gulf (including the Firth of Thames) - Restricted Commercial Fishing Area,24.8,3,0,1,1,12.2,5.5,0,0,7
AINZL1817,New Zealand,Whangateau Harbour - Restricted Commercial Fishing Area & Closed Cockle and Pipi Harvest Area,41.4,4,1,1,1,17.9,6.5,0,0,7
AINZL1818,New Zealand,Omaha Bay - Scallop Restricted Area,21.8,3,0,1,1,12.2,2.5,0,0,7
AINZL1819,New Zealand,Inner Hauraki Gulf - Scallop Restricted Area,21.8,3,0,1,1,12.2,2.5,0,0,7
AINZL182,New Zealand,Conservation Area - Orowaiti River Mouth,20.8,2,0,1,1,15.8,0.0,0,0,5
AINZL1820,New Zealand,Mahurangi Harbour - Restricted Commercial Fishing Area,25.8,3,0,1,1,12.2,6.5,0,0,7
AINZL1821,New Zealand,Bon Accord Harbour - Restricted Commercial Fishing Area,25.8,3,0,1,1,12.2,6.5,0,0,7
AINZL1822,New Zealand,Toroa Point to Cockle Bay - Taking of beach cast seaweed permitted - Fisheries (Beach Cast Seaweed Area Prohibition) Notice 2002: 4 - CFR0549,8.4,3,0,0,2,2.9,1.5,0,0,4
AINZL1823,New Zealand,Auckland Harbour - Restricted Commercial Fishing Area,25.8,3,0,1,1,12.2,6.5,0,0,7
AINZL1824,New Zealand,Tamaki Estuary - Restricted Commercial Fishing Area,25.8,3,0,1,1,12.2,6.5,0,0,7
AINZL1825,New Zealand,Cockle Bay - Shellfish Closure Area,34.9,2,1,0,0,18.4,1.5,0,0,5
AINZL1826,New Zealand,Orere Point to Kaiaua - Taking of beach cast seaweed permitted - Fisheries (Beach Cast Seaweed Area Prohibition) Notice 2002: 4 - CFR0551,8.4,3,0,0,2,2.9,1.5,0,0,4
AINZL1827,New Zealand,Waikato River mouth - Restricted Commercial Fishing Area,24.8,3,0,1,1,12.2,5.5,0,0,7
AINZL1828,New Zealand,"Kennedy Bay, Whangapoua Harbour, Opito Bay, and adjacent waters - Restricted Commercial Fishing Area",24.8,3,0,1,1,12.2,5.5,0,0,7
AINZL1829,New Zealand,Tararu to Cape Runaway - Taking of beach cast seaweed permitted - Fisheries (Beach Cast Seaweed Area Prohibition) Notice 2002: 4 - CFR0552,8.4,3,0,0,2,2.9,1.5,0,0,4
AINZL183,New Zealand,Conservation Area - Buller River Mouth,20.8,2,0,1,1,15.8,0.0,0,0,5
AINZL1830,New Zealand,Manaia Harbour - Restricted Commercial Fishing Area,25.8,3,0,1,1,12.2,6.5,0,0,7
AINZL1831,New Zealand,Te Kouma Harbour - Restricted Commercial Fishing Area,25.8,3,0,1,1,12.2,6.5,0,0,7
AINZL1832,New Zealand,Coromandel Harbour - Restricted Commercial Fishing Area,25.8,3,0,1,1,12.2,6.5,0,0,7
AINZL1833,New Zealand,Tairua/Pauanui - Restricted Commercial Fishing Area,24.8,3,0,1,1,12.2,5.5,0,0,7
AINZL1834,New Zealand,Tairua Harbour - Restricted Commercial Fishing Area,25.8,3,0,1,1,12.2,6.5,0,0,7
AINZL1835,New Zealand,Homunga Bay to Cape Runaway - Restricted Commercial Fishing Area,24.8,3,0,1,1,12.2,5.5,0,0,7
AINZL1836,New Zealand,Whakatane Harbour - Restricted Commercial Fishing Area,25.8,3,0,1,1,12.2,6.5,0,0,7
AINZL1837,New Zealand,Ohiwa Harbour - Restricted Commercial Fishing Area,23.6,4,0,1,2,10.1,6.5,0,0,7
AINZL1838,New Zealand,Raglan Harbour - Restricted Commercial Fishing Area,24.8,3,0,1,1,12.2,5.5,0,0,7
AINZL1839,New Zealand,Aotea Harbour - Restricted Commercial Fishing Area,24.8,3,0,1,1,12.2,5.5,0,0,7
AINZL184,New Zealand,Conservation Area - Omau Beach,20.8,2,0,1,1,15.8,0.0,0,0,5
AINZL1840,New Zealand,Kawhia Harbour - Restricted Commercial Fishing Area,24.8,3,0,1,1,12.2,5.5,0,0,7
AINZL1841,New Zealand,Central National Parks - Restricted Commercial Eel Areas,4.6,2,0,0,1,2.6,0.0,0,0,2
AINZL1842,New Zealand,Tirua Point to Patea River - Taking of beach cast seaweed permitted - Fisheries (Beach Cast Seaweed Area Prohibition) Notice 2002: 4 - CFR0561,8.4,3,0,0,2,2.9,1.5,0,0,4
AINZL1843,New Zealand,Tirua Point to Pariokariwa Point - Restricted Commercial Fishing Area,39.8,2,1,0,1,19.2,3.5,0,0,5
AINZL1844,New Zealand,Wairoa Estuary to Turakirae Head - Taking of beach cast seaweed permitted - Fisheries (Beach Cast Seaweed Area Prohibition) Notice 2002: 4 - CFR0554,8.4,3,0,0,2,2.9,1.5,0,0,4
AINZL1845,New Zealand,Waipatiki Stream to Cape Kidnappers - Restricted Commercial Fishing Area,25.5,2,0,1,1,17.5,3.0,0,0,5
AINZL1846,New Zealand,Petane Beach to Ahuriri Bluff - Restricted Commercial Fishing Area,25.5,2,0,1,1,17.5,3.0,0,0,5
AINZL1847,New Zealand,Ahuriri Bluff to Tuki Tuki River mouth - Restricted Commercial Fishing Area,25.5,2,0,1,1,17.5,3.0,0,0,5
AINZL1848,New Zealand,Porongahau Estuary - Prohibited Commercial Seaweed Area,22.5,2,0,1,1,17.5,0.0,0,0,5
AINZL1849,New Zealand,Herbertville Beach - Prohibited Commercial Seaweed Area,22.5,2,0,1,1,17.5,0.0,0,0,5
AINZL185,New Zealand,Conservation Area - Cape Foulwind beach,20.8,2,0,1,1,15.8,0.0,0,0,5
AINZL1850,New Zealand,Owahanga River - Prohibited Commercial Seaweed Area,22.5,2,0,1,1,17.5,0.0,0,0,5
AINZL1851,New Zealand,Castlepoint - Prohibited Commercial Seaweed Area,22.5,2,0,1,1,17.5,0.0,0,0,5
AINZL1852,New Zealand,Cape Palliser - Prohibited Commercial Seaweed Area,22.5,2,0,1,1,17.5,0.0,0,0,5
AINZL1853,New Zealand,Waikanae River mouth - Restricted Commercial Shellfish Area,24.0,2,0,1,1,17.5,1.5,0,0,5
AINZL1854,New Zealand,Paraparaumu Beach to Porirua Harbour - Restricted Commercial Kina Area,22.5,2,0,1,1,17.5,0.0,0,0,5
AINZL1855,New Zealand,Porirua Harbour to Rock Point - Restricted Commercial Kina Area,22.5,2,0,1,1,17.5,0.0,0,0,5
AINZL1856,New Zealand,Porirua Harbour - Restricted Commercial Fishing Area,24.5,2,0,1,1,17.5,2.0,0,0,5
AINZL1857,New Zealand,South Island - Restricted Commercial Fishing Area,39.2,2,1,0,1,19.2,3.0,0,0,5
AINZL1858,New Zealand,Cape Jackson - Restricted Commercial Fishing Area,39.8,2,1,0,1,19.2,3.5,0,0,5
AINZL1859,New Zealand,The Brothers Islands - Restricted Commercial Fishing Area,23.5,2,0,1,1,17.5,1.0,0,0,5
AINZL186,New Zealand,Conservation Area - Tauranga Bay Accretion,20.8,2,0,1,1,15.8,0.0,0,0,5
AINZL1860,New Zealand,Marlborough Sounds - Restricted Commercial Fishing Area,54.0,1,1,0,0,35.0,2.0,0,0,7
AINZL1861,New Zealand,Catherines Cove - Restricted Commercial Fishing Area,45.4,4,1,2,1,25.4,3.0,0,0,7
AINZL1862,New Zealand,Manuwhakapakapa Harbour - Restricted Commercial Fishing Area,45.4,4,1,2,1,25.4,3.0,0,0,7
AINZL1863,New Zealand,Admiralty Bay - Restricted Commercial Fishing Area,45.4,4,1,2,1,25.4,3.0,0,0,7
AINZL1864,New Zealand,Quota Management Area 7a (part) - Restricted Commercial Cockle Area,34.2,2,1,0,1,19.2,0.0,0,0,5
AINZL1865,New Zealand,Tasman Bay - Restricted Commercial Fishing Area,28.6,2,0,1,0,16.6,7.0,0,0,5
AINZL1866,New Zealand,Pakawau Beach - Commercial Cockle Area,4.6,2,0,0,1,2.6,0.0,0,0,2
AINZL1867,New Zealand,Golden Bay - Restricted Commercial Fishing Area,26.5,2,0,1,1,17.5,2.0,0,0,7
AINZL1868,New Zealand,French Pass to Clarence River - Taking of beach cast seaweed permitted - Fisheries (Beach Cast Seaweed Area Prohibition) Notice 2002: 4 - CFR0560,8.4,3,0,0,2,2.9,1.5,0,0,4
AINZL1869,New Zealand,Pelorus Sound - Restricted Commercial Fishing Area,12.0,2,0,0,2,3.5,4.5,0,0,4
AINZL187,New Zealand,Conservation Area - Ōkari Lagoon,20.8,2,0,1,1,15.8,0.0,0,0,5
AINZL1870,New Zealand,Cape Jackson to Little Waikawa Bay (Kaikanohi) - Restricted Commercial Fishing Area,23.5,2,0,1,1,17.5,1.0,0,0,5
AINZL1871,New Zealand,White Rocks - Restricted Commercial Fishing Area,23.5,2,0,1,1,17.5,1.0,0,0,5
AINZL1872,New Zealand,Motungarara Island - Restricted Commercial Fishing Area,23.5,2,0,1,1,17.5,1.0,0,0,5
AINZL1873,New Zealand,Cooper Point to Deep Bay - Restricted Commercial Fishing Area,23.5,2,0,1,1,17.5,1.0,0,0,5
AINZL1874,New Zealand,Onauku Bay - Restricted Commercial Shellfish Area,22.5,2,0,1,1,17.5,0.0,0,0,5
AINZL1875,New Zealand,Pelorus Sound - Restricted Commercial Fishing Area,45.4,4,1,2,1,25.4,3.0,0,0,7
AINZL1876,New Zealand,Port Underwood - Restricted Commercial Fishing Area,38.5,4,0,3,1,24.5,7.0,0,0,7
AINZL1877,New Zealand,Pelorus Sound (part) - Restricted Commercial Fishing Area,24.5,2,0,1,1,17.5,2.0,0,0,5
AINZL1878,New Zealand,Wainui Bay - Restricted Commercial Fishing Area,45.4,4,1,2,1,25.4,3.0,0,0,7
AINZL1879,New Zealand,Tapu Bay - Commercial Cockle Area,5.5,2,0,0,2,3.5,0.0,0,0,2
AINZL1880,New Zealand,Conway River to Marfells Beach - Shellfish and Seaweed Harvest Closure Area,27.5,4,1,0,1,10.5,0.0,0,0,7
AINZL1881,New Zealand,Cape Campbell to Needles Point - Restricted Commercial Fishing Area,23.5,2,0,1,1,17.5,1.0,0,0,5
AINZL1882,New Zealand,Banks Peninsula Salmon Conservation Area,13.5,2,0,0,2,3.5,6.0,0,0,4
AINZL1883,New Zealand,South Island - Restricted Commercial Fishing Area,52.4,4,3,0,1,25.4,3.0,0,0,7
AINZL1884,New Zealand,Quota Management Area 3 (1 nm from land) ,23.5,2,0,1,1,17.5,1.0,0,0,5
AINZL1885,New Zealand,Quota Management Area 3 & Quota Management Area 4 National Parks,37.5,1,0,1,0,31.5,1.0,0,0,5
AINZL1886,New Zealand,Clarence Point to Slope Point - Restricted Commercial Fishing Area,39.8,2,1,0,1,19.2,3.5,0,0,5
AINZL1887,New Zealand,Haumuri Bluffs to Waipara River - Taking of beach cast seaweed permitted - Fisheries (Beach Cast Seaweed Area Prohibition) Notice 2002: 4 - CFR0555,8.4,3,0,0,2,2.9,1.5,0,0,4
AINZL1888,New Zealand,Waiau River Mouth - Restricted Commercial Fishing Area,26.5,2,0,1,1,17.5,2.0,0,0,7
AINZL1889,New Zealand,Hurunui River Mouth - Restricted Commercial Fishing Area,26.5,2,0,1,1,17.5,2.0,0,0,7
AINZL189,New Zealand,Conservation Area - Pleasant River Sand Spit,20.8,2,0,1,1,15.8,0.0,0,0,5
AINZL1890,New Zealand,Waimakariri River Mouth - Restricted Commercial Fishing Area,26.5,2,0,1,1,17.5,2.0,0,0,7
AINZL1891,New Zealand,Pegasus Bay - Restricted Commercial Fishing Area,24.5,2,0,1,1,17.5,2.0,0,0,5
AINZL1892,New Zealand,Inner Lyttelton Harbour - Restricted Commercial Fishing Area,9.5,2,0,0,2,3.5,2.0,0,0,4
AINZL1893,New Zealand,Inner Port Levy - Restricted Commercial Fishing Area,9.5,2,0,0,2,3.5,2.0,0,0,4
AINZL1894,New Zealand,Inner Pigeon Bay - Restricted Commercial Fishing Area,9.5,2,0,0,2,3.5,2.0,0,0,4
AINZL1895,New Zealand,Le Bon’s Bay - Restricted Commercial Fishing Area,25.5,2,0,1,1,17.5,3.0,0,0,5
AINZL1896,New Zealand,Lake Forsyth (Wairewa) - Restricted Commercial Eel Area,22.8,3,0,1,2,12.8,1.0,0,0,9
AINZL1897,New Zealand,Akaroa Harbour - Restricted Commercial Fishing Area,25.5,2,0,1,1,17.5,3.0,0,0,5
AINZL1898,New Zealand,Inner Akaroa Harbour - Restricted Commercial Fishing Area,9.5,2,0,0,2,3.5,2.0,0,0,4
AINZL1899,New Zealand,Arm of Lake Ellesmere (Te Waihora) near Taumutu - Restricted Commercial Eel Area,22.5,2,0,1,1,17.5,0.0,0,0,5
AINZL190,New Zealand,Conservation Area - Bushy Beach,20.8,2,0,1,1,15.8,0.0,0,0,5
AINZL1900,New Zealand,Male short-finned eel migration area ,11.0,4,0,0,4,3.5,1.5,0,0,6
AINZL1901,New Zealand,Rakaia River Mouth - Restricted Commercial Fishing Area,26.5,2,0,1,1,17.5,2.0,0,0,7
AINZL1902,New Zealand,Ashburton/Hakatere River Mouth - Restricted Commercial Fishing Area,26.5,2,0,1,1,17.5,2.0,0,0,7
AINZL1903,New Zealand,Rangitata River Mouth - Restricted Commercial Fishing Area,26.5,2,0,1,1,17.5,2.0,0,0,7
AINZL1904,New Zealand,Rangitata Lagoon - Restricted Commercial Eel Area,22.5,2,0,1,1,17.5,0.0,0,0,5
AINZL1905,New Zealand,Orari River Mouth - Restricted Commercial Fishing Area,26.5,2,0,1,1,17.5,2.0,0,0,7
AINZL1906,New Zealand,Opihi River Mouth - Restricted Commercial Fishing Area,26.5,2,0,1,1,17.5,2.0,0,0,7
AINZL1907,New Zealand,Timaru Harbour - Restricted Commercial Fishing Area,25.5,2,0,1,1,17.5,3.0,0,0,5
AINZL1908,New Zealand,Wainono Lagoon or the Waihao River - Restricted Commercial Eel Area,5.5,2,0,0,2,3.5,0.0,0,0,2
AINZL1909,New Zealand,Waitaki River Mouth - Restricted Commercial Fishing Area,26.5,2,0,1,1,17.5,2.0,0,0,7
AINZL191,New Zealand,Conservation Area - Kakanui Beach Road,20.8,2,0,1,1,15.8,0.0,0,0,5
AINZL1910,New Zealand,Oamaru Harbour - Restricted Commercial Fishing Area,25.5,2,0,1,1,17.5,3.0,0,0,5
AINZL1911,New Zealand,Cape Wanbrow to Shag Point - Taking of beach cast seaweed permitted - Fisheries (Beach Cast Seaweed Area Prohibition) Notice 2002: 4 - CFR0557,8.4,3,0,0,2,2.9,1.5,0,0,4
AINZL1912,New Zealand,Waikouaiti Bay - Restricted Commercial Shellfish Area,20.8,2,0,1,1,15.8,0.0,0,0,5
AINZL1913,New Zealand,East Otago taiapure (part) - Restricted Commercial Cockle Area,4.6,2,0,0,1,2.6,0.0,0,0,2
AINZL1914,New Zealand,Seacliff - Restricted Commercial Shellfish Area,20.8,2,0,1,1,15.8,0.0,0,0,5
AINZL1915,New Zealand,Ahuriri catchment - Restricted Commercial Eel Area,22.5,2,0,1,1,17.5,0.0,0,0,5
AINZL1916,New Zealand,National Parks - Restricted Commercial Eel Area,6.5,1,0,0,1,3.5,1.0,0,0,2
AINZL1917,New Zealand,Bligh Sound - Restricted Commercial Fishing Area,26.5,2,0,1,1,17.5,4.0,0,0,5
AINZL1918,New Zealand,George Sound - Restricted Commercial Fishing Area,26.5,2,0,1,1,17.5,4.0,0,0,5
AINZL1919,New Zealand,Caswell Sound - Restricted Commercial Fishing Area,26.5,2,0,1,1,17.5,4.0,0,0,5
AINZL192,New Zealand,Conservation Area - Catseye Point,20.8,2,0,1,1,15.8,0.0,0,0,5
AINZL1920,New Zealand,Charles Sound - Restricted Commercial Fishing Area,26.5,2,0,1,1,17.5,4.0,0,0,5
AINZL1921,New Zealand,Nancy Sound - Restricted Commercial Fishing Area,26.5,2,0,1,1,17.5,4.0,0,0,5
AINZL1922,New Zealand,Thompson and Doubtful Sounds - Restricted Commercial Fishing Area,26.5,2,0,1,1,17.5,4.0,0,0,5
AINZL1923,New Zealand,Dagg Sound - Restricted Commercial Fishing Area,26.5,2,0,1,1,17.5,4.0,0,0,5
AINZL1924,New Zealand,Breaksea and Dusky Sounds - Restricted Commercial Fishing Area,26.5,2,0,1,1,17.5,4.0,0,0,5
AINZL1925,New Zealand,Preservation and Chalky Inlets - Restricted Commercial Fishing Area,26.5,2,0,1,1,17.5,4.0,0,0,5
AINZL1926,New Zealand,"Howells Point Light, Riverton to Waipapa Point, Otara - Restricted Commercial Shellfish Area",20.8,2,0,1,1,15.8,0.0,0,0,5
AINZL1927,New Zealand,Slope Point to Sand Hill Point - Restricted Commercial Fishing Area,39.8,2,1,0,1,19.2,3.5,0,0,5
AINZL1928,New Zealand,Waimatuku Stream to Waiau River - Taking of beach cast seaweed permitted - Fisheries (Beach Cast Seaweed Area Prohibition) Notice 2002: 4 - CFR0558,8.4,3,0,0,2,2.9,1.5,0,0,4
AINZL1929,New Zealand,Bluff Harbour - Restricted Commercial Fishing Area,26.5,2,0,1,1,17.5,4.0,0,0,5
AINZL193,New Zealand,Conservation Area - Eleven Mile Creek,20.8,2,0,1,1,15.8,0.0,0,0,5
AINZL1930,New Zealand,Ruapuke Island - Restricted Commercial Shellfish Area,20.8,2,0,1,1,15.8,0.0,0,0,5
AINZL1931,New Zealand,Ackers Point to Lee Bay - Taking of beach cast seaweed permitted - Fisheries (Beach Cast Seaweed Area Prohibition) Notice 2002: 4 - CFR0559,8.4,3,0,0,2,2.9,1.5,0,0,4
AINZL1933,New Zealand,Clutha River - Restricted Commercial Shellfish Area,20.8,2,0,1,1,15.8,0.0,0,0,5
AINZL1934,New Zealand,Tokomairiro River Mouth - Restricted Commercial Shellfish Area,20.8,2,0,1,1,15.8,0.0,0,0,5
AINZL1935,New Zealand,Taieri River Mouth - Restricted Commercial Shellfish Area,20.8,2,0,1,1,15.8,0.0,0,0,5
AINZL1936,New Zealand,Otago Peninsula - Restricted Commercial Shellfish Area,20.8,2,0,1,1,15.8,0.0,0,0,5
AINZL1937,New Zealand,Otago Harbour - Restricted Commercial Shellfish Area,20.8,2,0,1,1,15.8,0.0,0,0,5
AINZL1938,New Zealand,Otago Harbour - Restricted Commercial Fishing Area,44.3,3,1,1,1,23.3,4.0,0,0,7
AINZL1939,New Zealand,Ferry Point - Commercial Cockle Area,5.5,2,0,0,2,3.5,0.0,0,0,2
AINZL194,New Zealand,Conservation Area - Taieri River / Island,20.8,2,0,1,1,15.8,0.0,0,0,5
AINZL1940,New Zealand,Outer (Goat) Island - Restricted Commercial Cockle Area,35.2,2,1,0,1,19.2,1.0,0,0,5
AINZL1941,New Zealand,Pelorus River - Prohibited Commercial Eel Area,22.5,2,0,1,1,17.5,0.0,0,0,5
AINZL1942,New Zealand,Nelson Harbour/Waimea Estuary - Restricted Commercial Fishing Area,45.4,4,1,2,1,25.4,3.0,0,0,7
AINZL1943,New Zealand,Houhora Harbour - Scallop Restricted Area,22.5,2,0,1,1,17.5,0.0,0,0,5
AINZL1944,New Zealand,Tuhawaiki Mātaitai,39.7,17,6,0,1,13.2,1.5,0,0,7
AINZL195,New Zealand,Conservation Area - Sandfly Bay,20.8,2,0,1,1,15.8,0.0,0,0,5
AINZL196,New Zealand,Conservation Area - Nine Mile Creek/Kotorepi,20.8,2,0,1,1,15.8,0.0,0,0,5
AINZL197,New Zealand,Conservation Area - Heyward Point,20.8,2,0,1,1,15.8,0.0,0,0,5
AINZL198,New Zealand,Conservation Area - Boulder Beach / Highcliff Block,20.8,2,0,1,1,15.8,0.0,0,0,5
AINZL199,New Zealand,Aotea Conservation Park,20.8,2,0,1,1,15.8,0.0,0,0,5
AINZL2,New Zealand,New Zealand Territorial Sea,7.2,4,0,0,0,1.8,1.5,0,0,4
AINZL20,New Zealand,Sub-Antarctic Deep Benthic Protection Area,45.6,5,2,1,0,19.6,7.0,0,0,7
AINZL200,New Zealand,Aramoana Conservation Area,20.8,2,0,1,1,15.8,0.0,0,0,5
AINZL201,New Zealand,Tutukaka Conservation Area,20.8,2,0,1,1,15.8,0.0,0,0,5
AINZL202,New Zealand,Muriwai Conservation Area,20.8,2,0,1,1,15.8,0.0,0,0,5
AINZL203,New Zealand,Mill Bay Conservation Area,20.8,2,0,1,1,15.8,0.0,0,0,5
AINZL204,New Zealand,Irwins Road Conservation Area,20.8,2,0,1,1,15.8,0.0,0,0,5
AINZL205,New Zealand,Parakai Conservation Area,20.8,2,0,1,1,15.8,0.0,0,0,5
AINZL206,New Zealand,Kaipara Conservation Area,20.8,2,0,1,1,15.8,0.0,0,0,5
AINZL207,New Zealand,Tikinui Conservation Area,20.8,2,0,1,1,15.8,0.0,0,0,5
AINZL21,New Zealand,Blink Benthic Protection Area,45.6,5,2,1,0,19.6,7.0,0,0,7
AINZL215,New Zealand,Conservation Area - Coombe Rocks,20.8,2,0,1,1,15.8,0.0,0,0,5
AINZL218,New Zealand,Paparoa Pa Historic Reserve,28.6,6,0,4,2,21.6,0.0,0,0,7
AINZL219,New Zealand,Shakespeare's Cliff Scenic and Historic Reserve,7.6,6,0,0,1,2.6,0.0,0,0,5
AINZL22,New Zealand,Puysegur Benthic Protection Area,45.6,5,2,1,0,19.6,7.0,0,0,7
AINZL220,New Zealand,Te Pare Point Historic Reserve,28.6,6,0,4,2,21.6,0.0,0,0,7
AINZL221,New Zealand,Gerald Crapp Historic Reserve,28.6,6,0,4,2,21.6,0.0,0,0,7
AINZL222,New Zealand,Mauao Historic Reserve,28.6,6,0,4,2,21.6,0.0,0,0,7
AINZL223,New Zealand,Golden Point Scenic Reserve,7.6,6,0,0,1,2.6,0.0,0,0,5
AINZL224,New Zealand,Crail Bay Historic Reserve,28.6,6,0,4,2,21.6,0.0,0,0,7
AINZL225,New Zealand,Whitianga Rock Scenic and Historic Reserve,7.6,6,0,0,1,2.6,0.0,0,0,5
AINZL226,New Zealand,Pukehina Beach Marginal Strip,4.6,2,0,0,1,2.6,0.0,0,0,2
AINZL227,New Zealand,Rogers Beach Marginal Strip,4.6,2,0,0,1,2.6,0.0,0,0,2
AINZL228,New Zealand,Whenuakura Marginal Strip,4.6,2,0,0,1,2.6,0.0,0,0,2
AINZL229,New Zealand,Thornton Beach Marginal Strip,4.6,2,0,0,1,2.6,0.0,0,0,2
AINZL2294,New Zealand,SPRFMO Bottom Trawl Management Areas,24.8,3,0,1,1,12.2,5.5,0,0,7
AINZL2295,New Zealand, SPRFMO Mid Water Trawl Management Areas,28.6,2,0,1,0,16.6,7.0,0,0,5
AINZL2296,New Zealand, SPRFMO Bottom Line Management Areas,27.1,2,0,1,0,16.6,5.5,0,0,5
AINZL23,New Zealand,Aotea Closed seamount area- Trawling Prohibited Area,39.8,2,1,0,1,19.2,3.5,0,0,5
AINZL230,New Zealand,Ohiwa Harbour Marginal Strip,4.6,2,0,0,1,2.6,0.0,0,0,2
AINZL2300,New Zealand,Hauraki Gulf Marine Park,4.6,2,0,0,1,2.6,0.0,0,0,2
AINZL231,New Zealand,Ohiwa Harbour Marginal Strip,4.6,2,0,0,1,2.6,0.0,0,0,2
AINZL232,New Zealand,Tauranga Harbour Marginal Strip,4.6,2,0,0,1,2.6,0.0,0,0,2
AINZL233,New Zealand,Otamarakau Marginal Strip,4.6,2,0,0,1,2.6,0.0,0,0,2
AINZL234,New Zealand,Marginal Strip - Swampy Stream Tairua River,4.6,2,0,0,1,2.6,0.0,0,0,2
AINZL235,New Zealand,Marginal Strip - Tairua River,4.6,2,0,0,1,2.6,0.0,0,0,2
AINZL236,New Zealand,Marginal Strip - Duck Creek,4.6,2,0,0,1,2.6,0.0,0,0,2
AINZL237,New Zealand,Marginal Strip - Wharekawa Spit,4.6,2,0,0,1,2.6,0.0,0,0,2
AINZL238,New Zealand,Marginal Strip - Whangamatā Harbour,4.6,2,0,0,1,2.6,0.0,0,0,2
AINZL239,New Zealand,Marginal Strip - Te Puia Point,4.6,2,0,0,1,2.6,0.0,0,0,2
AINZL24,New Zealand,Telecom Knoll Closed seamount area- Trawling Prohibited Area,39.8,2,1,0,1,19.2,3.5,0,0,5
AINZL240,New Zealand,Marginal Strip - Whangamatā,4.6,2,0,0,1,2.6,0.0,0,0,2
AINZL241,New Zealand,Marginal Strip - Waihou River,4.6,2,0,0,1,2.6,0.0,0,0,2
AINZL242,New Zealand,Marginal Strip - Otahu River,4.6,2,0,0,1,2.6,0.0,0,0,2
AINZL243,New Zealand,Tetley Road Marginal Strip,4.6,2,0,0,1,2.6,0.0,0,0,2
AINZL244,New Zealand,Marginal Strip - Purangi River,4.6,2,0,0,1,2.6,0.0,0,0,2
AINZL245,New Zealand,Marginal Strip - Hahei Beach,4.6,2,0,0,1,2.6,0.0,0,0,2
AINZL246,New Zealand,Manawatu River Marginal Strip,4.6,2,0,0,1,2.6,0.0,0,0,2
AINZL247,New Zealand,Marginal Strip - Whitianga Harbour,4.6,2,0,0,1,2.6,0.0,0,0,2
AINZL248,New Zealand,Riversdale Marginal Strip,4.6,2,0,0,1,2.6,0.0,0,0,2
AINZL249,New Zealand,Marginal Strip - Wharekawa Harbour,4.6,2,0,0,1,2.6,0.0,0,0,2
AINZL25,New Zealand,Closed seamount area Number 447-Trawling Prohibited Area,39.8,2,1,0,1,19.2,3.5,0,0,5
AINZL250,New Zealand,Marginal Strip - Homunga Bay North,4.6,2,0,0,1,2.6,0.0,0,0,2
AINZL251,New Zealand,Marginal Strip - Waitakaruru River Mouth,4.6,2,0,0,1,2.6,0.0,0,0,2
AINZL252,New Zealand,Marginal Strip - Papanui Point,4.6,2,0,0,1,2.6,0.0,0,0,2
AINZL253,New Zealand,Marginal Strip - Kahua Point,4.6,2,0,0,1,2.6,0.0,0,0,2
AINZL254,New Zealand,Pasadena Bay Marginal Strip,4.6,2,0,0,1,2.6,0.0,0,0,2
AINZL255,New Zealand,Harataonga Bay Marginal Strip,4.6,2,0,0,1,2.6,0.0,0,0,2
AINZL256,New Zealand,Overtons Beach Marginal Strip,4.6,2,0,0,1,2.6,0.0,0,0,2
AINZL257,New Zealand,Whakatautuna Pt Marginal Strip,4.6,2,0,0,1,2.6,0.0,0,0,2
AINZL258,New Zealand,Mataperu Marginal Strip,4.6,2,0,0,1,2.6,0.0,0,0,2
AINZL259,New Zealand,Te Awaiti Marginal Strip,4.6,2,0,0,1,2.6,0.0,0,0,2
AINZL26,New Zealand,Cavalli Closed seamount area (Cavalli)- Trawling Prohibited Area,39.8,2,1,0,1,19.2,3.5,0,0,5
AINZL260,New Zealand,Kaitoke Beach Marginal Strip,4.6,2,0,0,1,2.6,0.0,0,0,2
AINZL261,New Zealand,Marginal Strip - Tamaihu,4.6,2,0,0,1,2.6,0.0,0,0,2
AINZL262,New Zealand,Marginal Strip - Pakau Coast,4.6,2,0,0,1,2.6,0.0,0,0,2
AINZL263,New Zealand,Lower Ruamahanga River Marginal Strip,4.6,2,0,0,1,2.6,0.0,0,0,2
AINZL264,New Zealand,Oturapa-Mullet Ck Marginal Strip,4.6,2,0,0,1,2.6,0.0,0,0,2
AINZL265,New Zealand,Otekawa Ck West Marginal Strip,4.6,2,0,0,1,2.6,0.0,0,0,2
AINZL266,New Zealand,Karaka Point Marginal Strip,4.6,2,0,0,1,2.6,0.0,0,0,2
AINZL267,New Zealand,Araparera River Marginal Strip,4.6,2,0,0,1,2.6,0.0,0,0,2
AINZL268,New Zealand,Whangamaire Stream Marginal Strip,4.6,2,0,0,1,2.6,0.0,0,0,2
AINZL269,New Zealand,Tauhara Creek Marginal Strip,4.6,2,0,0,1,2.6,0.0,0,0,2
AINZL27,New Zealand,Closed seamount area Number 148 & 782- Trawling Prohibited Area,39.8,2,1,0,1,19.2,3.5,0,0,5
AINZL270,New Zealand,Pouto Marginal Strip,4.6,2,0,0,1,2.6,0.0,0,0,2
AINZL271,New Zealand,Maioro Sands Marginal Strip,4.6,2,0,0,1,2.6,0.0,0,0,2
AINZL272,New Zealand,Marginal Strip - Te Tarata Creek,4.6,2,0,0,1,2.6,0.0,0,0,2
AINZL273,New Zealand,Marginal Strip - Ngarunui Beach,4.6,2,0,0,1,2.6,0.0,0,0,2
AINZL274,New Zealand,Marginal Strip - Omahina Creek,4.6,2,0,0,1,2.6,0.0,0,0,2
AINZL275,New Zealand,Marginal Strip - Opotoru River,4.6,2,0,0,1,2.6,0.0,0,0,2
AINZL276,New Zealand,Marginal Strip - Waikaretu Coast,4.6,2,0,0,1,2.6,0.0,0,0,2
AINZL277,New Zealand,Okurekureia Beach Marginal Strip,4.6,2,0,0,1,2.6,0.0,0,0,2
AINZL278,New Zealand,Rockells Bay Marginal Strip,4.6,2,0,0,1,2.6,0.0,0,0,2
AINZL279,New Zealand,Tauwhara Bay Marginal Strip,4.6,2,0,0,1,2.6,0.0,0,0,2
AINZL28,New Zealand,Closed seamount area Number 140- Trawling Prohibited Area,39.8,2,1,0,1,19.2,3.5,0,0,5
AINZL280,New Zealand,Whananaki Inlet Marginal Strip No 1,4.6,2,0,0,1,2.6,0.0,0,0,2
AINZL281,New Zealand,Tutukaka Marginal Strip,4.6,2,0,0,1,2.6,0.0,0,0,2
AINZL282,New Zealand,Marsden Bay Marginal Strip,4.6,2,0,0,1,2.6,0.0,0,0,2
AINZL283,New Zealand,Te Kiakia Bay Marginal Strip,4.6,2,0,0,1,2.6,0.0,0,0,2
AINZL284,New Zealand,Otamatea River Marginal Strip No 2,4.6,2,0,0,1,2.6,0.0,0,0,2
AINZL285,New Zealand,Waipu River Marginal Strip,4.6,2,0,0,1,2.6,0.0,0,0,2
AINZL286,New Zealand,Ureti Marginal Strip,4.6,2,0,0,1,2.6,0.0,0,0,2
AINZL287,New Zealand,Mauganui Bluff Marginal Strip,4.6,2,0,0,1,2.6,0.0,0,0,2
AINZL288,New Zealand,Kawerua Marginal Strip No 1,4.6,2,0,0,1,2.6,0.0,0,0,2
AINZL289,New Zealand,Kawerua Marginal Strip No 2,4.6,2,0,0,1,2.6,0.0,0,0,2
AINZL29,New Zealand,Rumble III Closed seamount area- Trawling Prohibited Area,39.8,2,1,0,1,19.2,3.5,0,0,5
AINZL290,New Zealand,Kawerua Marginal Strip No 3,4.6,2,0,0,1,2.6,0.0,0,0,2
AINZL291,New Zealand,Te Pouahi Marginal Strip,4.6,2,0,0,1,2.6,0.0,0,0,2
AINZL292,New Zealand,Waiau Uwha River Marginal Strip,4.6,2,0,0,1,2.6,0.0,0,0,2
AINZL293,New Zealand,Managamuka River Marginal Strip No 5,4.6,2,0,0,1,2.6,0.0,0,0,2
AINZL294,New Zealand,Hokianga Harbour Marginal Strip No 1,4.6,2,0,0,1,2.6,0.0,0,0,2
AINZL295,New Zealand,Hokianga Harbour Marginal Strip No 3,4.6,2,0,0,1,2.6,0.0,0,0,2
AINZL296,New Zealand,Hokianga Harbour Marginal Strip No 4,4.6,2,0,0,1,2.6,0.0,0,0,2
AINZL297,New Zealand,Waima River Marginal Strip No 2,4.6,2,0,0,1,2.6,0.0,0,0,2
AINZL298,New Zealand,Marginal Strip - Motutangi Stream,4.6,2,0,0,1,2.6,0.0,0,0,2
AINZL299,New Zealand,Tokerau Beach Marginal Strip,4.6,2,0,0,1,2.6,0.0,0,0,2
AINZL30,New Zealand,Brothers Closed seamount area- Trawling Prohibited Area,39.8,2,1,0,1,19.2,3.5,0,0,5
AINZL300,New Zealand,Ninety Mile Beach Marginal Strip,4.6,2,0,0,1,2.6,0.0,0,0,2
AINZL301,New Zealand,Pukewhau Channel Marginal Strip,4.6,2,0,0,1,2.6,0.0,0,0,2
AINZL302,New Zealand,Pakiri Marginal Strip,4.6,2,0,0,1,2.6,0.0,0,0,2
AINZL303,New Zealand,Rahuikiri Marginal Strip,4.6,2,0,0,1,2.6,0.0,0,0,2
AINZL304,New Zealand,Taumata Marginal Strip,4.6,2,0,0,1,2.6,0.0,0,0,2
AINZL305,New Zealand,Whangateau Harbour Marginal Strip,4.6,2,0,0,1,2.6,0.0,0,0,2
AINZL306,New Zealand,Torkington Bay Marginal Strip,4.6,2,0,0,1,2.6,0.0,0,0,2
AINZL307,New Zealand,Stanmore Bay Marginal Strip,4.6,2,0,0,1,2.6,0.0,0,0,2
AINZL308,New Zealand,Lucas Creek Marginal Strip,4.6,2,0,0,1,2.6,0.0,0,0,2
AINZL309,New Zealand,Hamiltons Gap Marginal Strip,4.6,2,0,0,1,2.6,0.0,0,0,2
AINZL31,New Zealand,Pinnie Closed seamount area- Trawling Prohibited Area,39.8,2,1,0,1,19.2,3.5,0,0,5
AINZL310,New Zealand,Marginal Strip - Oteranga Bay,4.6,2,0,0,1,2.6,0.0,0,0,2
AINZL311,New Zealand,Kauri Mountain Marginal Strip,4.6,2,0,0,1,2.6,0.0,0,0,2
AINZL312,New Zealand,Marginal Strip - Kaipara River,4.6,2,0,0,1,2.6,0.0,0,0,2
AINZL313,New Zealand,Marginal Strip - Waikino Creek,4.6,2,0,0,1,2.6,0.0,0,0,2
AINZL314,New Zealand,Marginal Strip - Waikare Inlet,4.6,2,0,0,1,2.6,0.0,0,0,2
AINZL316,New Zealand,Marginal Strip - Cape Wiwiki,4.6,2,0,0,1,2.6,0.0,0,0,2
AINZL317,New Zealand,Marginal Strip - Okains Bay,4.6,2,0,0,1,2.6,0.0,0,0,2
AINZL318,New Zealand,Marginal Strip - Kingfish Point,4.6,2,0,0,1,2.6,0.0,0,0,2
AINZL319,New Zealand,Marginal Strip - Te Puna Inlet,4.6,2,0,0,1,2.6,0.0,0,0,2
AINZL32,New Zealand,Morgue Closed seamount area- Trawling Prohibited Area,39.8,2,1,0,1,19.2,3.5,0,0,5
AINZL320,New Zealand,Marginal Strip - Poukoura Inlet,4.6,2,0,0,1,2.6,0.0,0,0,2
AINZL321,New Zealand,Marginal Strip - Purerua Peninsula,4.6,2,0,0,1,2.6,0.0,0,0,2
AINZL322,New Zealand,Marginal Strip - Ripiro Beach,4.6,2,0,0,1,2.6,0.0,0,0,2
AINZL324,New Zealand,Marginal Strip - Tangitiki Bay,4.6,2,0,0,1,2.6,0.0,0,0,2
AINZL326,New Zealand,Marginal Strip - Te Puna Inlet,4.6,2,0,0,1,2.6,0.0,0,0,2
AINZL328,New Zealand,Marginal Strip - Kerikeri Inlet,4.6,2,0,0,1,2.6,0.0,0,0,2
AINZL329,New Zealand,Marginal Strip - Doves Bay,4.6,2,0,0,1,2.6,0.0,0,0,2
AINZL33,New Zealand,Gothic Closed seamount area- Trawling Prohibited Area,39.8,2,1,0,1,19.2,3.5,0,0,5
AINZL330,New Zealand,Marginal Strip - Puwheke Beach,4.6,2,0,0,1,2.6,0.0,0,0,2
AINZL331,New Zealand,Marginal Strip - Whangatupere Bay,4.6,2,0,0,1,2.6,0.0,0,0,2
AINZL332,New Zealand,Marginal Strip - Kohuta coast,4.6,2,0,0,1,2.6,0.0,0,0,2
AINZL333,New Zealand,Marginal Strip - Pitone coast,4.6,2,0,0,1,2.6,0.0,0,0,2
AINZL334,New Zealand,Marginal Strip - Kaiwaka Island,4.6,2,0,0,1,2.6,0.0,0,0,2
AINZL335,New Zealand,Marginal Strip - Te Toki,4.6,2,0,0,1,2.6,0.0,0,0,2
AINZL336,New Zealand,Marginal Strip - Waitara Stream,4.6,2,0,0,1,2.6,0.0,0,0,2
AINZL337,New Zealand,Marginal Strip - Waiuku River,4.6,2,0,0,1,2.6,0.0,0,0,2
AINZL338,New Zealand,Marginal Strip - Taihiki River,4.6,2,0,0,1,2.6,0.0,0,0,2
AINZL339,New Zealand,Marginal Strip - Clarks Creek,4.6,2,0,0,1,2.6,0.0,0,0,2
AINZL34,New Zealand,Diamond Head Closed seamount area- Trawling Prohibited Area,39.8,2,1,0,1,19.2,3.5,0,0,5
AINZL340,New Zealand,Marginal Strip - Harihari Beach,4.6,2,0,0,1,2.6,0.0,0,0,2
AINZL341,New Zealand,"Marginal Strip - Marokopa River, Marokopa",4.6,2,0,0,1,2.6,0.0,0,0,2
AINZL342,New Zealand,Marginal Strip - Ōtāhuhu Creek,4.6,2,0,0,1,2.6,0.0,0,0,2
AINZL343,New Zealand,Marginal Strip - Tamaki River,4.6,2,0,0,1,2.6,0.0,0,0,2
AINZL344,New Zealand,Marginal Strip - Turanga Creek,4.6,2,0,0,1,2.6,0.0,0,0,2
AINZL345,New Zealand,Marginal Strip - Pahurehure Inlet,4.6,2,0,0,1,2.6,0.0,0,0,2
AINZL346,New Zealand,Marginal Strip - Turakirae Head,4.6,2,0,0,1,2.6,0.0,0,0,2
AINZL347,New Zealand,Marginal Strip - Lyttelton Harbour/Whakaraupō,4.6,2,0,0,1,2.6,0.0,0,0,2
AINZL348,New Zealand,Marginal Strip - Akaroa Harbour,4.6,2,0,0,1,2.6,0.0,0,0,2
AINZL349,New Zealand,Marginal Strip - Waikawa Harbour,4.6,2,0,0,1,2.6,0.0,0,0,2
AINZL35,New Zealand,Closed seamount area Number 358- Trawling Prohibited Area,39.8,2,1,0,1,19.2,3.5,0,0,5
AINZL351,New Zealand,Marginal Strip - Mokomoko Inlet,4.6,2,0,0,1,2.6,0.0,0,0,2
AINZL353,New Zealand,Marginal Strip - Bluff Harbour,4.6,2,0,0,1,2.6,0.0,0,0,2
AINZL357,New Zealand,Marginal Strip - Tiwai Spit,4.6,2,0,0,1,2.6,0.0,0,0,2
AINZL359,New Zealand,Marginal Strip - Pitt Strait,4.6,2,0,0,1,2.6,0.0,0,0,2
AINZL36,New Zealand,Bollons A Closed seamount area- Trawling Prohibited Area,39.8,2,1,0,1,19.2,3.5,0,0,5
AINZL360,New Zealand,Marginal Strip - Te Whanga Lagoon,4.6,2,0,0,1,2.6,0.0,0,0,2
AINZL361,New Zealand,Marginal Strip - Hanson Bay North,4.6,2,0,0,1,2.6,0.0,0,0,2
AINZL362,New Zealand,Marginal Strip - Waikawa Islands,4.6,2,0,0,1,2.6,0.0,0,0,2
AINZL363,New Zealand,Marginal Strip - Te Awainanga River - Te Whanga Lagoon,4.6,2,0,0,1,2.6,0.0,0,0,2
AINZL364,New Zealand,Marginal Strip - Hanson Bay South,4.6,2,0,0,1,2.6,0.0,0,0,2
AINZL365,New Zealand,Marginal Strip - Owenga,4.6,2,0,0,1,2.6,0.0,0,0,2
AINZL366,New Zealand,Marginal Strip - Petre Bay,4.6,2,0,0,1,2.6,0.0,0,0,2
AINZL367,New Zealand,Marginal Strip - Parapara Inlet,4.6,2,0,0,1,2.6,0.0,0,0,2
AINZL368,New Zealand,Marginal Strip - Milnthorpe,4.6,2,0,0,1,2.6,0.0,0,0,2
AINZL369,New Zealand,Marginal Strip - Okuri Bay Waikawa Bay,4.6,2,0,0,1,2.6,0.0,0,0,2
AINZL37,New Zealand,Christable Closed seamount area- Trawling Prohibited Area,39.8,2,1,0,1,19.2,3.5,0,0,5
AINZL370,New Zealand,Marginal Strip - Toko Ngawa Point,4.6,2,0,0,1,2.6,0.0,0,0,2
AINZL371,New Zealand,Marginal Strip - Sutton Road,4.6,2,0,0,1,2.6,0.0,0,0,2
AINZL372,New Zealand,Marginal Strip - Okato Coast,4.6,2,0,0,1,2.6,0.0,0,0,2
AINZL373,New Zealand,Marginal Strip - Mimi-Pukearuhe Coast,4.6,2,0,0,1,2.6,0.0,0,0,2
AINZL374,New Zealand,Marginal Strip - Onaero Coast,4.6,2,0,0,1,2.6,0.0,0,0,2
AINZL375,New Zealand,Marginal Strip - Patea Coast,4.6,2,0,0,1,2.6,0.0,0,0,2
AINZL376,New Zealand,Marginal Strip - Waipipi,4.6,2,0,0,1,2.6,0.0,0,0,2
AINZL377,New Zealand,Marginal Strip - Waitotara River,4.6,2,0,0,1,2.6,0.0,0,0,2
AINZL378,New Zealand,Marginal Strip - Castlecliff,4.6,2,0,0,1,2.6,0.0,0,0,2
AINZL379,New Zealand,Marginal Strip - Kaitoke,4.6,2,0,0,1,2.6,0.0,0,0,2
AINZL38,New Zealand,Closed seamount area Number 401- Trawling Prohibited Area,39.8,2,1,0,1,19.2,3.5,0,0,5
AINZL380,New Zealand,Marginal Strip - Moana Roa Coast,4.6,2,0,0,1,2.6,0.0,0,0,2
AINZL381,New Zealand,Marginal Strip - Punakerua Beach,4.6,2,0,0,1,2.6,0.0,0,0,2
AINZL382,New Zealand,Marginal Strip - Moeangiangi,4.6,2,0,0,1,2.6,0.0,0,0,2
AINZL383,New Zealand,Marginal Strip - Whanganui River,4.6,2,0,0,1,2.6,0.0,0,0,2
AINZL384,New Zealand,Marginal Strip - Santoft Coast,4.6,2,0,0,1,2.6,0.0,0,0,2
AINZL385,New Zealand,Marginal Strip - Waitara West,4.6,2,0,0,1,2.6,0.0,0,0,2
AINZL386,New Zealand,Marginal Strip - Rangitikei River,4.6,2,0,0,1,2.6,0.0,0,0,2
AINZL387,New Zealand,Marginal Strip - Oeo-Kaupokonui,4.6,2,0,0,1,2.6,0.0,0,0,2
AINZL388,New Zealand,Marginal Strip - Ohawe-Hāwera,4.6,2,0,0,1,2.6,0.0,0,0,2
AINZL389,New Zealand,Marginal Strip - Ōakura,4.6,2,0,0,1,2.6,0.0,0,0,2
AINZL39,New Zealand,Waikato Coastal Marine Resource Area,25.6,9,1,0,1,5.6,3.0,0,0,7
AINZL390,New Zealand,Marginal Strip - Whareatea Bay,4.6,2,0,0,1,2.6,0.0,0,0,2
AINZL391,New Zealand,Marginal Strip - Apuau Channel,4.6,2,0,0,1,2.6,0.0,0,0,2
AINZL392,New Zealand,Marginal Strip - Waimatuku Stream,4.6,2,0,0,1,2.6,0.0,0,0,2
AINZL393,New Zealand,Marginal Strip - Ōreti River,4.6,2,0,0,1,2.6,0.0,0,0,2
AINZL394,New Zealand,Marginal Strip - Ruahine,4.6,2,0,0,1,2.6,0.0,0,0,2
AINZL395,New Zealand,Marginal Strip - Waipapa Stream,4.6,2,0,0,1,2.6,0.0,0,0,2
AINZL396,New Zealand,Marginal Strip - Haldane Bay,4.6,2,0,0,1,2.6,0.0,0,0,2
AINZL397,New Zealand,Marginal Strip - Bruce Bay,4.6,2,0,0,1,2.6,0.0,0,0,2
AINZL399,New Zealand,Marginal Strip - Catlins River,4.6,2,0,0,1,2.6,0.0,0,0,2
AINZL40,New Zealand,Waikato River Conservation Area,20.8,2,0,1,1,15.8,0.0,0,0,5
AINZL400,New Zealand,Marginal Strip - Mikonui River,4.6,2,0,0,1,2.6,0.0,0,0,2
AINZL401,New Zealand,Marginal Strip - Lower Waitaha River,4.6,2,0,0,1,2.6,0.0,0,0,2
AINZL402,New Zealand,Marginal Strip - Tunnel Beach,4.6,2,0,0,1,2.6,0.0,0,0,2
AINZL403,New Zealand,Marginal strip - Fishermans Creek,4.6,2,0,0,1,2.6,0.0,0,0,2
AINZL404,New Zealand,"Marginal strip - Tasman Sea, Barrytown",4.6,2,0,0,1,2.6,0.0,0,0,2
AINZL406,New Zealand,Marginal Strip - Ōpārara River Mouth,4.6,2,0,0,1,2.6,0.0,0,0,2
AINZL407,New Zealand,"Marginal strip - Tasman Sea, Miko",4.6,2,0,0,1,2.6,0.0,0,0,2
AINZL408,New Zealand,"Marginal Strip - Tasman Sea / Patten Stream, Nikau",4.6,2,0,0,1,2.6,0.0,0,0,2
AINZL409,New Zealand,Rakaia River Mouth Marginal Strip,4.6,2,0,0,1,2.6,0.0,0,0,2
AINZL41,New Zealand,Conservation Area - Kokomohua Islands,20.8,2,0,1,1,15.8,0.0,0,0,5
AINZL410,New Zealand,"Marginal Strip - Tasman Sea, Ōkari Lagoon",4.6,2,0,0,1,2.6,0.0,0,0,2
AINZL411,New Zealand,Marginal Strip - Carters Beach,4.6,2,0,0,1,2.6,0.0,0,0,2
AINZL412,New Zealand,"Marginal Strip - Buller River, Western Lagoon",4.6,2,0,0,1,2.6,0.0,0,0,2
AINZL413,New Zealand,Marginal Strip - Buller River,4.6,2,0,0,1,2.6,0.0,0,0,2
AINZL414,New Zealand,Pleasant River Marginal Strip,4.6,2,0,0,1,2.6,0.0,0,0,2
AINZL415,New Zealand,Pukeuri Foreshore Marginal Strip,4.6,2,0,0,1,2.6,0.0,0,0,2
AINZL416,New Zealand,Te Hakapureirei Beach Marginal Strip,4.6,2,0,0,1,2.6,0.0,0,0,2
AINZL418,New Zealand,Waianakarua to Kakaho Creek Coastline Marginal Strip,4.6,2,0,0,1,2.6,0.0,0,0,2
AINZL419,New Zealand,Moeraki Beach Marginal Strip,4.6,2,0,0,1,2.6,0.0,0,0,2
AINZL42,New Zealand,Castlepoint No1 Conservation Area,20.8,2,0,1,1,15.8,0.0,0,0,5
AINZL420,New Zealand,Moeraki Foreshore Marginal Strip,4.6,2,0,0,1,2.6,0.0,0,0,2
AINZL421,New Zealand,Marginal Strip - Point Elizabeth,4.6,2,0,0,1,2.6,0.0,0,0,2
AINZL422,New Zealand,Marginal Strip - Blaketown,7.2,4,0,0,1,2.2,0.0,0,0,5
AINZL423,New Zealand,Marginal Strip - Cape Saunders,7.2,4,0,0,1,2.2,0.0,0,0,5
AINZL424,New Zealand,"Marginal Strip - Morgan Street, Wanganui",7.2,4,0,0,1,2.2,0.0,0,0,5
AINZL425,New Zealand,Marginal Strip - Mitimiti Tasman Sea,7.2,4,0,0,1,2.2,0.0,0,0,5
AINZL426,New Zealand,Marginal Strip - Te Puna River,7.2,4,0,0,1,2.2,0.0,0,0,5
AINZL427,New Zealand,Sugar Loaf Marginal Strip,4.6,2,0,0,1,2.6,0.0,0,0,2
AINZL429,New Zealand,Muriwai Marginal Strip,4.6,2,0,0,1,2.6,0.0,0,0,2
AINZL43,New Zealand,Conservation Area - Maketu,20.8,2,0,1,1,15.8,0.0,0,0,5
AINZL431,New Zealand,Whangaroa Harbour Marginal Strip No 2,4.6,2,0,0,1,2.6,0.0,0,0,2
AINZL433,New Zealand,Te Whata Kai o Rakihouia i Te Tai o Marokura - Kaikōura Marine Area,6.8,3,0,0,0,1.8,0.0,0,0,5
AINZL434,New Zealand,Auckland Islands - Motu Maha Marine Reserve,33.0,9,2,1,1,13.0,0.0,0,0,10
AINZL436,New Zealand,Banks Peninsula Marine Mammal Sanctuary,29.8,8,1,0,0,6.3,5.5,0,0,8
AINZL437,New Zealand,Te Waewae Bay Marine Mammal Sanctuary,29.8,8,1,0,0,6.3,5.5,0,0,8
AINZL438,New Zealand,Clifford and Cloudy Bay Marine Mammal Sanctuary,29.8,8,1,0,0,6.3,5.5,0,0,8
AINZL439,New Zealand,Catlins Coast Marine Mammal Sanctuary,29.8,8,1,0,0,6.3,5.5,0,0,8
AINZL44,New Zealand,Part Run 23 Conservation Area,20.8,2,0,1,1,15.8,0.0,0,0,5
AINZL440,New Zealand,West Coast North Island Marine Mammal Sanctuary,30.1,10,1,0,1,5.6,6.5,0,0,8
AINZL441,New Zealand,Ohau New Zealand Fur Seal Sanctuary,22.5,18,1,0,1,4.5,0.0,0,0,8
AINZL442,New Zealand,Te Rohe o Te Whanau Puha Kaikōura Whale Sanctuary,33.9,3,1,0,1,13.4,2.5,0,0,8
AINZL443,New Zealand,Sugar Loaf Islands - Drag Netting Restricted Area and Set Net Restricted Area,31.2,3,1,0,2,11.7,2.5,0,0,7
AINZL444,New Zealand,Otaiti (Astrolabe Reef) / O Karapu / Brewis Shoal - Motiti Protection Area,29.3,6,1,0,0,7.3,4.0,0,0,8
AINZL445,New Zealand,Schooner Rocks - Motiti Protection Area ,29.3,6,1,0,0,7.3,4.0,0,0,8
AINZL446,New Zealand,Motunau (Plate Island) - Motiti Protection Area ,29.3,6,1,0,0,7.3,4.0,0,0,8
AINZL447,New Zealand,Pohatu Marine Reserve,50.4,9,4,1,3,20.4,7.0,0,0,8
AINZL448,New Zealand,Hawea (Clio Rocks) Marine Reserve,50.4,16,6,1,3,16.4,8.0,0,0,8
AINZL449,New Zealand,Poor Knights Islands Marine Reserve,52.5,14,6,1,3,18.5,8.0,0,0,8
AINZL45,New Zealand,Foxton Conservation Area,20.8,2,0,1,1,15.8,0.0,0,0,5
AINZL450,New Zealand,Te Paepae o Aotea (Volkner Rocks) Marine Reserve,43.8,16,4,0,3,11.3,10.5,0,0,7
AINZL451,New Zealand,"Te Paepae o Aotea (Volkner Rocks) Marine Reserve;
",44.3,15,4,0,2,11.8,10.5,0,0,7
AINZL452,New Zealand,Whanganui A Hei (Cathedral Cove) Marine Reserve,53.7,10,5,0,2,18.7,8.0,0,0,7
AINZL454,New Zealand,Tuhua (Mayor Island) Marine Reserve,52.7,16,6,0,2,14.7,11.0,0,0,7
AINZL455,New Zealand,Te Matuku Marine Reserve,41.2,15,4,0,3,11.2,8.0,0,0,7
AINZL456,New Zealand,Whangarei Harbour Marine Reserve,44.2,11,4,0,2,14.2,8.0,0,0,7
AINZL457,New Zealand,Cape Rodney - Okakari Point Marine Reserve ,42.0,14,4,0,4,12.0,8.0,0,0,7
AINZL458,New Zealand,Tāwharanui Marine Reserve,43.2,11,4,0,2,14.2,7.0,0,0,7
AINZL459,New Zealand,Long Bay-Okura Marine Reserve,49.0,14,5,0,3,14.0,8.0,0,0,7
AINZL46,New Zealand,Patea Harbour Conservation Area,20.8,2,0,1,1,15.8,0.0,0,0,5
AINZL460,New Zealand,Kapiti Marine Reserve,45.7,11,4,0,2,14.2,9.5,0,0,7
AINZL461,New Zealand,Motu Manawa-Pollen Island Marine Reserve,43.2,10,4,0,2,15.8,5.5,0,0,7
AINZL462,New Zealand,Taputeranga Marine Reserve,44.2,11,4,0,2,14.2,7.0,0,0,8
AINZL463,New Zealand,Ulva Island - Te Wharawhara Marine Reserve,43.2,11,4,0,2,14.2,7.0,0,0,7
AINZL464,New Zealand,Parininihi Marine Reserve,53.2,11,6,0,2,20.2,8.0,0,0,7
AINZL465,New Zealand,Tapuae Marine Reserve,48.2,14,5,0,3,14.2,9.0,0,0,7
AINZL467,New Zealand,Kermadec Islands Marine Reserve (1/3),40.1,15,4,0,4,11.1,7.0,0,0,7
AINZL47,New Zealand,Tapuarau Lagoon Conservation Area,20.8,2,0,1,1,15.8,0.0,0,0,5
AINZL470,New Zealand,Piopiotahi (Milford Sound) Marine Reserve,43.9,9,4,0,2,16.9,4.0,0,0,8
AINZL471,New Zealand,Taumoana (Five Fingers Peninsula) Marine Reserve,41.5,11,4,0,2,14.5,4.0,0,0,8
AINZL472,New Zealand,Te Awaatu Channel (The Gut) Marine Reserve,48.7,11,5,0,2,17.2,5.5,0,0,8
AINZL473,New Zealand,Moana Uta (Wet Jacket Arm) Marine Reserve,43.9,9,4,0,2,16.9,4.0,0,0,8
AINZL474,New Zealand,Te Tapuwae o Hua (Long Sound) Marine Reserve,41.5,11,4,0,2,14.5,4.0,0,0,8
AINZL475,New Zealand,Te Hapua (Sutherland Sound) Marine Reserve,43.9,9,4,0,2,16.9,4.0,0,0,8
AINZL476,New Zealand,Kahukura (Gold Arm) Marine Reserve,43.9,9,4,0,2,16.9,4.0,0,0,8
AINZL477,New Zealand,Kutu Parera (Gaer Arm) Marine Reserve,42.4,10,4,0,2,15.4,4.0,0,0,8
AINZL478,New Zealand,Taipari Roa (Elizabeth Island) Marine Reserve,42.4,10,4,0,2,15.4,4.0,0,0,8
AINZL479,New Zealand,Te Angiangi Marine Reserve,52.7,15,7,0,2,17.7,7.0,0,0,10
AINZL48,New Zealand,Motuore Point Conservation Area,20.8,2,0,1,1,15.8,0.0,0,0,5
AINZL480,New Zealand,Te Tapuwae o Rongokako Marine Reserve,43.9,9,4,0,2,16.9,4.0,0,0,8
AINZL481,New Zealand,Horoirangi Marine Reserve,43.9,9,4,0,2,16.9,4.0,0,0,8
AINZL482,New Zealand,Westhaven (Te Tai Tapu) Marine Reserve,43.9,9,4,0,2,16.9,4.0,0,0,8
AINZL483,New Zealand,Tonga Island Marine Reserve,43.9,9,4,0,2,16.9,4.0,0,0,8
AINZL484,New Zealand,Long Island - Kokomohua Marine Reserve,43.9,9,4,0,2,16.9,4.0,0,0,8
AINZL486,New Zealand,Moutere Mahue/Antipodes Island Marine Reserve,43.9,9,4,0,2,16.9,4.0,0,0,8
AINZL488,New Zealand,Moutere Hauriri/Bounty Islands Marine Reserve,43.9,9,4,0,2,16.9,4.0,0,0,8
AINZL49,New Zealand,Conservation Area - Old Town of Ohiwa,20.8,2,0,1,1,15.8,0.0,0,0,5
AINZL490,New Zealand,Moutere Ihupuku/Campbell Island Marine Reserve,43.9,9,4,0,2,16.9,4.0,0,0,8
AINZL491,New Zealand,Akaroa Marine Reserve,43.9,9,4,0,2,16.9,4.0,0,0,8
AINZL492,New Zealand,Hikurangi Marine Reserve,43.9,9,4,0,2,16.9,4.0,0,0,8
AINZL493,New Zealand,Hautai Marine Reserve,43.9,9,4,0,2,16.9,4.0,0,0,8
AINZL494,New Zealand,Kahurangi Marine Reserve,43.9,9,4,0,2,16.9,4.0,0,0,8
AINZL495,New Zealand,Punakaiki Marine Reserve,43.9,9,4,0,2,16.9,4.0,0,0,8
AINZL496,New Zealand,Waiau Glacier Coast Marine Reserve,43.9,9,4,0,2,16.9,4.0,0,0,8
AINZL497,New Zealand,Tauparikākā Marine Reserve,43.9,9,4,0,2,16.9,4.0,0,0,8
AINZL50,New Zealand,Conservation Area - Waiotahi,20.8,2,0,1,1,15.8,0.0,0,0,5
AINZL501,New Zealand,Poor Knights Islands Marine Reserve,56.9,9,5,1,2,23.9,7.0,0,0,8
AINZL502,New Zealand,Auckland Islands Nature Reserve,35.2,4,1,1,1,16.2,1.0,0,0,8
AINZL503,New Zealand,Subantarctic Islands National Reserves,38.5,5,1,1,0,12.9,7.5,0,0,8
AINZL504,New Zealand,Kahurangi National Park,42.5,8,1,5,2,24.5,1.0,0,0,7
AINZL505,New Zealand,Rakiura National Park,42.5,8,1,5,2,24.5,1.0,0,0,7
AINZL506,New Zealand,Pembroke Wilderness Area,43.0,3,2,0,1,24.5,1.5,0,0,7
AINZL507,New Zealand,Breaksea Island Special Area,42.5,8,1,5,2,24.5,1.0,0,0,7
AINZL508,New Zealand,Solander Island Special Area,42.5,8,1,5,2,24.5,1.0,0,0,7
AINZL509,New Zealand,Glaisnock Wilderness Area,43.0,3,2,0,1,24.5,1.5,0,0,7
AINZL51,New Zealand,Pauanui Conservation Area,20.8,2,0,1,1,15.8,0.0,0,0,5
AINZL510,New Zealand,Fiordland National Park,42.5,8,1,5,2,24.5,1.0,0,0,7
AINZL511,New Zealand,Abel Tasman National Park,42.5,8,1,5,2,24.5,1.0,0,0,7
AINZL512,New Zealand,Westland Tai Poutini National Park,42.5,8,1,5,2,24.5,1.0,0,0,7
AINZL513,New Zealand,Poor Knights Islands Nature Reserve,43.9,9,4,0,2,16.9,4.0,0,0,8
AINZL515,New Zealand,Kermadec Islands Nature Reserve (All Islands),11.2,9,0,0,1,2.7,4.5,0,0,4
AINZL52,New Zealand,Egg Island Crown Land,20.8,2,0,1,1,15.8,0.0,0,0,5
AINZL523,New Zealand,Farewell Spit Nature Reserve,27.7,5,1,0,0,7.7,2.0,0,0,8
AINZL524,New Zealand,Unnamed Recreation Reserve,31.5,4,0,3,1,24.5,0.0,0,0,7
AINZL525,New Zealand,Unnamed Recreation Reserve,31.5,4,0,3,1,24.5,0.0,0,0,7
AINZL526,New Zealand,Unnamed Recreation Reserve,31.5,4,0,3,1,24.5,0.0,0,0,7
AINZL527,New Zealand,Motuopuhi Island Recreation Reserve,31.5,4,0,3,1,24.5,0.0,0,0,7
AINZL528,New Zealand,Kutarere Recreation Reserve,31.5,4,0,3,1,24.5,0.0,0,0,7
AINZL529,New Zealand,Ohiwa Recreation Reserve,31.5,4,0,3,1,24.5,0.0,0,0,7
AINZL53,New Zealand,Aorangi Forest Park,20.8,2,0,1,1,15.8,0.0,0,0,5
AINZL530,New Zealand,Thornton Beach Park Recreation Reserve,31.5,4,0,3,1,24.5,0.0,0,0,7
AINZL531,New Zealand,Recreation Reserve - Thornton,31.5,4,0,3,1,24.5,0.0,0,0,7
AINZL532,New Zealand,Ōhope Recreation Reserve,31.5,4,0,3,1,24.5,0.0,0,0,7
AINZL533,New Zealand,Otao Domain Recreation Reserve,31.5,4,0,3,1,24.5,0.0,0,0,7
AINZL534,New Zealand,Recreation Reserve - Buffalo Beach,31.5,4,0,3,1,24.5,0.0,0,0,7
AINZL535,New Zealand,Opoutere Beach Recreation Reserve,31.5,4,0,3,1,24.5,0.0,0,0,7
AINZL536,New Zealand,Unnamed Recreation Reserve,31.5,4,0,3,1,24.5,0.0,0,0,7
AINZL537,New Zealand,Unnamed Recreation Reserve,31.5,4,0,3,1,24.5,0.0,0,0,7
AINZL538,New Zealand,Unnamed Recreation Reserve,31.5,4,0,3,1,24.5,0.0,0,0,7
AINZL539,New Zealand,Unnamed Recreation Reserve,31.5,4,0,3,1,24.5,0.0,0,0,7
AINZL54,New Zealand,Coastal Cliffs Conservation Area,20.8,2,0,1,1,15.8,0.0,0,0,5
AINZL540,New Zealand,Bowentown Recreation Reserve (Domain),31.5,4,0,3,1,24.5,0.0,0,0,7
AINZL541,New Zealand,Omokoroa Beach Domain Recreation Reserve,31.5,4,0,3,1,24.5,0.0,0,0,7
AINZL542,New Zealand,Unnamed Recreation Reserve,31.5,4,0,3,1,24.5,0.0,0,0,7
AINZL543,New Zealand,Unnamed Recreation Reserve,31.5,4,0,3,1,24.5,0.0,0,0,7
AINZL544,New Zealand,Unnamed Recreation Reserve,31.5,4,0,3,1,24.5,0.0,0,0,7
AINZL545,New Zealand,Tilby Point Recreation Reserve,31.5,4,0,3,1,24.5,0.0,0,0,7
AINZL546,New Zealand,Port Waikato Sand Dunes Recreation Reserve,31.5,4,0,3,1,24.5,0.0,0,0,7
AINZL547,New Zealand,Whangamatā Domain Recreation Reserve,31.5,4,0,3,1,24.5,0.0,0,0,7
AINZL548,New Zealand,Pauanui Point Recreation Reserve,31.5,4,0,3,1,24.5,0.0,0,0,7
AINZL549,New Zealand,Cathedral Cove Recreation Reserve,31.5,4,0,3,1,24.5,0.0,0,0,7
AINZL55,New Zealand,Lake Wairarapa Wetland Conservation Area,20.8,2,0,1,1,15.8,0.0,0,0,5
AINZL550,New Zealand,Mahurangi Island Recreation Reserve,31.5,4,0,3,1,24.5,0.0,0,0,7
AINZL551,New Zealand,Te Pupuha Recreation Reserve,31.5,4,0,3,1,24.5,0.0,0,0,7
AINZL552,New Zealand,Hot Water Beach Recreation Reserve,31.5,4,0,3,1,24.5,0.0,0,0,7
AINZL553,New Zealand,Hot Water Beach Domain Recreation Reserve,31.5,4,0,3,1,24.5,0.0,0,0,7
AINZL554,New Zealand,Moturiki Island Recreation Reserve,31.5,4,0,3,1,24.5,0.0,0,0,7
AINZL555,New Zealand,Mt Maunganui Domain Recreation Reserve,31.5,4,0,3,1,24.5,0.0,0,0,7
AINZL556,New Zealand,Unnamed Recreation Reserve,31.5,4,0,3,1,24.5,0.0,0,0,7
AINZL557,New Zealand,Papamoa Beach Recreation Reserve,31.5,4,0,3,1,24.5,0.0,0,0,7
AINZL558,New Zealand,Unnamed Recreation Reserve,31.5,4,0,3,1,24.5,0.0,0,0,7
AINZL559,New Zealand,Recreation Reserve - Papamoa Beach,31.5,4,0,3,1,24.5,0.0,0,0,7
AINZL56,New Zealand,Waikawa Conservation Area,20.8,2,0,1,1,15.8,0.0,0,0,5
AINZL560,New Zealand,Unnamed Recreation Reserve,31.5,4,0,3,1,24.5,0.0,0,0,7
AINZL562,New Zealand,Bounty Islands Nature Reserve,43.7,6,1,4,1,25.7,1.0,0,0,7
AINZL564,New Zealand,Unnamed Recreation Reserve,31.5,4,0,3,1,24.5,0.0,0,0,7
AINZL565,New Zealand,Unnamed Recreation Reserve,31.5,4,0,3,1,24.5,0.0,0,0,7
AINZL566,New Zealand,Unnamed Recreation Reserve,31.5,4,0,3,1,24.5,0.0,0,0,7
AINZL567,New Zealand,Bledisloe Park Recreation Reserve,31.5,4,0,3,1,24.5,0.0,0,0,7
AINZL568,New Zealand,Unnamed Local Purpose (Esplanade) Reserve,31.5,4,0,3,1,24.5,0.0,0,0,7
AINZL57,New Zealand,Accretion Conservation Area,20.8,2,0,1,1,15.8,0.0,0,0,5
AINZL570,New Zealand,Unnamed Recreation Reserve,31.5,4,0,3,1,24.5,0.0,0,0,7
AINZL572,New Zealand,Recreation Reserve (South Bay -Kaikōura),31.5,4,0,3,1,24.5,0.0,0,0,7
AINZL574,New Zealand,Recreation Reserve - Oyster Island,31.5,4,0,3,1,24.5,0.0,0,0,7
AINZL576,New Zealand,Waikawa Bay Recreation Reserve,31.5,4,0,3,1,24.5,0.0,0,0,7
AINZL577,New Zealand,Victoria Recreation Reserve - Picton,31.5,4,0,3,1,24.5,0.0,0,0,7
AINZL578,New Zealand,Waikawa Bay Foreshore Recreation Reserve,31.5,4,0,3,1,24.5,0.0,0,0,7
AINZL58,New Zealand,Papakanui Conservation Area,20.8,2,0,1,1,15.8,0.0,0,0,5
AINZL59,New Zealand,Oruawharo River Conservation Area,20.8,2,0,1,1,15.8,0.0,0,0,5
AINZL60,New Zealand,Okahukura Conservation Area,20.8,2,0,1,1,15.8,0.0,0,0,5
AINZL604,New Zealand,Whitiau Scientific Reserve,48.5,3,1,2,0,31.5,0.0,0,0,7
AINZL605,New Zealand,Koitiata Domain Recreation Reserve,31.5,4,0,3,1,24.5,0.0,0,0,7
AINZL606,New Zealand,Waitoetoe Recreation Reserve,31.5,4,0,3,1,24.5,0.0,0,0,7
AINZL609,New Zealand,Tokitoki Historic Reserve,28.6,6,0,4,2,21.6,0.0,0,0,7
AINZL61,New Zealand,South Head Conservation Area,20.8,2,0,1,1,15.8,0.0,0,0,5
AINZL613,New Zealand,Matata Recreation Reserve,31.5,4,0,3,1,24.5,0.0,0,0,7
AINZL616,New Zealand,Piripai Wildlife Management Reserve,29.2,3,0,2,1,22.2,0.0,0,0,7
AINZL619,New Zealand,Okorero - Thornton Lagoon Wildlife Management Reserve,29.2,3,0,2,1,22.2,0.0,0,0,7
AINZL62,New Zealand,Ti Tree Island Conservation Area,20.8,2,0,1,1,15.8,0.0,0,0,5
AINZL627,New Zealand,Kauri Point Historic Reserve,28.6,6,0,4,2,21.6,0.0,0,0,7
AINZL628,New Zealand,Unnamed Recreation Reserve,31.5,4,0,3,1,24.5,0.0,0,0,7
AINZL629,New Zealand,Unnamed Recreation Reserve,31.5,4,0,3,1,24.5,0.0,0,0,7
AINZL63,New Zealand,Kahuparere Conservation Area,20.8,2,0,1,1,15.8,0.0,0,0,5
AINZL635,New Zealand,Miranda Taramaire Government Purpose Reserve Wildlife Management Reserve,29.2,3,0,2,1,22.2,0.0,0,0,7
AINZL64,New Zealand,Waikato Heads Conservation area,20.8,2,0,1,1,15.8,0.0,0,0,5
AINZL641,New Zealand,Otautu Pa Historic Reserve,28.6,6,0,4,2,21.6,0.0,0,0,7
AINZL642,New Zealand,Harataonga Recreation Reserve,31.5,4,0,3,1,24.5,0.0,0,0,7
AINZL643,New Zealand,Snares Islands Nature Reserve,43.7,6,1,4,1,25.7,1.0,0,0,7
AINZL644,New Zealand,Kupe's Sail Rock Recreation Reserve,31.5,4,0,3,1,24.5,0.0,0,0,7
AINZL645,New Zealand,Repanga (Cuvier) Island Nature Reserve,43.7,6,1,4,1,25.7,1.0,0,0,7
AINZL646,New Zealand,Claris Recreation Reserve,31.5,4,0,3,1,24.5,0.0,0,0,7
AINZL648,New Zealand,Red Bay Recreation Reserve,31.5,4,0,3,1,24.5,0.0,0,0,7
AINZL649,New Zealand,Kawhitu Island (Stanley) Nature Reserve,43.7,6,1,4,1,25.7,1.0,0,0,7
AINZL65,New Zealand,Conservation Area Pacific Ocean Foreshore Napenape,20.8,2,0,1,1,15.8,0.0,0,0,5
AINZL650,New Zealand,Double Island (Moturehu) Nature Reserve,43.7,6,1,4,1,25.7,1.0,0,0,7
AINZL652,New Zealand,Korapuki Island Scenic Reserve,7.6,6,0,0,1,2.6,0.0,0,0,5
AINZL653,New Zealand,Otama Sand Dunes Recreation Reserve,31.5,4,0,3,1,24.5,0.0,0,0,7
AINZL654,New Zealand,Waikawau Bay Farm Park Recreation Reserve,31.5,4,0,3,1,24.5,0.0,0,0,7
AINZL655,New Zealand,New Chums Recreation Reserve,31.5,4,0,3,1,24.5,0.0,0,0,7
AINZL656,New Zealand,Opera Point Historic Reserve,28.6,6,0,4,2,21.6,0.0,0,0,7
AINZL659,New Zealand,Otama Beach Recreation Reserve,31.5,4,0,3,1,24.5,0.0,0,0,7
AINZL66,New Zealand,Te Anina Point Conservation Area,20.8,2,0,1,1,15.8,0.0,0,0,5
AINZL660,New Zealand,Tauhoa Scientific Reserve,48.5,3,1,2,0,31.5,0.0,0,0,7
AINZL661,New Zealand,Manukapua Government Purpose (Wildlife Management) Reserve,29.2,3,0,2,1,22.2,0.0,0,0,7
AINZL67,New Zealand,Waipoua Forest (Pt Northland Conservation Park),20.8,2,0,1,1,15.8,0.0,0,0,5
AINZL673,New Zealand,Wainui Bay Recreation Reserve,31.5,4,0,3,1,24.5,0.0,0,0,7
AINZL674,New Zealand,Wainui Pilot Recreation Reserve,31.5,4,0,3,1,24.5,0.0,0,0,7
AINZL679,New Zealand,Whaanga Recreation Reserve,31.5,4,0,3,1,24.5,0.0,0,0,7
AINZL68,New Zealand,Kawerua Conservation Area,20.8,2,0,1,1,15.8,0.0,0,0,5
AINZL681,New Zealand,Cobourne Recreation Reserve,31.5,4,0,3,1,24.5,0.0,0,0,7
AINZL682,New Zealand,Paparahi Point Recreation Reserve,31.5,4,0,3,1,24.5,0.0,0,0,7
AINZL684,New Zealand,Taronui Bay Recreation Reserve,31.5,4,0,3,1,24.5,0.0,0,0,7
AINZL686,New Zealand,Pataua Island Recreation Reserve,31.5,4,0,3,1,24.5,0.0,0,0,7
AINZL687,New Zealand,Motukiore Island Recreation Reserve,31.5,4,0,3,1,24.5,0.0,0,0,7
AINZL688,New Zealand,Ruakākā Domain Recreation Reserve,31.5,4,0,3,1,24.5,0.0,0,0,7
AINZL69,New Zealand,Paxton Point Conservation Area,20.8,2,0,1,1,15.8,0.0,0,0,5
AINZL692,New Zealand,Waipu Cove Domain Recreation Reserve,31.5,4,0,3,1,24.5,0.0,0,0,7
AINZL693,New Zealand,Pahi Domain Recreation Reserve,31.5,4,0,3,1,24.5,0.0,0,0,7
AINZL695,New Zealand,Arai-Te-Uru Recreation Reserve,31.5,4,0,3,1,24.5,0.0,0,0,7
AINZL696,New Zealand,Te Paki Recreation Reserve,31.5,4,0,3,1,24.5,0.0,0,0,7
AINZL698,New Zealand,Simmonds Islands Nature Reserve,43.7,6,1,4,1,25.7,1.0,0,0,7
AINZL699,New Zealand,Ahipara Recreation Reserve,31.5,4,0,3,1,24.5,0.0,0,0,7
AINZL7,New Zealand,Tectonic Reach Benthic Protection Area,45.6,5,2,1,0,19.6,7.0,0,0,7
AINZL70,New Zealand,East Beach Conservation Area,20.8,2,0,1,1,15.8,0.0,0,0,5
AINZL700,New Zealand,Recreation Reserve Te Waipapa/Diamond Harbour,31.5,4,0,3,1,24.5,0.0,0,0,7
AINZL701,New Zealand,Otamahua/Quail Island Recreation Reserve,31.5,4,0,3,1,24.5,0.0,0,0,7
AINZL702,New Zealand,Sandy Bay Recreation Reserve,31.5,4,0,3,1,24.5,0.0,0,0,7
AINZL704,New Zealand,Clifton Recreation Reserve (located in Golden Bay),31.5,4,0,3,1,24.5,0.0,0,0,7
AINZL706,New Zealand,Waikuku Recreation Reserve,31.5,4,0,3,1,24.5,0.0,0,0,7
AINZL71,New Zealand,Waipapakauri Beach Conservation Area,20.8,2,0,1,1,15.8,0.0,0,0,5
AINZL710,New Zealand,South New Brighton Park Recreation Reserve,31.5,4,0,3,1,24.5,0.0,0,0,7
AINZL712,New Zealand,Bottlelake Beach Foreshore Recreation Reserve,31.5,4,0,3,1,24.5,0.0,0,0,7
AINZL714,New Zealand,Kawau Island Historic Reserve,32.2,5,0,4,1,25.2,0.0,0,0,7
AINZL715,New Zealand,Motuora Island Recreation Reserve,31.5,4,0,3,1,24.5,0.0,0,0,7
AINZL716,New Zealand,Omaha Taniko Wetlands Scientific Reserve,48.5,3,1,2,0,31.5,0.0,0,0,7
AINZL717,New Zealand,Motutapu Island Recreation Reserve,31.5,4,0,3,1,24.5,0.0,0,0,7
AINZL718,New Zealand,Rakino Island Recreation Reserve,31.5,4,0,3,1,24.5,0.0,0,0,7
AINZL719,New Zealand,Okura Bush Scenic Reserve,7.6,6,0,0,1,2.6,0.0,0,0,5
AINZL72,New Zealand,Conservation Area Pacific Ocean Foreshore Coopers Lagoon/Muriwai,20.8,2,0,1,1,15.8,0.0,0,0,5
AINZL720,New Zealand,Te Henga Recreation Reserve,31.5,4,0,3,1,24.5,0.0,0,0,7
AINZL721,New Zealand,Bream Islands Nature Reserve,43.7,6,1,4,1,25.7,1.0,0,0,7
AINZL722,New Zealand,Hen & Chicken Islands Nature Reserve,43.7,6,1,4,1,25.7,1.0,0,0,7
AINZL723,New Zealand,Ocean Beach Recreation Reserve,31.5,4,0,3,1,24.5,0.0,0,0,7
AINZL724,New Zealand,Bream Head Scenic Reserve,7.6,6,0,0,1,2.6,0.0,0,0,5
AINZL725,New Zealand,Tamateatai Point Scenic Reserve,7.6,6,0,0,1,2.6,0.0,0,0,5
AINZL726,New Zealand,Harata Historic Reserve,28.6,6,0,4,2,21.6,0.0,0,0,7
AINZL727,New Zealand,Motuarohia Island Recreation Reserve,31.5,4,0,3,1,24.5,0.0,0,0,7
AINZL728,New Zealand,Waewaetorea Island Recreation Reserve,31.5,4,0,3,1,24.5,0.0,0,0,7
AINZL729,New Zealand,Urupukapuka Island Recreation Reserve,31.5,4,0,3,1,24.5,0.0,0,0,7
AINZL73,New Zealand,Conservation Area Pacific Ocean Foreshore Kaitorete Spit,20.8,2,0,1,1,15.8,0.0,0,0,5
AINZL731,New Zealand,Te Toroa Scenic Reserve,7.6,6,0,0,1,2.6,0.0,0,0,5
AINZL732,New Zealand,Whangamumu Scenic Reserve,7.6,6,0,0,1,2.6,0.0,0,0,5
AINZL733,New Zealand,Tapeka Point Historic Reserve,32.2,5,0,4,1,25.2,0.0,0,0,7
AINZL734,New Zealand,Matauwhi Bay Recreation Reserve,31.5,4,0,3,1,24.5,0.0,0,0,7
AINZL735,New Zealand,Kahuwhera Pa Historic Reserve,32.2,5,0,4,1,25.2,0.0,0,0,7
AINZL736,New Zealand,Waikare Historic Reserve,32.2,5,0,4,1,25.2,0.0,0,0,7
AINZL737,New Zealand,Motu Kauri Island Scenic Reserve,7.6,6,0,0,1,2.6,0.0,0,0,5
AINZL738,New Zealand,Bland Bay Recreation Reserve,31.5,4,0,3,1,24.5,0.0,0,0,7
AINZL739,New Zealand,Whangaruru North Head Scenic Reserve,7.6,6,0,0,1,2.6,0.0,0,0,5
AINZL74,New Zealand,Conservation Area Kaitorete Spit,20.8,2,0,1,1,15.8,0.0,0,0,5
AINZL740,New Zealand,Ōakura Beach Domain Recreation Reserve,31.5,4,0,3,1,24.5,0.0,0,0,7
AINZL741,New Zealand,Motutapu Island Scenic Reserve,7.6,6,0,0,1,2.6,0.0,0,0,5
AINZL742,New Zealand,Akeake Historic Reserve,32.2,5,0,4,1,25.2,0.0,0,0,7
AINZL743,New Zealand,Taranaki Island Scenic Reserve,7.6,6,0,0,1,2.6,0.0,0,0,5
AINZL744,New Zealand,Motupapa Island Scenic Reserve,7.6,6,0,0,1,2.6,0.0,0,0,5
AINZL745,New Zealand,Walker Island Nature Reserve,43.7,6,1,4,1,25.7,1.0,0,0,7
AINZL746,New Zealand,Punahaere Government Purpose Wildlife Management Reserve,29.2,3,0,2,1,22.2,0.0,0,0,7
AINZL747,New Zealand,Hauparua Inlet Recreation Reserve,31.5,4,0,3,1,24.5,0.0,0,0,7
AINZL748,New Zealand,Akaroa Head Scenic Reserve,7.6,6,0,0,1,2.6,0.0,0,0,5
AINZL749,New Zealand,Maitai Bay Recreation Reserve,31.5,4,0,3,1,24.5,0.0,0,0,7
AINZL75,New Zealand,Waipapakauri Beach North Conservation Area,20.8,2,0,1,1,15.8,0.0,0,0,5
AINZL750,New Zealand,Paeroa-Knuckle Point Scenic Reserve,7.6,6,0,0,1,2.6,0.0,0,0,5
AINZL751,New Zealand,Rangikapiti Pa Historic Reserve,32.2,5,0,4,1,25.2,0.0,0,0,7
AINZL752,New Zealand,Taumarumaru Recreation Reserve,31.5,4,0,3,1,24.5,0.0,0,0,7
AINZL753,New Zealand,Mokau- Recreation Reserve,31.5,4,0,3,1,24.5,0.0,0,0,7
AINZL755,New Zealand,Kapiti Island Nature Reserve,43.7,6,1,4,1,25.7,1.0,0,0,7
AINZL756,New Zealand,Mana Island Scientific Reserve,41.5,4,1,2,1,24.5,0.0,0,0,7
AINZL758,New Zealand,Waikanae Estuary Scientific Reserve,41.5,4,1,2,1,24.5,0.0,0,0,7
AINZL76,New Zealand,Ahipara Conservation Area,20.8,2,0,1,1,15.8,0.0,0,0,5
AINZL760,New Zealand,Awakino River mouth- Recreation Reserve,31.5,4,0,3,1,24.5,0.0,0,0,7
AINZL761,New Zealand,Whitireia Recreation Reserve (known as Whitireia Park),31.5,4,0,3,1,24.5,0.0,0,0,7
AINZL763,New Zealand,Huikomako Scenic Reserve,7.6,6,0,0,1,2.6,0.0,0,0,5
AINZL764,New Zealand,Pakiri River Road Scenic Reserve,7.6,6,0,0,1,2.6,0.0,0,0,5
AINZL765,New Zealand,Motu Manawa Pollen Island Scientific Reserve,41.5,4,1,2,1,24.5,0.0,0,0,7
AINZL766,New Zealand,Kiritehere Recreation Reserve,31.5,4,0,3,1,24.5,0.0,0,0,7
AINZL767,New Zealand,Waiau Pa Historic Reserve,28.6,6,0,4,2,21.6,0.0,0,0,7
AINZL768,New Zealand,Motuihe Island Recreation Reserve,31.5,4,0,3,1,24.5,0.0,0,0,7
AINZL769,New Zealand,Matietie Historic Reserve,28.6,6,0,4,2,21.6,0.0,0,0,7
AINZL77,New Zealand,Āwhitu Conservation Area,20.8,2,0,1,1,15.8,0.0,0,0,5
AINZL771,New Zealand,Bastion Point Recreation Reserve,31.5,4,0,3,1,24.5,0.0,0,0,7
AINZL773,New Zealand,Turakirae Head Scientific Reserve,48.5,3,1,2,0,31.5,0.0,0,0,7
AINZL774,New Zealand,Mokohinau Islands Nature Reserve,43.7,6,1,4,1,25.7,1.0,0,0,7
AINZL775,New Zealand,Te Hauturu-o-Toi / Little Barrier Island Nature Reserve (Gift Area),43.7,6,1,4,1,25.7,1.0,0,0,7
AINZL776,New Zealand,Bushs Beach Recreation Reserve,31.5,4,0,3,1,24.5,0.0,0,0,7
AINZL777,New Zealand,Port Jackson Recreation Reserve,31.5,4,0,3,1,24.5,0.0,0,0,7
AINZL778,New Zealand,Fletcher Bay Recreation Reserve,31.5,4,0,3,1,24.5,0.0,0,0,7
AINZL779,New Zealand,Stony Bay Recreation Reserve,31.5,4,0,3,1,24.5,0.0,0,0,7
AINZL78,New Zealand,Uruti Bay Conservation Area,20.8,2,0,1,1,15.8,0.0,0,0,5
AINZL780,New Zealand,Pauatahanui Wildlife Reserve,29.2,3,0,2,1,22.2,0.0,0,0,7
AINZL781,New Zealand,Motunau Beach Recreation Reserve,31.5,4,0,3,1,24.5,0.0,0,0,7
AINZL782,New Zealand,Motunau Island Nature Reserve,43.7,6,1,4,1,25.7,1.0,0,0,7
AINZL784,New Zealand,Ripapa Island Historic Reserve,32.2,5,0,4,1,25.2,0.0,0,0,7
AINZL785,New Zealand,Pukerauaruhe Island Recreation Reserve,31.5,4,0,3,1,24.5,0.0,0,0,7
AINZL786,New Zealand,Horomaka Island Recreation Reserve,31.5,4,0,3,1,24.5,0.0,0,0,7
AINZL787,New Zealand,Takapūneke Historic Reserve,32.2,5,0,4,1,25.2,0.0,0,0,7
AINZL789,New Zealand,Britomart Historic Reserve,28.6,6,0,4,2,21.6,0.0,0,0,7
AINZL79,New Zealand,Motutokape Island Conservation Area,20.8,2,0,1,1,15.8,0.0,0,0,5
AINZL791,New Zealand,Onawe Pa Historic Reserve,28.6,6,0,4,2,21.6,0.0,0,0,7
AINZL792,New Zealand,Rocking Horse Road Recreation Reserve,31.5,4,0,3,1,24.5,0.0,0,0,7
AINZL796,New Zealand,Recreation Reserve Monks Bay,31.5,4,0,3,1,24.5,0.0,0,0,7
AINZL798,New Zealand,Recreation Reserve Cave Rock,31.5,4,0,3,1,24.5,0.0,0,0,7
AINZL799,New Zealand,Recreation Reserve Cave Rock,31.5,4,0,3,1,24.5,0.0,0,0,7
AINZL8,New Zealand,Norfolk Deep Benthic Protection Area,45.6,5,2,1,0,19.6,7.0,0,0,7
AINZL80,New Zealand,Balast Point Conservation Area,20.8,2,0,1,1,15.8,0.0,0,0,5
AINZL800,New Zealand,Recreation Reserve Stoddart Point,31.5,4,0,3,1,24.5,0.0,0,0,7
AINZL801,New Zealand,Manawatāwhi - Three Kings Islands Nature Reserve,43.7,6,1,4,1,25.7,1.0,0,0,7
AINZL802,New Zealand,Otukoro Historic Reserve,32.2,5,0,4,1,25.2,0.0,0,0,7
AINZL804,New Zealand,Motuopao Island Nature Reserve,43.7,6,1,4,1,25.7,1.0,0,0,7
AINZL809,New Zealand,Waimairi and Brighton Beaches Recreation Reserve,31.5,4,0,3,1,24.5,0.0,0,0,7
AINZL81,New Zealand,Waikino Forest (Pt Northland Conservation Park),20.8,2,0,1,1,15.8,0.0,0,0,5
AINZL810,New Zealand,Kairaki Domain Recreation Reserve,31.5,4,0,3,1,24.5,0.0,0,0,7
AINZL811,New Zealand,Recreation Reserve,31.5,4,0,3,1,24.5,0.0,0,0,7
AINZL812,New Zealand,Recreation Reserve - Waipapa Point,31.5,4,0,3,1,24.5,0.0,0,0,7
AINZL813,New Zealand,Waituna Wetlands Scientific Reserve,48.5,3,1,2,0,31.5,0.0,0,0,7
AINZL814,New Zealand,Curio Bay Scientific Reserve,48.5,3,1,2,0,31.5,0.0,0,0,7
AINZL815,New Zealand,Whero Rock Nature Reserve,43.7,6,1,4,1,25.7,1.0,0,0,7
AINZL816,New Zealand,Nature Reserve - Bench Island,43.7,6,1,4,1,25.7,1.0,0,0,7
AINZL82,New Zealand,Pirikawau Island Conservation Area,20.8,2,0,1,1,15.8,0.0,0,0,5
AINZL820,New Zealand,Tiwai Rocks Wildlife Management Reserve,29.2,3,0,2,1,22.2,0.0,0,0,7
AINZL83,New Zealand,Moturahurahu Island Conservation Area,20.8,2,0,1,1,15.8,0.0,0,0,5
AINZL830,New Zealand,W.D Lysnar Recreation Reserve,31.5,4,0,3,1,24.5,0.0,0,0,7
AINZL831,New Zealand,Waiotahi Recreation Reserve,31.5,4,0,3,1,24.5,0.0,0,0,7
AINZL832,New Zealand,Cape Kidnappers Nature Reserve,43.7,6,1,4,1,25.7,1.0,0,0,7
AINZL834,New Zealand,Whenua Hou Nature Reserve,43.7,6,1,4,1,25.7,1.0,0,0,7
AINZL835,New Zealand,Taia Historic Reserve,32.2,5,0,4,1,25.2,0.0,0,0,7
AINZL836,New Zealand,Mangere Island Nature Reserve,43.7,6,1,4,1,25.7,1.0,0,0,7
AINZL837,New Zealand,Rangatira Nature Reserve,43.7,6,1,4,1,25.7,1.0,0,0,7
AINZL838,New Zealand,Tipi Bay Recreation Reserve,31.5,4,0,3,1,24.5,0.0,0,0,7
AINZL84,New Zealand,Wainui Lake Conservation Area,20.8,2,0,1,1,15.8,0.0,0,0,5
AINZL840,New Zealand,Ship Cove Historic Reserve,28.6,6,0,4,2,21.6,0.0,0,0,7
AINZL841,New Zealand,Brothers Islands (South Group) Nature Reserve,43.7,6,1,4,1,25.7,1.0,0,0,7
AINZL842,New Zealand,Karaka Point Recreation Reserve,31.5,4,0,3,1,24.5,0.0,0,0,7
AINZL843,New Zealand,Whatamango Bay Recreation Reserve,31.5,4,0,3,1,24.5,0.0,0,0,7
AINZL844,New Zealand,Ruakākā Bay Recreation Reserve,31.5,4,0,3,1,24.5,0.0,0,0,7
AINZL845,New Zealand,Governors Bay Recreation Reserve,31.5,4,0,3,1,24.5,0.0,0,0,7
AINZL846,New Zealand,Momorangi Bay Recreation Reserve,31.5,4,0,3,1,24.5,0.0,0,0,7
AINZL847,New Zealand,Ngakuta Bay Recreation Reserve,31.5,4,0,3,1,24.5,0.0,0,0,7
AINZL848,New Zealand,Nydia Bay Recreation Reserve,31.5,4,0,3,1,24.5,0.0,0,0,7
AINZL849,New Zealand,Tom Shand Scientific Reserve,48.5,3,1,2,0,31.5,0.0,0,0,7
AINZL85,New Zealand,Ruawai Conservation Area,20.8,2,0,1,1,15.8,0.0,0,0,5
AINZL850,New Zealand,Tarakaipā Island Scenic Reserve,7.6,6,0,0,1,2.6,0.0,0,0,5
AINZL851,New Zealand,Tawhitinui Island Scenic Reserve,7.6,6,0,0,1,2.6,0.0,0,0,5
AINZL852,New Zealand,Chetwode Island Nature Reserve,43.7,6,1,4,1,25.7,1.0,0,0,7
AINZL853,New Zealand,Titi Island Nature Reserve,43.7,6,1,4,1,25.7,1.0,0,0,7
AINZL854,New Zealand,Waimaru Recreation & Scenic Reserve,7.6,6,0,0,1,2.6,0.0,0,0,5
AINZL855,New Zealand,Takapourewa Nature Reserve,43.7,6,1,4,1,25.7,1.0,0,0,7
AINZL857,New Zealand,Wharehunga Bay Recreation Reserve,31.5,4,0,3,1,24.5,0.0,0,0,7
AINZL86,New Zealand,Pouto Conservation Area,20.8,2,0,1,1,15.8,0.0,0,0,5
AINZL860,New Zealand,Tunoamai Point Scenic Reserve,7.6,6,0,0,1,2.6,0.0,0,0,5
AINZL863,New Zealand,Cable Bay Recreation Reserve,31.5,4,0,3,1,24.5,0.0,0,0,7
AINZL864,New Zealand,Boulder Bank Scenic Reserve,7.6,6,0,0,1,2.6,0.0,0,0,5
AINZL865,New Zealand,No Mans Island Nature Reserve,43.7,6,1,4,1,25.7,1.0,0,0,7
AINZL866,New Zealand,Raumanuka Scenic Reserve,7.6,6,0,0,1,2.6,0.0,0,0,5
AINZL867,New Zealand,Ōkiwi Bay & Moncrieff Scenic Reserve,7.6,6,0,0,1,2.6,0.0,0,0,5
AINZL868,New Zealand,Whangarae Bay Recreation Reserve,31.5,4,0,3,1,24.5,0.0,0,0,7
AINZL869,New Zealand,Otuhaereroa Island Scenic Reserve,7.6,6,0,0,1,2.6,0.0,0,0,5
AINZL87,New Zealand,Conservation Area Okains Bay,20.8,2,0,1,1,15.8,0.0,0,0,5
AINZL870,New Zealand,Ōkiwi Bay Recreation Reserve,31.5,4,0,3,1,24.5,0.0,0,0,7
AINZL871,New Zealand,Garne and Savill Bays Scenic Reserve,7.6,6,0,0,1,2.6,0.0,0,0,5
AINZL872,New Zealand,Round Hill Recreation Reserve,31.5,4,0,3,1,24.5,0.0,0,0,7
AINZL873,New Zealand,Deep Bay Scenic Reserve,7.6,6,0,0,1,2.6,0.0,0,0,5
AINZL874,New Zealand,French Pass Scenic Reserve,7.6,6,0,0,1,2.6,0.0,0,0,5
AINZL875,New Zealand,Hamilton Island Scenic Reserve,7.6,6,0,0,1,2.6,0.0,0,0,5
AINZL876,New Zealand,D'Urville Island Scenic Reserve,7.6,6,0,0,1,2.6,0.0,0,0,5
AINZL877,New Zealand,Wakaterepapanui Island Recreation Reserve,31.5,4,0,3,1,24.5,0.0,0,0,7
AINZL878,New Zealand,Kawau Pa Historic Reserve,28.6,6,0,4,2,21.6,0.0,0,0,7
AINZL879,New Zealand,Mokau River Scenic Reserve,7.6,6,0,0,1,2.6,0.0,0,0,5
AINZL88,New Zealand,Tokerau Beach Conservation Area,20.8,2,0,1,1,15.8,0.0,0,0,5
AINZL881,New Zealand,Recreation Reserve - Delaware Bay,31.5,4,0,3,1,24.5,0.0,0,0,7
AINZL882,New Zealand,Waiotahe Spit Historic Reserve,28.6,6,0,4,2,21.6,0.0,0,0,7
AINZL883,New Zealand,Waiotahe Spit Scenic Reserve,7.6,6,0,0,1,2.6,0.0,0,0,5
AINZL884,New Zealand,Whakamahi Lagoon Wildlife Reserve,29.2,3,0,2,1,22.2,0.0,0,0,7
AINZL886,New Zealand,Tataraimaka Pa Historic Reserve,28.6,6,0,4,2,21.6,0.0,0,0,7
AINZL887,New Zealand,Hukuwai Recreation Reserve,31.5,4,0,3,1,24.5,0.0,0,0,7
AINZL888,New Zealand,Ōpōtiki Recreation Reserve,31.5,4,0,3,1,24.5,0.0,0,0,7
AINZL89,New Zealand,Conservation Area - Mokau Estuary,20.8,2,0,1,1,15.8,0.0,0,0,5
AINZL891,New Zealand,Oruaiti Beach Recreation Reserve,31.5,4,0,3,1,24.5,0.0,0,0,7
AINZL892,New Zealand,Te Kuri a Paoa/Young Nick's Head National Historic Reserve,28.6,6,0,4,2,21.6,0.0,0,0,7
AINZL894,New Zealand,Ngamotu Lagoon Wildlife Reserve,29.2,3,0,2,1,22.2,0.0,0,0,7
AINZL896,New Zealand,Tawhirihoe Scientific Reserve,48.5,3,1,2,0,31.5,0.0,0,0,7
AINZL897,New Zealand,Mokau Scenic Reserve,7.6,6,0,0,1,2.6,0.0,0,0,5
AINZL9,New Zealand,Challenger North Benthic Protection Area,45.6,5,2,1,0,19.6,7.0,0,0,7
AINZL90,New Zealand,Cochranes Gap Conservation Area,20.8,2,0,1,1,15.8,0.0,0,0,5
AINZL902,New Zealand,Abel Tasman Scenic Reserve,7.6,6,0,0,1,2.6,0.0,0,0,5
AINZL904,New Zealand,"Scenic Reserve - Twidles Island, Havelock",7.6,6,0,0,1,2.6,0.0,0,0,5
AINZL906,New Zealand,Kokorua Open Scientific Reserve,41.5,4,1,2,1,24.5,0.0,0,0,7
AINZL908,New Zealand,Chancet Rock Scientific Reserve,41.5,4,1,2,1,24.5,0.0,0,0,7
AINZL909,New Zealand,Whites Bay Recreation Reserve,31.5,4,0,3,1,24.5,0.0,0,0,7
AINZL91,New Zealand,Turanga Creek Conservation Area,20.8,2,0,1,1,15.8,0.0,0,0,5
AINZL910,New Zealand,Rileys Lookout Nature Reserve,43.7,6,1,4,1,25.7,1.0,0,0,7
AINZL911,New Zealand,Otumatu Rocks Wildlife Sanctuary,50.1,6,4,1,1,25.1,1.0,0,0,9
AINZL92,New Zealand,Ocean Beach Conservation Area,20.8,2,0,1,1,15.8,0.0,0,0,5
AINZL920,New Zealand,Recreation Reserve,31.5,4,0,3,1,24.5,0.0,0,0,7
AINZL921,New Zealand,Collingwood- Scenic Reserve,7.6,6,0,0,1,2.6,0.0,0,0,5
AINZL922,New Zealand,Westhaven- Scenic Reserve,7.6,6,0,0,1,2.6,0.0,0,0,5
AINZL924,New Zealand,Kaiteriteri Recreation Reserve,31.5,4,0,3,1,24.5,0.0,0,0,7
AINZL925,New Zealand,Kaiteriteri Scenic Reserve,7.6,6,0,0,1,2.6,0.0,0,0,5
AINZL927,New Zealand,Recreation Reserve - Motueka Beach,31.5,4,0,3,1,24.5,0.0,0,0,7
AINZL929,New Zealand,Recreation Reserve,31.5,4,0,3,1,24.5,0.0,0,0,7
AINZL931,New Zealand,Pig Island Scenic Reserve,7.6,6,0,0,1,2.6,0.0,0,0,5
AINZL935,New Zealand,Taramea Bay Recreation Reserve,31.5,4,0,3,1,24.5,0.0,0,0,7
AINZL936,New Zealand,Rabbit Island Recreation Reserve,31.5,4,0,3,1,24.5,0.0,0,0,7
AINZL937,New Zealand,Haldane Recreation Reserve,31.5,4,0,3,1,24.5,0.0,0,0,7
AINZL938,New Zealand,Kinakina Island Scenic Reserve,7.6,6,0,0,1,2.6,0.0,0,0,5
AINZL94,New Zealand,Aotea Conservation Area,20.8,2,0,1,1,15.8,0.0,0,0,5
AINZL940,New Zealand,Papatowai Scenic Reserve,7.6,6,0,0,1,2.6,0.0,0,0,5
AINZL941,New Zealand,Tahakopa Bay Scenic Reserve,7.6,6,0,0,1,2.6,0.0,0,0,5
AINZL942,New Zealand,Pūrākaunui Bay Scenic Reserve,7.6,6,0,0,1,2.6,0.0,0,0,5
AINZL943,New Zealand,Long Point Scenic Reserve,7.6,6,0,0,1,2.6,0.0,0,0,5
AINZL944,New Zealand,Waitangiroto Nature Reserve,43.7,6,1,4,1,25.7,1.0,0,0,7
AINZL946,New Zealand,Abut Head Scenic Reserve,7.6,6,0,0,1,2.6,0.0,0,0,5
AINZL947,New Zealand,North Head Recreation Reserve,31.5,4,0,3,1,24.5,0.0,0,0,7
AINZL948,New Zealand,False Islet Recreation Reserve,31.5,4,0,3,1,24.5,0.0,0,0,7
AINZL95,New Zealand,Conservation Area Pacific Ocean Foreshore,20.8,2,0,1,1,15.8,0.0,0,0,5
AINZL951,New Zealand,Toko Mouth Recreation Reserve,31.5,4,0,3,1,24.5,0.0,0,0,7
AINZL954,New Zealand,Catlins Lake (Kuramea) Scenic Reserve,7.6,6,0,0,1,2.6,0.0,0,0,5
AINZL955,New Zealand,Hinahina Cove Scenic Reserve,7.6,6,0,0,1,2.6,0.0,0,0,5
AINZL957,New Zealand,Tuhawaiki Island Scenic Reserve,7.6,6,0,0,1,2.6,0.0,0,0,5
AINZL958,New Zealand,Tunnel Rocks Scenic Reserve,7.6,6,0,0,1,2.6,0.0,0,0,5
AINZL959,New Zealand,Catlins Heads Recreation Reserve,31.5,4,0,3,1,24.5,0.0,0,0,7
AINZL96,New Zealand,Conservation Area Pacific Ocean Foreshore Evesham,20.8,2,0,1,1,15.8,0.0,0,0,5
AINZL960,New Zealand,Hinahina Island Scenic Reserve,7.6,6,0,0,1,2.6,0.0,0,0,5
AINZL961,New Zealand,Manuka Point Scenic Reserve,7.6,6,0,0,1,2.6,0.0,0,0,5
AINZL962,New Zealand,Pounawea Recreation Reserve,31.5,4,0,3,1,24.5,0.0,0,0,7
AINZL963,New Zealand,Pounawea Scenic Reserve,7.6,6,0,0,1,2.6,0.0,0,0,5
AINZL964,New Zealand,Surat Bay Scenic Reserve,7.6,6,0,0,1,2.6,0.0,0,0,5
AINZL966,New Zealand,Saltwater Lagoon (Pouerua) Scenic Reserve,7.6,6,0,0,1,2.6,0.0,0,0,5
AINZL968,New Zealand,Southside Recreation Reserve,31.5,4,0,3,1,24.5,0.0,0,0,7
AINZL969,New Zealand,Green Recreation Reserve (Deborah Bay),31.5,4,0,3,1,24.5,0.0,0,0,7
AINZL97,New Zealand,Conservation Area Pacific Ocean Foreshore below Ella,20.8,2,0,1,1,15.8,0.0,0,0,5
AINZL970,New Zealand,Port Chalmers Town Belt Recreation Reserve,31.5,4,0,3,1,24.5,0.0,0,0,7
AINZL972,New Zealand,Goat Island/Rakiriri Scenic Reserve,7.6,6,0,0,1,2.6,0.0,0,0,5
AINZL973,New Zealand,Quarantine Island/Kamau Taurua Recreation Reserve,31.5,4,0,3,1,24.5,0.0,0,0,7
AINZL974,New Zealand,Karitane Recreation Reserve,31.5,4,0,3,1,24.5,0.0,0,0,7
AINZL976,New Zealand,Westwood Recreation Reserve (Pt),31.5,4,0,3,1,24.5,0.0,0,0,7
AINZL978,New Zealand,Karitane Foreshore Recreation Reserve,31.5,4,0,3,1,24.5,0.0,0,0,7
AINZL98,New Zealand,Conservation Area Pacific Ocean Foreshore Gum Tree Gully,20.8,2,0,1,1,15.8,0.0,0,0,5
AINZL981,New Zealand,Doctors Point Recreation Reserve,31.5,4,0,3,1,24.5,0.0,0,0,7
AINZL987,New Zealand,Te Ana o Matuku Historic Reserve,32.2,5,0,4,1,25.2,0.0,0,0,7
AINZL989,New Zealand,Recreation Reserve - Tauranga Bay,31.5,4,0,3,1,24.5,0.0,0,0,7
AINZL99,New Zealand,Conservation Area - Toetoes Harbour Spit,20.8,2,0,1,1,15.8,0.0,0,0,5
AINZL992,New Zealand,Recreation Reserve - Cape Foulwind,31.5,4,0,3,1,24.5,0.0,0,0,7
AINZL993,New Zealand,Okari Spit Scenic Reserve,7.6,6,0,0,1,2.6,0.0,0,0,5
AINZL994,New Zealand,Katiki Point Historic Reserve (Part),32.2,5,0,4,1,25.2,0.0,0,0,7
AINZL995,New Zealand,Matakaea Recreation Reserve,31.5,4,0,3,1,24.5,0.0,0,0,7
AINZL996,New Zealand,Washdyke lagoon Wildlife Sanctuary Reserve,43.7,6,3,1,1,20.7,0.0,0,0,8
AINZL997,New Zealand,Beach Road Foreshore Recreation Reserve,31.5,4,0,3,1,24.5,0.0,0,0,7
AINZL998,New Zealand,Bushy Beach Scenic Reserve,7.6,6,0,0,1,2.6,0.0,0,0,5
AINZLEEZ,New Zealand,New Zealand EEZ,7.8,6,0,0,2,2.3,1.5,0,0,4
AIPAN1,Panama,Panama EEZ,33.9,15,2,1,2,8.4,5.5,0,0,10
AIPAN19,Panama,Coiba National Park and its Special Zone of Marine Protection (SZMP)- Resource Management Zone,12.8,19,0,0,0,1.8,6.0,0,0,5
AIPAN23,Panama,Parque Nacional Coiba- Resource Management Zone: Longline Dorado Fishing Sub-Zone,20.9,5,0,1,0,8.4,2.5,0,0,10
AIPAN24,Panama,Parque Nacional Coiba- Marine Reserve Zone,8.2,3,0,0,0,1.8,1.5,0,0,5
AIPAN25,Panama,Parque Nacional Coiba- Transit Area,6.2,2,0,0,0,1.8,1.5,0,0,3
AIPAN27a,Panama,Área de Recursos Manejados Cordillera de Coiba - Zone 1: Marine Reserve,28.6,10,1,0,0,5.1,5.5,0,0,8
AIPAN27b,Panama,Área de Recursos Manejados Cordillera de Coiba - Zone 2: Commercial and Sport Fishing,30.4,18,1,2,0,6.9,5.5,0,0,8
AITKL1,New Zealand,Tokelau EEZ,54.0,23,12,0,3,19.0,8.0,0,0,7
AITKL2,New Zealand,Tokelau Territorial Sea,42.0,13,5,0,0,14.5,2.5,0,0,7
AIZAF1,South Africa,South Africa EEZ,26.5,5,1,0,0,7.0,2.5,0,0,7
AIZAF10,South Africa,Addo Elephant National Park Marine Protected Area - Sundays Inshore Controlled Zone,59.1,9,5,1,2,23.1,9.0,0,0,7
AIZAF100,South Africa,Robben Island Marine Protected Area - Robben Island Offshore Controlled Zone,41.0,5,2,1,1,20.0,4.0,0,0,7
AIZAF101,South Africa,Robben Island Marine Protected Area - Robben Island Restricted Zone,54.0,10,4,1,4,18.0,9.0,5,0,7
AIZAF102,South Africa,Robben Island,46.2,5,3,0,0,21.7,2.5,0,0,7
AIZAF103,South Africa,False Bay Seal Island Provincial Nature Reserve,36.9,4,2,0,0,18.4,1.5,0,0,7
AIZAF105,South Africa,Duikerklip Provincial Nature Reserve,36.9,4,2,0,0,18.4,1.5,0,0,7
AIZAF107,South Africa,False Bay Nature Reserve,36.9,4,2,0,0,18.4,1.5,0,0,7
AIZAF108,South Africa,Wolfgat Nature Reserve,36.9,4,2,0,0,18.4,1.5,0,0,7
AIZAF109,South Africa,Helderberg Marine Protected Area,41.1,3,2,0,0,21.6,2.5,0,0,7
AIZAF11,South Africa,Addo Elephant National Park Marine Protected Area - Sundays Inshore Restricted Zone,56.3,15,6,1,6,17.3,9.0,5,0,7
AIZAF110,South Africa,Kogelberg Biosphere Reserve,36.9,4,2,0,0,18.4,1.5,0,0,7
AIZAF112,South Africa,Betty's Bay Marine Protected Area,31.2,3,1,0,0,11.7,2.5,0,0,7
AIZAF115,South Africa,Rooisand Provincial Nature Reserve,36.9,4,2,0,0,18.4,1.5,0,0,7
AIZAF116,South Africa,Steenbras Nature Reserve,36.9,4,2,0,0,18.4,1.5,0,0,7
AIZAF118,South Africa,Walker Bay Whale Sanctuary Marine Protected Area,39.1,4,2,0,1,17.1,3.0,0,0,7
AIZAF119,South Africa,Walker Bay Whale Sanctuary Marine Protected Area - Walker Bay Whale Restricted Zone,8.0,1,0,0,1,3.5,2.5,0,0,2
AIZAF12,South Africa,Addo Elephant National Park Marine Protected Area - Sundays Offshore Controlled Zone,54.3,9,4,1,2,19.8,10.5,0,0,7
AIZAF120,South Africa,Walker Bay Whale Sanctuary Marine Protected Area - Walker Bay Whale Sanctuary Zone,39.1,4,2,0,1,17.1,3.0,0,0,7
AIZAF122,South Africa,Dyer Island Provincial Nature Reserve,6.3,3,0,0,1,2.3,0.0,0,0,4
AIZAF123,South Africa,Geyser Island Provincial Nature Reserve,6.3,3,0,0,1,2.3,0.0,0,0,4
AIZAF124,South Africa,Southeast Atlantic Seamounts Marine Protected Area,59.5,8,4,1,1,21.0,9.5,5,0,9
AIZAF125,South Africa,Southeast Atlantic Seamounts Marine Protected Area - Argentina Seamount Restricted Zone,43.3,8,2,1,4,13.8,7.5,5,0,7
AIZAF126,South Africa,Southeast Atlantic Seamounts Marine Protected Area - Protea Seamount (West) Controlled Zone,41.0,5,2,1,1,20.0,4.0,0,0,7
AIZAF127,South Africa,Southeast Atlantic Seamounts Marine Protected Area - Slope Seamount (East) Controlled Zone,41.0,5,2,1,1,20.0,4.0,0,0,7
AIZAF129,South Africa,Browns Bank Corals Marine Protected Area,66.6,12,7,2,2,24.1,10.5,5,0,9
AIZAF13,South Africa,Addo Elephant National Park Marine Protected Area - Sundays River Estuary Controlled Zone,62.0,11,6,2,2,25.0,10.0,0,0,7
AIZAF133,South Africa,De Mond Nature Reserve,39.5,5,2,1,0,21.0,1.5,0,0,7
AIZAF136,South Africa,Agulhas Muds Marine Protected Area,63.6,12,5,1,5,17.1,11.5,8,0,9
AIZAF137,South Africa,De Hoop Marine Protected Area,41.1,3,2,0,0,21.6,2.5,0,0,7
AIZAF138,South Africa,De Hoop Provincial Nature Reserve,36.9,4,2,0,0,18.4,1.5,0,0,7
AIZAF14,South Africa,Addo Elephant National Park Marine Protected Area - Sundays River Estuary Restricted Zone,51.5,12,4,1,5,15.5,9.0,5,0,7
AIZAF141,South Africa,Witsand Local Nature Reserve,36.9,4,2,0,0,18.4,1.5,0,0,7
AIZAF142,South Africa,Duivenhoksriviermond Private Nature Reserve,16.6,4,0,1,1,9.6,0.0,0,0,7
AIZAF143,South Africa,Mosselbankfontein Private Nature Reserve,16.6,4,0,1,1,9.6,0.0,0,0,7
AIZAF144,South Africa,Groot Dam Private Nature Reserve,16.6,4,0,1,1,9.6,0.0,0,0,7
AIZAF145,South Africa,Stilbaai Marine Protected Area,31.8,7,2,0,4,12.2,2.5,0,0,7
AIZAF146,South Africa,Stilbaai Marine Protected Area - Geelkrans Restricted Zone,38.3,4,2,0,1,18.8,2.5,0,0,7
AIZAF147,South Africa,Stilbaai Marine Protected Area - Goukou Estuarine Controlled Zone,31.8,7,2,0,4,12.2,2.5,0,0,7
AIZAF148,South Africa,Stilbaai Marine Protected Area - Goukou Estuarine Restricted Zone,41.2,3,1,1,0,22.8,1.5,0,0,7
AIZAF149,South Africa,Stilbaai Marine Protected Area - Skulpiesbaai Restricted Zone,41.2,3,1,1,0,22.8,1.5,0,0,7
AIZAF15,South Africa,Agulhas Bank Complex Marine Protected Area,57.8,7,3,2,1,23.8,5.0,5,0,9
AIZAF150,South Africa,Stilbaai Marine Protected Area - Stillbaai Controlled Zone,31.8,7,2,0,4,12.2,2.5,0,0,7
AIZAF151,South Africa,Geelkrans Nature Reserve,46.7,5,3,0,0,21.7,3.0,0,0,7
AIZAF153,South Africa,Vergaderingskop Private Nature Reserve,16.6,4,0,1,1,9.6,0.0,0,0,7
AIZAF154,South Africa,Groenkant Private Nature Reserve,16.6,4,0,1,1,9.6,0.0,0,0,7
AIZAF155,South Africa,Die Duine Private Nature Reserve,16.6,4,0,1,1,9.6,0.0,0,0,7
AIZAF156,South Africa,Mossel Bay Seal Island Provincial Nature Reserve,36.9,4,2,0,0,18.4,1.5,0,0,7
AIZAF158,South Africa,Garden Route National Park,54.6,13,10,1,1,27.1,2.5,0,0,7
AIZAF159,South Africa,Kleinbaai Private Nature Reserve,16.6,4,0,1,1,9.6,0.0,0,0,7
AIZAF16,South Africa,Agulhas Bank Complex Marine Protected Area - Agulhas Bank Complex Controlled Zone,49.3,6,3,1,1,21.3,4.0,0,0,9
AIZAF160,South Africa,Tsitsikamma Marine Protected Area,68.3,12,8,1,2,23.8,9.5,8,0,9
AIZAF161,South Africa,Tsitsikamma Marine Protected Area - Tsitsikamma Coastal Control Zone 1,42.5,16,4,3,7,16.0,2.5,0,0,9
AIZAF162,South Africa,Tsitsikamma Marine Protected Area - Tsitsikamma Coastal Control Zone 2,42.5,16,4,3,7,16.0,2.5,0,0,9
AIZAF163,South Africa,Tsitsikamma Marine Protected Area - Tsitsikamma Coastal Control Zone 3,42.5,16,4,3,7,16.0,2.5,0,0,9
AIZAF164,South Africa,Tsitsikamma Marine Protected Area - Tsitsikamma Restricted Zone,37.4,4,1,1,1,17.9,2.5,0,0,7
AIZAF165,South Africa,Oubos-Grootrivier Nature Reserve,36.9,4,2,0,0,18.4,1.5,0,0,7
AIZAF166,South Africa,Goukamma Marine Protected Area,31.2,3,1,0,0,11.7,2.5,0,0,7
AIZAF17,South Africa,Agulhas Bank Complex Marine Protected Area - Agulhas Bank Restricted Zone,43.4,9,2,1,4,12.4,9.0,5,0,7
AIZAF172,South Africa,Goukamma Provincial Nature Reserve,36.9,4,2,0,0,18.4,1.5,0,0,7
AIZAF173,South Africa,Knysna National Lake Area,39.8,5,2,0,2,15.8,5.0,0,0,7
AIZAF174,South Africa,Skuilte Private Nature Reserve,16.6,4,0,1,1,9.6,0.0,0,0,7
AIZAF175,South Africa,Featherbed Private Nature Reserve,16.6,4,0,1,1,9.6,0.0,0,0,7
AIZAF176,South Africa,Sinclair Nature Reserve,36.9,4,2,0,0,18.4,1.5,0,0,7
AIZAF178,South Africa,Robberg Marine Protected Area,31.2,3,1,0,0,11.7,2.5,0,0,7
AIZAF18,South Africa,Agulhas Bank Complex Marine Protected Area - Alphard Banks Controlled Pelagic Linefish Zone,53.5,8,5,0,2,19.5,7.0,0,0,9
AIZAF182,South Africa,Robberg Nature Reserve,36.9,4,2,0,0,18.4,1.5,0,0,7
AIZAF183,South Africa,Keurbooms River Nature Reserve,50.7,12,8,0,0,24.2,1.5,0,0,7
AIZAF184,South Africa,Buitenverwachting Private Nature Reserve,16.6,4,0,1,1,9.6,0.0,0,0,7
AIZAF185,South Africa,Annex Arch Rock Private Nature Reserve,16.6,4,0,1,1,9.6,0.0,0,0,7
AIZAF186,South Africa,Seekoei River Nature Reserve,34.0,6,2,0,0,14.0,3.0,0,0,7
AIZAF187,South Africa,Cape St. Francis Provincial Nature Reserve,36.9,4,2,0,0,18.4,1.5,0,0,7
AIZAF188,South Africa,Cape Recife Nature Reserve,36.9,4,2,0,0,18.4,1.5,0,0,7
AIZAF189,South Africa,Sardinia Bay Marine Protected Area,41.1,3,2,0,0,21.6,2.5,0,0,7
AIZAF19,South Africa,Orange Shelf Edge Marine Protected Area,63.5,12,5,2,4,20.0,8.5,8,0,9
AIZAF190,South Africa,Sylvic Nature Reserve,36.9,4,2,0,0,18.4,1.5,0,0,7
AIZAF191,South Africa,Huisklip Nature Reserve,36.9,4,2,0,0,18.4,1.5,0,0,7
AIZAF192,South Africa,Southwest Indian Seamount Marine Protected Area,65.3,8,5,1,1,23.8,9.5,5,0,9
AIZAF193,South Africa,Southwest Indian Seamounts Marine Protected Area - Natal Seamount Restricted Zone,35.0,6,1,0,4,8.5,4.5,5,0,7
AIZAF194,South Africa,Southwest Indian Seamounts Marine Protected Area - North Restricted Zone,35.0,6,1,0,4,8.5,4.5,5,0,7
AIZAF195,South Africa,Port Elizabeth Corals Marine Protected Area,62.6,15,7,2,2,20.1,10.5,5,0,9
AIZAF196,South Africa,Agulhas Front Marine Protected Area,62.8,11,5,1,4,18.3,9.5,8,0,9
AIZAF2,South Africa,South Africa Territorial Sea,27.8,4,1,0,0,8.3,2.5,0,0,7
AIZAF202,South Africa,Joan Muirhead Nature Reserve,36.9,4,2,0,0,18.4,1.5,0,0,7
AIZAF204,South Africa,Great Fish River Mouth Wetland Nature Reserve,36.9,4,2,0,0,18.4,1.5,0,0,7
AIZAF205,South Africa,Amathole Offshore Marine Protected Area,62.1,10,5,1,2,20.6,9.5,5,0,9
AIZAF206,South Africa,Amathole Marine Protected Area - Gxulu Offshore Controlled Pelagic Linefish Zone,44.6,13,4,1,3,13.6,7.0,0,0,9
AIZAF207,South Africa,Amathole Marine Protected Area - Gxulu Offshore Controlled Zone,49.3,6,3,1,1,21.3,4.0,0,0,9
AIZAF208,South Africa,Amathole Marine Protected Area - Gxulu Offshore Restricted Zone,45.4,9,2,1,4,12.4,11.0,5,0,7
AIZAF209,South Africa,Amathole Marine Protected Area - Kei Offshore Controlled Zone,50.5,6,3,1,1,22.5,4.0,0,0,9
AIZAF210,South Africa,Amathole Marine Protected Area - Kei Offshore Restricted Zone,45.4,9,2,1,4,12.4,11.0,5,0,7
AIZAF211,South Africa,Amathole Marine Protected Area,48.9,13,3,2,7,14.9,4.0,8,0,7
AIZAF212,South Africa,Gulu Nature Reserve,36.9,4,2,0,0,18.4,1.5,0,0,7
AIZAF213,South Africa,Nahoon Nature Reserve,36.9,4,2,0,0,18.4,1.5,0,0,7
AIZAF214,South Africa,Quenera Nature Reserve,36.9,4,2,0,0,18.4,1.5,0,0,7
AIZAF216,South Africa,Kwelera National Botanical Garden,9.0,4,0,0,0,3.5,1.5,0,0,4
AIZAF218,South Africa,Cape Henderson Nature Reserve,36.9,4,2,0,0,18.4,1.5,0,0,7
AIZAF219,South Africa,Dwesa-Cwebe Marine Protected Area,49.4,9,2,2,3,15.9,8.5,8,0,7
AIZAF22,South Africa,Orange River Mouth Nature Reserve,36.9,4,2,0,0,18.4,1.5,0,0,7
AIZAF220,South Africa,Dwesa-Cwebe Marine Protected Area - Northern Controlled Zone,52.1,11,5,1,4,19.6,3.5,0,0,9
AIZAF221,South Africa,Dwesa-Cwebe Marine Protected Area - Central Controlled Zone,53.7,10,5,1,3,21.2,3.5,0,0,9
AIZAF222,South Africa,Dwesa-Cwebe Marine Protected Area - Southern Controlled Zone,52.1,11,5,1,4,19.6,3.5,0,0,9
AIZAF223,South Africa,Dwesa-Cwebe Marine Protected Area - Northern Restricted Zone,30.4,3,1,0,1,13.4,0.0,0,0,7
AIZAF224,South Africa,Dwesa-Cwebe Marine Protected Area - Southern Restricted Zone,30.4,3,1,0,1,13.4,0.0,0,0,7
AIZAF225,South Africa,Dwesa-Cwebe Marine Protected Area - Offshore Restricted Zone,30.4,3,1,0,1,13.4,0.0,0,0,7
AIZAF226,South Africa,Dwesa-Cwebe Nature Reserve,36.9,4,2,0,0,18.4,1.5,0,0,7
AIZAF227,South Africa,Hluleka Marine Protected Area,41.1,3,2,0,0,21.6,2.5,0,0,7
AIZAF228,South Africa,Pondoland Marine Protected Area,33.9,5,2,0,2,14.4,2.5,0,0,7
AIZAF229,South Africa,Pondoland Marine Protected Area - Inshore Controlled Zone,28.1,3,1,0,1,11.1,0.0,0,0,7
AIZAF230,South Africa,Pondoland Marine Protected Area - Inshore Controlled Zone,28.1,3,1,0,1,11.1,0.0,0,0,7
AIZAF231,South Africa,Pondoland Marine Protected Area - Inshore Controlled Zone,28.1,3,1,0,1,11.1,0.0,0,0,7
AIZAF232,South Africa,Pondoland Marine Protected Area - Inshore Controlled Zone,28.1,3,1,0,1,11.1,0.0,0,0,7
AIZAF233,South Africa,Pondoland Marine Protected Area - Inshore Controlled Zone,28.1,3,1,0,1,11.1,0.0,0,0,7
AIZAF234,South Africa,Pondoland Marine Protected Area - Inshore Restricted Zone,49.0,6,3,1,1,22.5,2.5,0,0,9
AIZAF235,South Africa,Pondoland Marine Protected Area - Inshore Restricted Zone,49.0,6,3,1,1,22.5,2.5,0,0,9
AIZAF236,South Africa,Pondoland Marine Protected Area - Inshore Restricted Zone,49.0,6,3,1,1,22.5,2.5,0,0,9
AIZAF237,South Africa,Pondoland Marine Protected Area - Inshore Restricted Zone,49.0,6,3,1,1,22.5,2.5,0,0,9
AIZAF238,South Africa,Pondoland Marine Protected Area - Offshore Controlled Zone,28.1,3,1,0,1,11.1,0.0,0,0,7
AIZAF239,South Africa,Pondoland Marine Protected Area - Offshore Controlled Zone,28.1,3,1,0,1,11.1,0.0,0,0,7
AIZAF240,South Africa,Pondoland Marine Protected Area - Offshore Restricted Zone,52.8,5,3,1,0,26.2,2.5,0,0,9
AIZAF241,South Africa,Mpenjati Nature Reserve,40.9,9,3,0,0,14.4,4.5,0,0,7
AIZAF242,South Africa,Trafalgar Marine Protected Area,32.2,3,1,0,0,11.7,3.5,0,0,7
AIZAF244,South Africa,Protea Banks Marine Protected Area,66.1,11,5,2,2,21.6,9.5,8,0,9
AIZAF245,South Africa,Protea Banks Marine Protected Area - Protea Banks Controlled Zone,58.1,8,5,1,1,25.6,5.5,0,0,9
AIZAF246,South Africa,Protea Banks Marine Protected Area - Protea Banks Controlled-Pelagic Linefish Zone,54.8,14,7,1,2,19.2,8.5,0,0,9
AIZAF247,South Africa,Protea Banks Marine Protected Area - Protea Banks Restricted Zone,43.2,7,2,1,3,15.2,11.0,0,0,7
AIZAF248,South Africa,Aliwal Shoal Marine Protected Area,69.0,11,6,2,1,24.5,10.5,5,0,9
AIZAF25,South Africa,Namaqua Fossil Forest Marine Protected Area,61.9,15,8,2,3,21.9,8.0,5,0,9
AIZAF250,South Africa,Aliwal Shoal Marine Protected Area - Aliwal Shoal Offshore Controlled-Pelagic Linefish Zone,54.8,14,7,1,2,19.2,8.5,0,0,9
AIZAF251,South Africa,Aliwal Shoal Marine Protected Area - Aliwal Shoal Offshore Restricted Zone,55.6,9,3,1,4,16.1,12.5,5,0,7
AIZAF252,South Africa,Aliwal Shoal Marine Protected Area - Crown Offshore Restricted Zone,53.7,8,3,1,3,17.7,9.0,5,0,7
AIZAF253,South Africa,Aliwal Shoal Marine Protected Area - Green Point Inshore Restricted Zone,55.6,9,3,1,4,16.1,12.5,5,0,7
AIZAF254,South Africa,Aliwal Shoal Marine Protected Area - Illovo Offshore Controlled Zone,46.7,12,4,1,3,15.2,7.5,0,0,9
AIZAF255,South Africa,Aliwal Shoal Marine Protected Area - Produce Offshore Restricted Zone,53.7,8,3,1,3,17.7,9.0,5,0,7
AIZAF256,South Africa,Aliwal Shoal Marine Protected Area - Ngane Offshore Restricted Zone,55.6,9,3,1,4,16.1,12.5,5,0,7
AIZAF257,South Africa,Aliwal Shoal Marine Protected Area - Park Rynie Offshore Controlled Zone,56.0,7,4,1,2,24.5,7.5,0,0,9
AIZAF258,South Africa,Aliwal Shoal Marine Protected Area - Rocky Bay Inshore Restricted Zone,55.6,9,3,1,4,16.1,12.5,5,0,7
AIZAF259,South Africa,Aliwal Shoal Marine Protected Area - Scottburgh Inshore Controlled zone,56.0,7,4,1,2,24.5,7.5,0,0,9
AIZAF26,South Africa,Childs Bank Marine Protected Area,62.9,12,6,2,2,21.9,9.0,5,0,9
AIZAF260,South Africa,Aliwal Shoal Marine Protected Area - Umkomaas Inshore Controlled Zone,56.0,7,4,1,2,24.5,7.5,0,0,9
AIZAF261,South Africa,Beachwood Mangroves Nature Reserve,43.8,5,3,0,0,20.3,1.5,0,0,7
AIZAF262,South Africa,Umhlanga Lagoon Nature Reserve,44.0,6,3,0,0,19.0,3.0,0,0,7
AIZAF263,South Africa,uThukela Marine Protected Area,66.5,11,6,1,2,22.0,10.5,5,0,9
AIZAF264,South Africa,uThukela Marine Protected Area - Amatikulu Inshore Restricted Zone,47.1,9,2,1,5,12.6,12.5,5,0,7
AIZAF265,South Africa,uThukela Marine Protected Area - Mtunzini Inshore Controlled Zone,50.3,12,5,1,2,17.8,5.5,0,0,9
AIZAF266,South Africa,uThukela Marine Protected Area - uSetheni Inshore Restricted Zone,47.1,9,2,1,5,12.6,12.5,5,0,7
AIZAF267,South Africa,uThukela Marine Protected Area - uThukela Inshore Controlled Zone,50.3,12,5,1,2,17.8,5.5,0,0,9
AIZAF268,South Africa,uThukela Marine Protected Area - uThukela Offshore Controlled Commercial Zone,33.0,6,2,0,3,12.5,1.5,0,0,9
AIZAF269,South Africa,uThukela Marine Protected Area - uThukela Offshore Controlled Zone North,50.3,12,5,1,2,17.8,5.5,0,0,9
AIZAF27,South Africa,Namaqua National Park,54.6,13,10,1,1,27.1,2.5,0,0,7
AIZAF270,South Africa,uThukela Marine Protected Area - uThukela Offshore Controlled Zone South,50.3,12,5,1,2,17.8,5.5,0,0,9
AIZAF271,South Africa,uThukela Marine Protected Area - uThukela Offshore Controlled-Pelagic Linefish Zone,52.3,12,6,1,1,19.8,5.5,0,0,9
AIZAF272,South Africa,uThukela Marine Protected Area - uThukela Offshore Restricted Zone,47.1,9,2,1,5,12.6,12.5,5,0,7
AIZAF273,South Africa,Umlalazi Nature Reserve,43.8,5,3,0,0,20.3,1.5,0,0,7
AIZAF274,South Africa,Amatikulu Nature Reserve,43.8,5,3,0,0,20.3,1.5,0,0,7
AIZAF275,South Africa,Richards Bay Game Reserve,36.9,4,2,0,0,18.4,1.5,0,0,7
AIZAF276,South Africa,iSimangaliso Marine Protected Area,70.9,17,9,3,4,23.4,13.5,5,0,9
AIZAF277,South Africa,iSimangaliso Marine Protected Area - Kosi Controlled Zone,33.7,8,2,1,3,12.7,4.0,0,0,7
AIZAF278,South Africa,iSimangaliso Marine Protected Area - Bhanga Nek Controlled Zone,33.7,8,2,1,3,12.7,4.0,0,0,7
AIZAF279,South Africa,iSimangaliso Marine Protected Area - Black Rock Controlled Zone,33.7,8,2,1,3,12.7,4.0,0,0,7
AIZAF28,South Africa,Namaqua National Park Marine Protected Area,64.9,10,6,1,1,23.4,7.5,5,0,9
AIZAF280,South Africa,iSimangaliso Marine Protected Area - Mabibi Controlled Zone,33.7,8,2,1,3,12.7,4.0,0,0,7
AIZAF281,South Africa,iSimangaliso Marine Protected Area - Sodwana Controlled Zone,33.7,8,2,1,3,12.7,4.0,0,0,7
AIZAF282,South Africa,iSimangaliso Marine Protected Area - Cape Vidal Controlled Zone,35.2,7,2,1,3,14.2,4.0,0,0,7
AIZAF283,South Africa,iSimangaliso Marine Protected Area - St Lucia Controlled Zone,33.7,8,2,1,3,12.7,4.0,0,0,7
AIZAF284,South Africa,iSimangaliso Marine Protected Area - Lighthouse Controlled Zone,33.7,8,2,1,3,12.7,4.0,0,0,7
AIZAF285,South Africa,iSimangaliso Marine Protected Area - Adlams Controlled Catch and Release Zone,44.8,8,3,2,2,20.3,2.5,0,0,7
AIZAF286,South Africa,iSimangaliso Marine Protected Area - Leven Controlled Catch and Release Zone,44.8,8,3,2,2,20.3,2.5,0,0,7
AIZAF287,South Africa,iSimangaliso Marine Protected Area - Cape Vidal Controlled Catch and Release Zone,44.8,8,3,2,2,20.3,2.5,0,0,7
AIZAF288,South Africa,iSimangaliso Marine Protected Area - Mission Rocks Controlled Catch and Release Zone,44.8,8,3,2,2,20.3,2.5,0,0,7
AIZAF289,South Africa,iSimangaliso Marine Protected Area - First Rocks Controlled Catch and Release Zone,44.8,8,3,2,2,20.3,2.5,0,0,7
AIZAF29,South Africa,Namaqua National Park Marine Protected Area - Abjoel Inshore Controlled Zone,52.2,7,4,1,1,24.2,4.0,0,0,9
AIZAF290,South Africa,iSimangaliso Marine Protected Area - Kosi Restricted Zone,51.9,9,3,1,4,16.9,8.0,5,0,7
AIZAF291,South Africa,iSimangaliso Marine Protected Area - Saxon Restricted Zone,51.9,9,3,1,4,16.9,8.0,5,0,7
AIZAF292,South Africa,iSimangaliso Marine Protected Area - Dog Point Restricted Zone,51.9,9,3,1,4,16.9,8.0,5,0,7
AIZAF293,South Africa,iSimangaliso Marine Protected Area - Lala Nek Restricted Zone,51.9,9,3,1,4,16.9,8.0,5,0,7
AIZAF294,South Africa,iSimangaliso Marine Protected Area - Nine Mile Restricted Zone,51.9,9,3,1,4,16.9,8.0,5,0,7
AIZAF295,South Africa,iSimangaliso Marine Protected Area - Msiki Restricted Zone,51.9,9,3,1,4,16.9,8.0,5,0,7
AIZAF296,South Africa,iSimangaliso Marine Protected Area - Perriers Restricted Zone,51.9,9,3,1,4,16.9,8.0,5,0,7
AIZAF297,South Africa,iSimangaliso Marine Protected Area - Railway Ledges Restricted Zone,51.9,9,3,1,4,16.9,8.0,5,0,7
AIZAF298,South Africa,iSimangaliso Marine Protected Area - iSimangaliso Inshore Wilderness Zone,48.6,8,3,1,3,18.6,8.0,0,0,7
AIZAF299,South Africa,iSimangaliso Marine Protected Area - iSimangaliso Offshore Controlled Pelagic Linefish Zone North,45.0,7,3,1,1,19.5,3.5,0,0,7
AIZAF3,South Africa,Addo-Elephant National Park,54.6,13,10,1,1,27.1,2.5,0,0,7
AIZAF30,South Africa,Namaqua National Park Marine Protected Area - Bamboeskamp Inshore Controlled Zone,52.2,7,4,1,1,24.2,4.0,0,0,9
AIZAF300,South Africa,iSimangaliso Marine Protected Area - iSimangaliso Offshore Controlled Pelagic Linefish Zone South,45.0,7,3,1,1,19.5,3.5,0,0,7
AIZAF301,South Africa,iSimangaliso Marine Protected Area - iSimangaliso Offshore Restricted Zone North,44.7,8,2,1,4,14.7,8.0,5,0,7
AIZAF302,South Africa,iSimangaliso Marine Protected Area - iSimangaliso Offshore Restricted Zone South,41.2,7,2,1,3,16.2,8.0,0,0,7
AIZAF303,South Africa,iSimangaliso Marine Protected Area - Sodwana Diving Restricted Zone,42.8,7,2,1,3,16.2,4.5,5,0,7
AIZAF304,South Africa,iSimangaliso Marine Protected Area - iSimangaliso Offshore Wilderness Zone,44.7,8,2,1,4,14.7,8.0,5,0,7
AIZAF305,South Africa,iSimangaliso Wetland Park,54.6,13,10,1,1,27.1,2.5,0,0,7
AIZAF306,South Africa,Coastal Forest Reserve,36.9,4,2,0,0,18.4,1.5,0,0,7
AIZAF309,South Africa,St. Lucia Marine Reserve,41.1,3,2,0,0,21.6,2.5,0,0,7
AIZAF31,South Africa,Namaqua National Park Marine Protected Area - Bitterrivier Inshore Restricted Zone,39.8,7,1,1,4,11.8,6.0,5,0,7
AIZAF313,South Africa,Maputaland Marine Reserve,41.1,3,2,0,0,21.6,2.5,0,0,7
AIZAF314,South Africa,Maphelane Nature Reserve,43.8,5,3,0,0,20.3,1.5,0,0,7
AIZAF315,South Africa,Sodwana Bay National Park,36.9,4,2,0,0,18.4,1.5,0,0,7
AIZAF316,South Africa,Agulhas National Park,54.6,13,10,1,1,27.1,2.5,0,0,7
AIZAF317,South Africa,Prince Edward Island Marine Protected Area,3.8,2,0,0,0,1.8,0.0,0,0,2
AIZAF318,South Africa,Prince Edward Island Marine Protected Area - Abyss Restricted Zone,41.2,7,2,1,3,15.2,5.0,0,4,7
AIZAF319,South Africa,Prince Edward Island Marine Protected Area - Africana II Rise Restricted Zone,41.2,7,2,1,3,15.2,5.0,0,4,7
AIZAF32,South Africa,Namaqua National Park Marine Protected Area - Boulderbaai Inshore Controlled Zone,52.2,7,4,1,1,24.2,4.0,0,0,9
AIZAF320,South Africa,Prince Edward Island Marine Protected Area - Prince Edward Island Controlled Zone,50.1,4,2,1,0,24.1,5.0,0,4,7
AIZAF321,South Africa,Prince Edward Island Marine Protected Area - Prince Edward Island Restricted Zone,41.2,7,2,1,3,15.2,5.0,0,4,7
AIZAF322,South Africa,Prince Edward Island Marine Protected Area - Prince Edward Island Sanctuary Zone,36.1,5,1,1,2,15.1,4.0,0,0,7
AIZAF323,South Africa,Prince Edward Island Marine Protected Area - Southwest Indian Ridge Restricted Zone,41.2,7,2,1,3,15.2,5.0,0,4,7
AIZAF324,South Africa,Prince Edward Island Special Nature Reserve,54.6,13,10,1,1,27.1,2.5,0,0,7
AIZAF325,South Africa,Sardinia Bay Nature Reserve,46.7,5,3,0,0,21.7,3.0,0,0,7
AIZAF33,South Africa,Namaqua National Park Marine Protected Area - Boulderbaai Inshore Restricted Zone,39.8,7,1,1,4,11.8,6.0,5,0,7
AIZAF34,South Africa,Namaqua National Park Marine Protected Area - Delwerskamp Inshore Controlled Zone,52.2,7,4,1,1,24.2,4.0,0,0,9
AIZAF35,South Africa,Namaqua National Park Marine Protected Area- Eiland Punt Inshore Controlled Zone,52.2,7,4,1,1,24.2,4.0,0,0,9
AIZAF36,South Africa,Namaqua National Park Marine Protected Area - Groenrivier Inshore Restricted Zone,39.8,7,1,1,4,11.8,6.0,5,0,7
AIZAF37,South Africa,Namaqua National Park Marine Protected Area - Jaar se Baai Inshore Restricted Zone,39.8,7,1,1,4,11.8,6.0,5,0,7
AIZAF38,South Africa,Namaqua National Park Marine Protected Area - Kwas se Baai Inshore Restricted Zone,39.8,7,1,1,4,11.8,6.0,5,0,7
AIZAF4,South Africa,Addo Elephant Marine Protected Area,69.0,19,15,2,1,29.0,6.0,5,0,9
AIZAF40,South Africa,Namaqua National Park Marine Protected Area - Namaqua National Park Offshore Restricted Zone,39.8,7,1,1,4,11.8,6.0,5,0,7
AIZAF41,South Africa,Namaqua National Park Marine Protected Area - Policeman’s helmet Inshore Controlled Zone,52.2,7,4,1,1,24.2,4.0,0,0,9
AIZAF43,South Africa,Benguela Muds Marine Protected Area,66.5,11,6,2,1,23.5,9.0,5,0,9
AIZAF45,South Africa,Bojaansklip Private Nature Reserve,16.6,4,0,1,1,9.6,0.0,0,0,7
AIZAF47,South Africa,Zeven Puts Private Nature Reserve,16.6,4,0,1,1,9.6,0.0,0,0,7
AIZAF48,South Africa,Doorspring Private Nature Reserve,16.6,4,0,1,1,9.6,0.0,0,0,7
AIZAF49,South Africa,Soopjeshoogte Private Nature Reserve,16.6,4,0,1,1,9.6,0.0,0,0,7
AIZAF5,South Africa,Addo Elephant National Park Marine Protected Area - Bird Island Offshore Restricted Zone,57.2,14,6,1,5,18.2,9.0,5,0,7
AIZAF50,South Africa,Lambert's Bay Penguin Island Provincial Nature Reserve,36.9,4,2,0,0,18.4,1.5,0,0,7
AIZAF51,South Africa,Steenboksfontein Private Nature Reserve,16.6,4,0,1,1,9.6,0.0,0,0,7
AIZAF55,South Africa,Cape Canyon Marine Protected Area - Cape Canyon Restricted Zone,62.1,13,5,2,4,18.6,8.5,8,0,9
AIZAF6,South Africa,Addo Elephant National Park Marine Protected Area - Cannon Rocks inshore Controlled Zone,54.3,9,4,1,2,19.8,10.5,0,0,7
AIZAF60,South Africa,Table Mountain National Park,6.3,3,0,0,1,2.3,0.0,0,0,4
AIZAF61,South Africa,Cape of Good Hope Nature Reserve,26.6,8,0,3,1,13.1,3.5,0,0,10
AIZAF62,South Africa,Table Mountain National Park Marine Protected Area,28.5,7,1,0,2,7.5,4.0,0,0,7
AIZAF63,South Africa,Table Mountain National Park Marine Protected Area - Karbonkelberg Restricted Zone,30.5,4,1,0,1,10.5,3.0,0,0,7
AIZAF64,South Africa,Table Mountain National Park Marine Protected Area - Castle Rock Restricted Zone,31.9,4,1,0,0,10.9,4.0,0,0,7
AIZAF65,South Africa,Table Mountain National Park Marine Protected Area - Boulders Restricted Zone,30.5,4,1,0,1,10.5,3.0,0,0,7
AIZAF66,South Africa,Table Mountain National Park Marine Protected Area - Cape of Good Hope Restricted Zone,30.5,4,1,0,1,10.5,3.0,0,0,7
AIZAF67,South Africa,Table Mountain National Park Marine Protected Area - Paulsberg Restricted Zone,30.5,4,1,0,1,10.5,3.0,0,0,7
AIZAF68,South Africa,Table Mountain National Park Marine Protected Area - St James Restricted Zone,30.5,4,1,0,1,10.5,3.0,0,0,7
AIZAF69,South Africa,The Lagoon 2 Private Nature Reserve,16.6,4,0,1,1,9.6,0.0,0,0,7
AIZAF7,South Africa,Addo Elephant National Park Marine Protected Area - Cannon Rocks Offshore Controlled Zone,54.3,9,4,1,2,19.8,10.5,0,0,7
AIZAF70,South Africa,Quoin Rock Provincial Nature Reserve,6.3,3,0,0,1,2.3,0.0,0,0,4
AIZAF71,South Africa,Paternoster Rocks Provincial Nature Reserve,36.9,4,2,0,0,18.4,1.5,0,0,7
AIZAF73,South Africa,Groot Paternoster Private Nature Reserve,16.6,4,0,1,1,9.6,0.0,0,0,7
AIZAF74,South Africa,Columbine Nature Reserve,36.9,4,2,0,0,18.4,1.5,0,0,7
AIZAF75,South Africa,Jacob's Rock Provincial Nature Reserve,36.9,4,2,0,0,18.4,1.5,0,0,7
AIZAF76,South Africa,SAS Saldanha Provincial Nature Reserve,36.9,4,2,0,0,18.4,1.5,0,0,7
AIZAF77,South Africa,Malgas Island Marine Protected Area,39.5,4,2,0,0,17.5,5.0,0,0,7
AIZAF78,South Africa,West Coast National Park,54.6,13,10,1,1,27.1,2.5,0,0,7
AIZAF8,South Africa,Addo Elephant National Park Marine Protected Area - Cape Padrone inshore Controlled Zone,63.6,12,8,1,2,26.1,10.5,0,0,7
AIZAF80,South Africa,Marcus Island Marine Protected Area,39.5,4,2,0,0,17.5,5.0,0,0,7
AIZAF81,South Africa,Jutten Island Marine Protected Area,39.5,4,2,0,0,17.5,5.0,0,0,7
AIZAF82,South Africa,Langebaan Lagoon Marine Protected Area,38.0,5,2,0,0,15.0,6.0,0,0,7
AIZAF83,South Africa,Langebaan Lagoon Marine Protected Area - Langebaan Lagoon Controlled Zone,6.6,4,0,0,0,2.6,0.0,0,0,4
AIZAF84,South Africa,Langebaan Lagoon Marine Protected Area - Langebaan Lagoon Restricted Zone,8.2,3,0,0,0,1.8,2.5,0,0,4
AIZAF85,South Africa,Langebaan Lagoon Marine Protected Area - Langebaan Lagoon Sanctuary Zone,33.4,2,1,0,0,18.4,0.0,0,0,5
AIZAF88,South Africa,Sixteen Mile Beach Marine Protected Area,39.5,4,2,0,0,17.5,5.0,0,0,7
AIZAF9,South Africa,Addo Elephant National Park Marine Protected Area - St Croix Island Offshore Restricted Zone,42.5,10,2,1,5,11.5,9.0,5,0,7
AIZAF90,South Africa,Jakkalsfontein Private Nature Reserve,16.6,4,0,1,1,9.6,0.0,0,0,7
AIZAF92,South Africa,Dassen Island Provincial Nature Reserve,32.3,3,1,0,0,12.8,2.5,0,0,7
AIZAF93,South Africa,Koeberg Private Nature Reserve,38.4,4,1,1,0,18.4,3.0,0,0,7
AIZAF94,South Africa,Seal Ledges Provincial Nature Reserve,3.8,2,0,0,0,1.8,0.0,0,0,2
AIZAF95,South Africa,Blaauwberg Nature Reserve,36.9,4,2,0,0,18.4,1.5,0,0,7
AIZAF97,South Africa,Robben island Marine Protected Area,67.7,11,7,1,2,24.7,9.0,5,0,9
AIZAF98,South Africa,Robben Island Marine Protected Area - Robben Island Inner Controlled Zone,41.0,5,2,1,1,20.0,4.0,0,0,7
AIZAF99,South Africa,Robben Island Marine Protected Area - Robben Island Middle Controlled Zone,41.0,5,2,1,1,20.0,4.0,0,0,7
